Well_ID,Operator,Region,Well_Type,Formation,Latitude,Longitude,Spud_Date,Completion_Date,TVD_Depth_m,Status,Initial_Production_boe_d,Current_Production_boe_d,Water_Cut_pct,Royalty_Rate_pct,Cumulative_Oil_bbl,Cumulative_Gas_mcf,Cumulative_Water_bbl
AB-100000,Suncor Energy,Grande Prairie,Oil Sands,Duvernay,55.5606,-118.768,2004-10-19,2005-01-16,392.3,Producing,42.8,0.2,74.5,39.7,256961.0,153.0,354509.0
AB-100001,Imperial Oil,Grande Prairie,Oil Sands,Viking,55.2739,-119.4535,2018-09-07,2018-10-09,1500.5,Abandoned,38.9,0.0,75.7,20.31,47227.0,2388.0,130120.0
AB-100002,Cenovus Energy,Grande Prairie,Gas,McMurray,55.0494,-118.9799,2019-02-26,2019-04-25,2316.9,Producing,77.8,29.9,51.6,33.32,1784.0,4991.0,1214.0
AB-100003,Suncor Energy,Athabasca,Oil,Duvernay,57.9306,-111.7019,2008-03-17,2008-08-14,565.9,Suspended,55.3,0.0,50.1,3.48,213177.0,641.0,251121.0
AB-100004,Imperial Oil,Medicine Hat,Oil,Montney,50.421,-110.8222,2011-03-01,2011-03-20,2846.8,Producing,90.4,3.1,54.8,25.82,298676.0,576.0,290638.0
AB-100005,Athabasca Oil Corp,Peace River,Oil Sands,Cardium,56.6948,-116.6195,2022-05-06,2022-06-17,1813.3,Abandoned,72.8,0.0,65.8,9.89,70491.0,407.0,176837.0
AB-100006,Crescent Point Energy,Medicine Hat,Oil,Colorado Group,50.1575,-110.8661,2016-10-12,2017-03-27,1687.1,Producing,95.9,7.9,58.2,20.39,189553.0,162.0,83212.0
AB-100007,Suncor Energy,Athabasca,Gas,Duvernay,57.5859,-110.9789,2023-06-23,2023-09-13,3524.3,Producing,128.4,77.6,31.8,32.14,754.0,4127.0,1260.0
AB-100008,Crescent Point Energy,Grande Prairie,Gas,Montney,55.3421,-119.4834,2016-04-07,2016-06-12,1699.6,Producing,116.2,5.3,60.8,28.14,1143.0,229.0,3417.0
AB-100009,Suncor Energy,Peace River,Oil Sands,Colorado Group,56.1887,-117.2211,2013-03-20,2013-09-02,1883.3,Producing,120.0,2.0,68.1,12.07,329896.0,116.0,531515.0
AB-100010,Cenovus Energy,Lloydminster,Oil,Duvernay,52.9346,-109.7015,2018-04-24,2018-09-13,2407.1,Producing,158.0,27.0,81.3,39.18,310933.0,120.0,387177.0
AB-100011,Baytex Energy,Athabasca,Oil,Viking,56.4881,-110.9163,2000-01-17,2000-07-07,2410.5,Orphan,59.6,0.0,98.0,13.36,276707.0,15.0,499004.0
AB-100012,Imperial Oil,Peace River,Oil Sands,McMurray,56.5701,-117.4028,2019-07-02,2019-11-20,2540.2,Suspended,69.8,0.0,21.1,32.59,153457.0,154.0,253832.0
AB-100013,Whitecap Resources,Medicine Hat,Gas,Duvernay,50.3571,-110.488,1999-02-23,1999-06-03,2410.3,Producing,46.0,1.7,,33.29,1358.0,178.0,3946.0
AB-100014,Cenovus Energy,Medicine Hat,Gas,Bakken,49.8362,-110.7749,2020-08-20,2021-01-25,1810.6,Producing,99.3,20.0,68.4,38.54,4180.0,937.0,3210.0
AB-100015,Imperial Oil,Cold Lake,Oil,Montney,54.1918,-110.4343,2010-05-01,2010-05-31,2962.9,Producing,295.9,4.7,73.6,14.33,806146.0,209.0,446786.0
AB-100016,Canadian Natural Resources,Grande Prairie,Heavy Oil,Cardium,54.8137,-118.7366,2001-01-05,2001-02-11,1572.9,Producing,106.9,0.0,98.0,37.81,931049.0,249.0,2292768.0
AB-100017,Canadian Natural Resources,Grande Prairie,Heavy Oil,Cardium,54.9028,-118.6888,2009-03-01,2009-08-23,2448.4,Suspended,30.1,0.0,49.6,26.57,117318.0,78.0,251102.0
AB-100018,Whitecap Resources,Athabasca,Gas,McMurray,57.2401,-110.9607,2008-08-04,2008-09-08,1835.5,Producing,104.1,1.6,83.4,23.64,4336.0,299.0,9259.0
AB-100019,Crescent Point Energy,Peace River,Gas,Duvernay,56.1031,-116.5974,2013-09-22,2014-02-24,2054.1,Abandoned,52.3,0.0,44.5,18.49,1466.0,7279.0,1741.0
AB-100020,Crescent Point Energy,Lloydminster,Oil,Clearwater,53.2749,-109.6473,2007-10-07,2008-03-11,337.0,Abandoned,328.1,0.0,59.3,28.34,993416.0,343.0,516220.0
AB-100021,Athabasca Oil Corp,Peace River,Heavy Oil,Bakken,56.5813,-116.6369,2014-07-25,2014-09-22,2410.8,Suspended,10.7,0.0,81.4,19.28,20325.0,33.0,12618.0
AB-100022,Obsidian Energy,Athabasca,Gas,Colorado Group,57.7026,-111.6437,2014-09-24,2015-03-18,1956.9,Producing,67.4,5.0,49.2,18.73,3138.0,11031.0,1326.0
AB-100023,Crescent Point Energy,Medicine Hat,Oil,Bakken,50.119,-110.7039,2001-10-08,2001-12-21,1928.3,Producing,90.7,7.6,96.3,36.53,718420.0,636.0,2057886.0
AB-100024,Crescent Point Energy,Athabasca,Heavy Oil,Clearwater,57.0456,-110.6009,2010-05-23,2010-07-09,1724.4,Orphan,263.6,0.0,38.7,3.48,664770.0,206.0,1158517.0
AB-100025,Baytex Energy,Peace River,Heavy Oil,Cardium,56.5554,-116.731,2007-03-17,2007-06-24,1460.9,Producing,74.3,8.3,62.1,5.43,411622.0,1498.0,701746.0
AB-100026,Cenovus Energy,Peace River,Heavy Oil,Colorado Group,56.3078,-116.6836,2022-01-16,2022-03-18,2777.8,Suspended,46.9,0.0,38.5,25.83,53685.0,216.0,95457.0
AB-100027,Baytex Energy,Grande Prairie,Oil Sands,Colorado Group,55.0384,-118.9764,2001-10-24,2002-04-01,1482.3,Producing,94.2,2.5,61.1,3.96,404837.0,17.0,261413.0
AB-100028,Cenovus Energy,Grande Prairie,Heavy Oil,Viking,54.9455,-119.1543,2000-11-18,2001-02-01,,Producing,32.7,2.3,92.1,20.63,240917.0,52.0,640517.0
AB-100029,Obsidian Energy,Grande Prairie,Oil,Clearwater,55.445,-118.7517,2012-08-22,2012-09-19,1949.8,Producing,293.1,24.6,44.7,20.96,1057810.0,34.0,623436.0
AB-100030,Suncor Energy,Peace River,Oil Sands,Viking,56.3972,-117.3951,2007-07-25,2007-08-25,1347.4,Producing,25.2,0.1,81.2,4.39,124888.0,1458.0,183021.0
AB-100031,MEG Energy,Athabasca,Oil Sands,Montney,56.8436,-110.6505,2021-11-13,2022-03-28,2177.2,Producing,44.2,27.9,41.5,35.97,31406.0,41.0,53899.0
AB-100032,Cenovus Energy,Grande Prairie,Oil Sands,Viking,55.5978,-118.6034,2008-04-15,2008-09-10,1793.8,Suspended,100.1,0.0,50.1,9.0,630110.0,38.0,1441607.0
AB-100033,Baytex Energy,Medicine Hat,Oil,Bakken,50.002,-110.735,2001-11-03,2002-04-27,2247.0,Producing,402.3,3.0,98.0,1.11,1698734.0,220.0,2679835.0
AB-100034,Obsidian Energy,Peace River,Heavy Oil,Clearwater,56.3489,-116.5705,2009-02-14,2009-06-25,1918.8,Producing,72.3,13.6,53.4,32.02,236701.0,92.0,591598.0
AB-100035,Baytex Energy,Grande Prairie,Oil Sands,Clearwater,55.053,-118.9117,2005-07-08,2005-08-05,1576.7,Abandoned,8.2,0.0,98.0,3.6,34052.0,13.0,60125.0
AB-100036,Imperial Oil,Peace River,Oil,Duvernay,56.6277,-117.1651,2012-01-20,2012-07-07,1458.8,Producing,95.9,12.2,78.0,33.03,232476.0,1023.0,163844.0
AB-100037,MEG Energy,Lloydminster,Oil Sands,Duvernay,53.232,-109.7512,2001-10-11,2001-11-21,1488.8,Producing,77.8,3.2,80.5,23.86,490600.0,137.0,957124.0
AB-100038,Athabasca Oil Corp,Peace River,Oil Sands,Montney,56.9321,-116.9349,2021-05-08,2021-09-26,1975.2,Producing,23.9,9.5,47.5,5.42,40644.0,6688.0,55980.0
AB-100039,MEG Energy,Athabasca,Oil Sands,McMurray,56.5139,-110.8183,2000-04-25,2000-08-07,2166.8,Abandoned,209.2,0.0,65.4,7.88,1331621.0,16.0,1905681.0
AB-100040,Suncor Energy,Athabasca,Oil,Bakken,57.9512,-111.5836,2015-05-17,2015-08-20,1240.6,Orphan,57.5,0.0,40.6,36.02,120709.0,7009.0,57628.0
AB-100041,Athabasca Oil Corp,Cold Lake,Gas,Bakken,54.4195,-110.1915,2003-03-04,2003-07-25,,Producing,31.6,3.2,,33.75,4335.0,3596.0,6076.0
AB-100042,Obsidian Energy,Peace River,Oil,Bakken,56.2311,-116.8281,2019-09-15,2019-12-05,1900.3,Suspended,160.8,0.0,47.7,37.83,189980.0,12.0,101582.0
AB-100043,MEG Energy,Athabasca,Oil,McMurray,56.5197,-111.9602,2001-12-18,2002-01-03,1169.6,Abandoned,164.8,0.0,54.4,34.58,791872.0,54.0,2321197.0
AB-100044,Athabasca Oil Corp,Cold Lake,Gas,Clearwater,54.4526,-109.8102,2014-02-19,2014-03-19,2408.8,Producing,172.7,31.3,27.3,27.96,3416.0,3572.0,8542.0
AB-100045,Canadian Natural Resources,Cold Lake,Heavy Oil,Duvernay,54.4433,-110.044,2020-05-10,2020-08-18,2718.5,Producing,84.0,12.6,79.8,17.33,113614.0,319.0,193267.0
AB-100046,Cenovus Energy,Medicine Hat,Oil Sands,Clearwater,50.3166,-111.1338,2023-05-11,2023-07-04,,Suspended,59.6,0.0,33.5,19.87,36894.0,23.0,94897.0
AB-100047,Cenovus Energy,Peace River,Oil Sands,Montney,56.5968,-117.1658,2018-09-09,2018-11-02,1901.7,Suspended,37.9,0.0,71.1,11.61,79653.0,330.0,101528.0
AB-100048,Whitecap Resources,Athabasca,Oil,McMurray,58.3756,-111.331,2013-08-19,2013-09-10,2699.2,Suspended,124.0,0.0,65.7,2.72,434555.0,8.0,271776.0
AB-100049,MEG Energy,Peace River,Heavy Oil,McMurray,56.9244,-116.5289,2015-04-07,2015-09-14,1604.4,Producing,21.2,1.4,,18.2,53770.0,138.0,99236.0
AB-100050,Athabasca Oil Corp,Grande Prairie,Oil Sands,Viking,55.4326,-119.1812,2013-10-12,2014-03-01,1034.1,Orphan,7.9,0.0,68.6,1.37,15684.0,7307.0,16210.0
AB-100051,Baytex Energy,Medicine Hat,Oil Sands,Bakken,50.0924,-110.8629,2014-03-13,2014-08-16,1344.7,Producing,121.6,3.0,85.3,38.3,458745.0,39.0,458402.0
AB-100052,Cenovus Energy,Medicine Hat,Heavy Oil,Montney,50.2206,-110.477,2004-04-04,2004-06-16,2596.7,Producing,49.5,0.1,65.2,32.23,308016.0,172.0,589124.0
AB-100053,Athabasca Oil Corp,Peace River,Oil Sands,Bakken,56.3962,-116.7418,2021-03-03,2021-03-30,750.1,Producing,268.5,82.3,79.1,35.66,494999.0,356.0,1300730.0
AB-100054,Cenovus Energy,Athabasca,Gas,Cardium,57.3771,-111.8695,2012-06-08,2012-11-02,1831.9,Orphan,37.8,0.0,74.0,22.21,4322.0,3775.0,11429.0
AB-100055,Cenovus Energy,Peace River,Oil,McMurray,56.1604,-117.166,2018-10-04,2019-03-22,3011.9,Suspended,47.8,0.0,30.5,20.79,52663.0,82.0,56613.0
AB-100056,Baytex Energy,Athabasca,Oil,Viking,56.2896,-111.435,2010-03-16,2010-06-08,2630.5,Producing,53.9,6.8,66.3,37.94,160253.0,458.0,252984.0
AB-100057,Imperial Oil,Peace River,Oil Sands,Colorado Group,56.8524,-116.5099,2009-04-27,2009-09-13,2483.8,Producing,44.5,8.6,84.3,4.99,246433.0,24.0,424595.0
AB-100058,Canadian Natural Resources,Cold Lake,Oil,Bakken,54.6183,-110.339,2000-01-12,2000-04-27,2101.6,Abandoned,83.0,0.0,56.5,29.25,636335.0,252.0,1419215.0
AB-100059,Athabasca Oil Corp,Grande Prairie,Oil,Clearwater,55.1786,-118.5318,2014-05-08,2014-08-09,1598.4,Producing,105.9,7.4,,24.33,349777.0,20.0,338709.0
AB-100060,Baytex Energy,Athabasca,Gas,Clearwater,56.4021,-111.0227,1999-08-08,2000-01-08,3174.0,Producing,47.2,0.0,76.7,36.4,3621.0,1175.0,2092.0
AB-100061,Baytex Energy,Grande Prairie,Oil,McMurray,55.362,-118.9404,1998-02-01,1998-03-20,2105.7,Abandoned,43.6,0.0,86.2,27.15,381670.0,340.0,242511.0
AB-100062,Whitecap Resources,Medicine Hat,Oil,Duvernay,50.2316,-110.7096,2009-08-08,2009-11-22,1394.4,Abandoned,177.7,0.0,53.5,26.1,769330.0,85.0,356162.0
AB-100063,Cenovus Energy,Lloydminster,Gas,Clearwater,53.0876,-109.769,2011-04-13,2011-09-10,1943.2,Abandoned,105.2,0.0,29.6,17.32,1018.0,954.0,2615.0
AB-100064,Suncor Energy,Lloydminster,Gas,Viking,53.2363,-109.6801,2001-12-12,2002-05-01,1957.1,Producing,171.1,0.2,93.5,11.8,2962.0,27305.0,6751.0
AB-100065,Canadian Natural Resources,Grande Prairie,Oil,Cardium,55.5272,-119.3203,2011-02-23,2011-04-15,2766.1,Abandoned,108.8,0.0,,7.38,384332.0,211.0,1121255.0
AB-100066,MEG Energy,Lloydminster,Oil Sands,Duvernay,52.8054,-109.7881,2001-07-15,2001-08-29,1853.8,Producing,21.0,0.0,52.2,7.51,96741.0,92.0,249521.0
AB-100067,Canadian Natural Resources,Medicine Hat,Oil,McMurray,49.9441,-111.1105,1999-09-05,1999-10-09,3253.7,Producing,38.0,0.0,66.4,16.5,238461.0,39.0,513196.0
AB-100068,,Cold Lake,Oil,Viking,54.7785,-110.0939,2008-02-23,2008-04-15,2575.7,Producing,26.2,0.2,39.4,28.01,155379.0,186.0,255189.0
AB-100069,Imperial Oil,Athabasca,Oil Sands,Viking,56.076,-110.6036,1998-01-19,1998-03-05,2055.5,Suspended,33.3,0.0,87.3,31.51,223998.0,243.0,513811.0
AB-100070,Suncor Energy,Lloydminster,Gas,Colorado Group,53.2591,-109.552,1999-02-13,1999-03-22,2702.8,Producing,52.7,0.1,80.0,18.5,1188.0,428.0,591.0
AB-100071,Crescent Point Energy,Medicine Hat,Gas,Bakken,50.2498,-110.5925,2018-10-08,2018-12-09,1379.3,Abandoned,72.3,0.0,73.1,30.13,3577.0,1340.0,6108.0
AB-100072,Athabasca Oil Corp,Peace River,Heavy Oil,Clearwater,56.0076,-116.8525,2022-04-11,2022-06-15,1272.2,Producing,51.8,28.3,41.8,13.14,58308.0,34.0,82598.0
AB-100073,Obsidian Energy,Peace River,Oil Sands,Colorado Group,56.1232,-116.6406,2004-08-17,2004-10-12,2458.5,Abandoned,102.4,0.0,33.8,26.22,415643.0,276.0,529565.0
AB-100074,Obsidian Energy,Athabasca,Oil,McMurray,56.5922,-110.8292,2016-04-07,2016-07-19,1967.6,Producing,33.0,3.1,74.8,4.73,50898.0,932.0,90398.0
AB-100075,Suncor Energy,Medicine Hat,Oil,McMurray,50.2424,-111.1532,2000-07-21,2000-12-28,2936.4,Producing,160.6,1.1,87.1,4.1,674357.0,1707.0,1830418.0
AB-100076,Obsidian Energy,Athabasca,Oil,Duvernay,56.5666,-111.4675,2014-12-02,2014-12-21,1937.3,Producing,38.8,2.4,30.5,3.04,102687.0,8.0,191745.0
AB-100077,Athabasca Oil Corp,Lloydminster,Oil,Clearwater,52.9052,-109.717,2013-10-25,2014-01-02,,Suspended,178.1,0.0,76.5,39.71,767279.0,18.0,1348787.0
AB-100078,Imperial Oil,Lloydminster,Oil Sands,Viking,52.8558,-110.0201,1998-05-16,1998-07-07,1596.4,Producing,46.2,0.3,66.4,11.91,401818.0,257.0,735227.0
AB-100079,Cenovus Energy,Grande Prairie,Heavy Oil,Clearwater,55.5445,-119.3836,2000-08-10,2001-01-29,2781.5,Suspended,112.2,0.0,59.4,19.69,605565.0,178.0,1173101.0
AB-100080,Crescent Point Energy,Medicine Hat,Heavy Oil,Cardium,50.3805,-110.946,2003-09-13,2004-01-22,1757.6,Producing,25.9,1.0,92.9,11.83,191079.0,12.0,256704.0
AB-100081,Imperial Oil,Cold Lake,Heavy Oil,Duvernay,54.3678,-110.4593,2021-09-23,2021-12-29,2679.5,Producing,35.2,22.4,47.0,9.93,31570.0,1454.0,28292.0
AB-100082,Obsidian Energy,Grande Prairie,Oil Sands,Viking,55.4784,-118.7757,2000-07-27,2000-11-10,878.1,Producing,62.3,0.0,71.7,23.7,456661.0,295.0,535869.0
AB-100083,Crescent Point Energy,Lloydminster,Heavy Oil,Viking,53.3855,-109.6389,2001-01-03,2001-06-05,964.5,Producing,65.1,0.0,50.2,15.66,378758.0,41.0,583479.0
AB-100084,Crescent Point Energy,Lloydminster,Oil Sands,Colorado Group,52.8799,-110.1285,2006-01-02,2006-03-17,1661.5,Abandoned,47.4,0.0,72.0,18.55,190157.0,123.0,510122.0
AB-100085,Baytex Energy,Grande Prairie,Oil,Colorado Group,55.2098,-118.8198,2022-07-11,2022-12-01,2483.3,Producing,32.4,22.7,48.9,8.22,21653.0,55.0,12248.0
AB-100086,Canadian Natural Resources,Cold Lake,Heavy Oil,Cardium,54.0168,-110.4425,2005-08-25,2005-11-20,923.2,Producing,42.4,0.3,64.6,38.77,278027.0,1317.0,644966.0
AB-100087,Canadian Natural Resources,Cold Lake,Oil,Montney,54.2706,-109.8503,2022-08-27,2022-11-27,3059.5,Producing,54.6,22.6,62.0,34.59,64382.0,584.0,179053.0
AB-100088,Cenovus Energy,Lloydminster,Oil Sands,Colorado Group,52.9326,-109.5151,2011-07-23,2011-10-31,1220.1,Producing,151.2,2.6,77.5,20.05,403006.0,34.0,945894.0
AB-100089,Whitecap Resources,Peace River,Oil Sands,Cardium,56.2975,-116.935,2004-12-15,2005-01-23,559.2,Suspended,53.2,0.0,73.4,8.96,304340.0,41.0,693680.0
AB-100090,Obsidian Energy,Peace River,Gas,Colorado Group,56.6879,-117.1247,2001-06-10,2001-09-22,2018.7,Producing,88.9,0.1,73.9,19.34,2510.0,1936.0,5114.0
AB-100091,MEG Energy,Medicine Hat,Gas,Viking,50.2151,-110.8868,2005-07-21,2005-09-11,1140.9,Producing,18.2,1.2,35.6,9.79,3515.0,3367.0,1556.0
AB-100092,Athabasca Oil Corp,Medicine Hat,Heavy Oil,Duvernay,50.3635,-110.9841,2014-03-22,2014-09-04,2581.1,Suspended,37.2,0.0,18.6,17.93,74152.0,305.0,169534.0
AB-100093,Cenovus Energy,Medicine Hat,Oil Sands,Cardium,50.2498,-110.863,2013-11-15,2014-01-15,844.2,Abandoned,363.6,0.0,,1.94,1471628.0,25.0,1526507.0
AB-100094,Imperial Oil,Lloydminster,Heavy Oil,Colorado Group,53.2695,-110.1607,2023-03-05,2023-06-20,,Producing,5.3,1.9,39.9,36.47,5079.0,74.0,6993.0
AB-100095,Athabasca Oil Corp,Athabasca,Oil,Montney,58.3915,-111.8966,2019-12-07,2020-06-01,1557.7,Producing,62.8,10.6,59.7,34.27,61062.0,433.0,120487.0
AB-100096,Athabasca Oil Corp,Grande Prairie,Oil,McMurray,55.0522,-118.7281,2012-02-24,2012-08-04,2611.9,Suspended,47.5,0.0,66.7,8.46,146104.0,235.0,425434.0
AB-100097,Suncor Energy,Cold Lake,Oil,Montney,54.576,-110.2074,2019-07-01,2019-10-04,1708.0,Orphan,165.8,0.0,68.5,17.72,200874.0,27.0,113176.0
AB-100098,Obsidian Energy,Medicine Hat,Oil,McMurray,50.0034,-110.5704,2007-03-19,2007-06-04,2255.1,Producing,74.9,2.8,79.8,10.96,498386.0,42.0,903321.0
AB-100099,MEG Energy,Cold Lake,Heavy Oil,Viking,54.0522,-110.1752,1998-10-20,1998-11-09,1237.6,Producing,9.8,0.5,58.3,14.91,75771.0,36.0,154210.0
AB-100100,Suncor Energy,Cold Lake,Oil,Colorado Group,54.3581,-110.1095,2013-03-13,2013-03-30,1013.3,Abandoned,658.1,0.0,45.5,13.21,2772895.0,45.0,8077278.0
AB-100101,Athabasca Oil Corp,Athabasca,Heavy Oil,Duvernay,58.009,-111.2422,2010-07-21,2010-08-25,1154.2,Orphan,191.8,0.0,42.9,2.15,981925.0,68.0,2875406.0
AB-100102,Athabasca Oil Corp,Medicine Hat,Gas,Cardium,50.1786,-110.6318,2008-02-15,2008-06-16,920.0,Producing,214.3,8.8,58.0,4.92,1199.0,846.0,820.0
AB-100103,Suncor Energy,Cold Lake,Oil Sands,Duvernay,54.5991,-110.0442,2019-01-05,2019-05-07,2082.6,Suspended,65.2,0.0,20.6,7.82,153952.0,358.0,162272.0
AB-100104,Baytex Energy,Cold Lake,Oil,Clearwater,54.4101,-110.2863,2000-09-21,2000-11-20,1467.6,Suspended,123.4,0.0,62.7,1.01,572086.0,455.0,773661.0
AB-100105,Imperial Oil,Grande Prairie,Gas,Clearwater,55.1053,-119.3712,2011-11-20,2012-03-26,1644.7,Abandoned,97.5,0.0,58.9,38.55,3633.0,11305.0,3852.0
AB-100106,Cenovus Energy,Medicine Hat,Oil,Colorado Group,49.8842,-111.1453,2006-01-24,2006-03-31,1431.3,Producing,25.8,0.2,46.0,35.8,98907.0,572.0,50761.0
AB-100107,Athabasca Oil Corp,Medicine Hat,Oil Sands,Cardium,50.1004,-110.9858,2018-05-05,2018-07-06,2043.3,Producing,190.0,81.9,46.5,23.3,392817.0,10.0,578781.0
AB-100108,Canadian Natural Resources,Cold Lake,Heavy Oil,McMurray,54.1319,-110.3806,2003-04-25,2003-10-13,1318.4,Suspended,48.1,0.0,66.0,11.49,257518.0,11.0,697101.0
AB-100109,Crescent Point Energy,Lloydminster,Oil,McMurray,53.0835,-110.168,2007-01-25,2007-05-12,3407.5,Producing,42.3,0.9,98.0,2.93,263077.0,72.0,407691.0
AB-100110,Suncor Energy,Medicine Hat,Oil,Duvernay,50.0778,-111.1645,2021-05-17,2021-07-11,2342.8,Abandoned,79.5,0.0,67.3,37.25,73059.0,176.0,98824.0
AB-100111,Suncor Energy,Lloydminster,Gas,Bakken,53.2284,-109.7745,2010-10-07,2010-10-29,2367.5,Producing,107.9,0.8,95.7,4.6,2982.0,11845.0,4149.0
AB-100112,Cenovus Energy,Athabasca,Oil Sands,Bakken,58.3543,-110.9971,1999-03-11,1999-04-04,1879.7,Producing,100.1,4.1,51.4,32.98,740775.0,177.0,1287267.0
AB-100113,Obsidian Energy,Lloydminster,Heavy Oil,Cardium,53.0396,-109.5629,2022-07-24,2022-09-14,2129.7,Producing,142.7,52.8,42.3,32.14,174918.0,10.0,327435.0
AB-100114,Baytex Energy,Athabasca,Gas,Colorado Group,56.0686,-111.4105,1999-08-05,1999-08-26,1314.8,Producing,28.0,0.0,,3.8,2048.0,24186.0,2335.0
AB-100115,Crescent Point Energy,Lloydminster,Oil Sands,Viking,53.1187,-109.6108,2003-01-04,2003-05-11,1767.8,Producing,23.8,0.2,65.9,16.13,101018.0,10.0,275801.0
AB-100116,Obsidian Energy,Grande Prairie,Oil Sands,Viking,55.0512,-118.6116,2006-01-13,2006-03-27,1551.5,Orphan,16.2,0.0,47.1,30.71,106907.0,25.0,159205.0
AB-100117,Crescent Point Energy,Lloydminster,Gas,Bakken,52.9168,-110.1596,2009-05-12,2009-10-12,414.5,Producing,130.7,18.3,98.0,39.76,4402.0,15544.0,8697.0
AB-100118,Suncor Energy,Lloydminster,Oil Sands,Cardium,52.8888,-109.6032,2019-03-27,2019-08-05,3170.8,Producing,40.8,12.1,58.8,19.2,44345.0,166.0,129397.0
AB-100119,Suncor Energy,Cold Lake,Heavy Oil,Colorado Group,54.7848,-110.1616,2020-10-04,2021-01-28,3671.5,Producing,157.8,42.1,34.4,18.78,208081.0,1446.0,515582.0
AB-100120,Crescent Point Energy,Athabasca,Oil Sands,Colorado Group,56.1487,-111.9952,1998-08-19,1998-11-04,2986.7,Abandoned,544.5,0.0,83.7,29.19,4021775.0,83.0,2666335.0
AB-100121,Canadian Natural Resources,Grande Prairie,Oil,Bakken,55.4435,-119.2212,2022-03-19,2022-07-25,2467.2,Producing,105.8,76.1,49.5,30.38,129769.0,883.0,335320.0
AB-100122,MEG Energy,Athabasca,Oil Sands,Bakken,57.8079,-111.5795,2003-11-03,2004-01-28,2295.8,Producing,68.5,0.1,82.8,28.58,246849.0,44.0,122643.0
AB-100123,MEG Energy,Grande Prairie,Oil,Clearwater,55.4907,-119.0987,2021-07-27,2021-12-06,1614.8,Producing,11.0,3.5,42.5,5.79,16898.0,2.0,31799.0
AB-100124,Canadian Natural Resources,Grande Prairie,Gas,Colorado Group,55.3097,-118.9737,2011-04-21,2011-10-04,1928.7,Producing,35.7,1.2,98.0,5.01,945.0,12135.0,2282.0
AB-100125,Cenovus Energy,Medicine Hat,Heavy Oil,Duvernay,50.2949,-111.1498,2006-06-05,2006-10-18,1681.4,Producing,76.3,0.2,80.6,15.72,521399.0,48.0,215957.0
AB-100126,,Peace River,Oil,Duvernay,56.8442,-116.8242,2018-05-11,2018-06-07,2039.2,Producing,94.1,26.9,38.0,39.98,130599.0,11.0,214984.0
AB-100127,,Athabasca,Oil Sands,Duvernay,57.1899,-111.8335,2000-12-09,2001-04-26,1599.5,Producing,89.5,0.7,50.2,26.26,710070.0,407.0,454058.0
AB-100128,MEG Energy,Medicine Hat,Oil Sands,Montney,50.2514,-110.8839,2019-01-04,2019-02-08,1684.9,Producing,13.9,3.7,55.2,16.77,26851.0,33.0,51202.0
AB-100129,Whitecap Resources,Peace River,Gas,Duvernay,56.8776,-117.4583,1998-04-23,1998-10-10,,Producing,34.9,0.0,64.6,8.09,2178.0,488.0,4998.0
AB-100130,Whitecap Resources,Athabasca,Oil,Duvernay,56.9293,-111.998,2001-07-04,2001-11-06,903.8,Suspended,93.1,0.0,98.0,28.7,796831.0,82.0,1536998.0
AB-100131,Cenovus Energy,Cold Lake,Oil,Bakken,54.4658,-109.8069,2021-04-18,2021-07-16,917.9,Producing,38.3,21.3,59.0,32.63,53874.0,1589.0,53968.0
AB-100132,Baytex Energy,Grande Prairie,Gas,Clearwater,55.0699,-118.775,2006-02-26,2006-07-04,1089.4,Producing,25.0,0.2,94.6,27.51,381.0,3933.0,397.0
AB-100133,Suncor Energy,Cold Lake,Gas,Montney,54.4375,-110.3738,2000-06-08,2000-10-08,2113.5,Producing,93.1,0.0,73.4,24.15,365.0,3805.0,297.0
AB-100134,Obsidian Energy,Peace River,Gas,Duvernay,56.355,-116.8017,2013-02-02,2013-02-24,1829.0,Producing,28.1,1.7,88.3,31.09,2494.0,6055.0,830.0
AB-100135,Suncor Energy,Lloydminster,Heavy Oil,Cardium,53.0262,-109.8136,2018-08-10,2018-12-06,2128.7,Producing,126.8,28.8,57.1,12.27,224270.0,20.0,524011.0
AB-100136,Obsidian Energy,Athabasca,Oil Sands,Cardium,57.1109,-111.5867,2010-04-20,2010-08-03,677.7,Producing,103.4,0.8,91.8,29.05,441599.0,430.0,642198.0
AB-100137,Cenovus Energy,Peace River,Heavy Oil,Cardium,56.1438,-117.0699,2023-08-05,2024-01-15,2263.4,Abandoned,108.3,0.0,41.5,2.28,75570.0,18.0,202121.0
AB-100138,Imperial Oil,Peace River,Oil Sands,Cardium,56.8358,-117.1678,2021-08-10,2021-08-28,1148.1,Producing,13.5,2.9,42.1,38.95,12870.0,3.0,14432.0
AB-100139,Cenovus Energy,Peace River,Gas,Colorado Group,56.0519,-117.3089,2016-04-15,2016-09-17,591.9,Producing,36.2,2.5,39.2,32.46,4924.0,1217.0,9330.0
AB-100140,MEG Energy,Peace River,Oil,Viking,56.4145,-116.7462,1999-09-17,2000-02-17,2795.7,Suspended,102.3,0.0,73.0,28.63,476012.0,30.0,1392588.0
AB-100141,Canadian Natural Resources,Peace River,Oil,McMurray,56.8035,-117.378,2022-01-02,2022-03-30,890.6,Orphan,22.2,0.0,,20.35,21729.0,293.0,49606.0
AB-100142,Suncor Energy,Peace River,Oil Sands,Duvernay,56.7822,-117.3756,1998-02-23,1998-07-19,1425.7,Producing,87.9,0.2,98.0,5.62,773006.0,56.0,1722960.0
AB-100143,Baytex Energy,Peace River,Oil Sands,McMurray,56.8793,-116.6912,2009-07-02,2009-11-13,1804.5,Producing,225.3,14.6,62.5,8.29,578044.0,24.0,815891.0
AB-100144,Canadian Natural Resources,Lloydminster,Oil,Clearwater,53.2396,-109.9168,1998-02-16,1998-03-21,1495.7,Suspended,42.4,0.0,81.3,31.63,292829.0,142.0,860384.0
AB-100145,Athabasca Oil Corp,Cold Lake,Oil Sands,Clearwater,54.0906,-110.2175,2023-04-09,2023-07-03,1612.9,Producing,13.8,9.2,37.8,4.0,6879.0,165.0,19734.0
AB-100146,Suncor Energy,Grande Prairie,Oil Sands,Colorado Group,55.2792,-118.8764,2018-02-22,2018-05-14,2505.4,Producing,11.0,1.3,35.9,7.79,15573.0,3763.0,13632.0
AB-100147,Baytex Energy,Lloydminster,Oil Sands,Viking,52.9216,-109.7887,2022-12-01,2023-04-07,1115.7,Producing,125.4,42.7,34.8,9.37,117487.0,1324.0,193231.0
AB-100148,Cenovus Energy,Peace River,Heavy Oil,Cardium,56.8901,-117.4157,2012-04-27,2012-07-23,1984.7,Suspended,16.9,0.0,88.6,36.55,36845.0,34.0,32476.0
AB-100149,Cenovus Energy,Cold Lake,Heavy Oil,Duvernay,54.2978,-110.2669,2016-04-27,2016-07-13,485.8,Producing,238.7,62.7,77.8,36.91,649305.0,157.0,1138554.0
AB-100150,Baytex Energy,Grande Prairie,Oil,Colorado Group,55.5322,-118.6402,2018-02-26,2018-06-27,2538.3,Producing,98.7,16.3,65.1,31.62,218270.0,269.0,305711.0
AB-100151,MEG Energy,Grande Prairie,Oil Sands,Viking,54.968,-119.219,2003-02-25,2003-07-18,880.3,Abandoned,254.4,0.0,63.6,18.4,1865502.0,624.0,599766.0
AB-100152,Whitecap Resources,Athabasca,Heavy Oil,McMurray,56.8922,-111.4693,2022-07-14,2022-08-29,,Suspended,115.1,0.0,,4.03,143269.0,236.0,350309.0
AB-100153,Cenovus Energy,Grande Prairie,Gas,Clearwater,55.487,-118.7516,2019-09-15,2020-03-12,300.0,Producing,54.6,9.6,11.8,31.79,1484.0,5520.0,2614.0
AB-100154,Suncor Energy,Peace River,Oil,Viking,56.7324,-116.6183,2012-12-19,2013-06-15,1621.6,Producing,49.2,9.6,55.7,23.3,229399.0,1404.0,608588.0
AB-100155,Cenovus Energy,Cold Lake,Gas,Bakken,54.1374,-110.1499,2019-01-02,2019-04-19,1447.8,Producing,29.0,13.0,,16.28,4478.0,890.0,3814.0
AB-100156,Athabasca Oil Corp,Lloydminster,Heavy Oil,Montney,53.2659,-109.7721,2000-05-11,2000-11-01,2244.8,Suspended,92.0,0.0,56.6,5.97,482848.0,711.0,1214661.0
AB-100157,Obsidian Energy,Peace River,Oil Sands,Montney,56.0134,-117.0903,2015-03-16,2015-08-13,3985.3,Abandoned,104.2,0.0,65.4,32.35,273580.0,204.0,818658.0
AB-100158,Obsidian Energy,Peace River,Gas,Viking,56.2201,-117.1495,2020-04-27,2020-07-10,2427.9,Suspended,210.1,0.0,77.7,32.38,3864.0,991.0,9156.0
AB-100159,Baytex Energy,Lloydminster,Oil Sands,Clearwater,53.1126,-109.9549,2017-01-03,2017-03-02,1857.4,Suspended,76.4,0.0,47.6,26.51,240148.0,237.0,447342.0
AB-100160,Baytex Energy,Cold Lake,Oil Sands,McMurray,54.2455,-110.2095,2013-08-08,2013-10-20,2072.7,Abandoned,22.1,0.0,61.6,6.21,68194.0,347.0,99832.0
AB-100161,Crescent Point Energy,Peace River,Gas,Colorado Group,56.9391,-116.8636,2010-12-21,2011-05-06,1757.5,Producing,115.9,2.4,60.3,9.47,2320.0,10143.0,2350.0
AB-100162,Cenovus Energy,Peace River,Heavy Oil,Cardium,56.8243,-116.87,2013-06-25,2013-09-03,1847.6,Suspended,18.4,0.0,42.3,28.57,83344.0,5850.0,93419.0
AB-100163,Athabasca Oil Corp,Grande Prairie,Gas,Duvernay,55.5134,-118.6508,2013-05-03,2013-08-11,976.6,Producing,221.7,5.5,63.2,25.36,4322.0,15313.0,8146.0
AB-100164,Canadian Natural Resources,Lloydminster,Oil Sands,Cardium,53.183,-109.6869,2008-09-20,2008-11-21,2292.5,Abandoned,77.0,0.0,53.7,24.13,218578.0,338.0,333957.0
AB-100165,Cenovus Energy,Medicine Hat,Oil,Bakken,50.0612,-110.4466,2002-07-09,2002-09-20,2508.0,Producing,223.0,12.2,72.8,18.75,1540252.0,90.0,541693.0
AB-100166,Cenovus Energy,Peace River,Heavy Oil,Colorado Group,56.6996,-116.6618,2003-03-24,2003-07-06,2039.6,Producing,15.0,0.9,61.4,3.03,54202.0,1571.0,78214.0
AB-100167,Suncor Energy,Grande Prairie,Oil Sands,Clearwater,55.5048,-118.6171,2004-11-15,2005-05-03,1173.1,Abandoned,163.4,0.0,74.3,3.43,762783.0,248.0,2160586.0
AB-100168,Cenovus Energy,Peace River,Oil,Duvernay,56.7894,-117.0838,2017-02-06,2017-07-08,2015.9,Producing,90.0,15.1,58.7,9.57,124863.0,72.0,316137.0
AB-100169,Whitecap Resources,Lloydminster,Oil,Viking,52.9815,-109.5172,2001-02-06,2001-06-27,2395.7,Producing,257.4,1.4,53.9,7.8,2147978.0,237.0,2939318.0
AB-100170,Baytex Energy,Lloydminster,Oil Sands,Cardium,53.0512,-109.8791,2013-02-19,2013-07-28,1773.6,Abandoned,200.6,0.0,64.7,20.09,793411.0,527.0,1293210.0
AB-100171,Baytex Energy,Grande Prairie,Gas,Colorado Group,55.0891,-118.6402,2020-07-04,2020-10-15,2447.8,Abandoned,68.6,0.0,73.0,16.71,4851.0,3439.0,5115.0
AB-100172,Athabasca Oil Corp,Grande Prairie,Gas,Bakken,54.9322,-118.6457,2019-02-16,2019-07-30,1919.4,Producing,10.6,2.1,69.5,23.36,1688.0,9031.0,5012.0
AB-100173,Baytex Energy,Medicine Hat,Oil Sands,Viking,50.1641,-110.7824,2001-10-18,2001-11-21,876.5,Producing,38.6,0.1,77.6,37.84,264218.0,452.0,518181.0
AB-100174,Baytex Energy,Athabasca,Gas,Bakken,57.7602,-110.5972,2011-02-13,2011-06-01,2499.2,Producing,583.5,43.6,58.1,2.36,2756.0,1076641.0,4087.0
AB-100175,Canadian Natural Resources,Athabasca,Oil,Clearwater,57.99,-110.8694,2012-12-01,2013-04-30,,Producing,40.8,0.8,90.3,10.24,157085.0,452.0,211400.0
AB-100176,Cenovus Energy,Lloydminster,Oil,Cardium,53.2497,-109.8982,2014-03-19,2014-08-19,1879.7,Producing,197.9,26.4,91.3,24.39,602244.0,38.0,750465.0
AB-100177,Athabasca Oil Corp,Grande Prairie,Oil Sands,Bakken,55.5707,-119.4897,2006-04-23,2006-07-29,1038.2,Producing,21.1,0.4,72.5,8.24,95940.0,29.0,279552.0
AB-100178,Whitecap Resources,Cold Lake,Oil,Colorado Group,54.1515,-110.4965,2006-10-20,2007-02-15,2008.9,Producing,111.0,0.2,95.3,35.5,727444.0,2041.0,2003942.0
AB-100179,Whitecap Resources,Athabasca,Heavy Oil,Duvernay,57.1001,-110.9054,2018-09-20,2019-01-28,2046.8,Producing,39.9,12.4,18.9,7.41,51724.0,582.0,63553.0
AB-100180,Canadian Natural Resources,Peace River,Oil Sands,McMurray,56.9316,-116.679,2020-03-08,2020-08-07,1874.0,Producing,101.5,62.2,75.3,39.24,116853.0,5528.0,56268.0
AB-100181,Obsidian Energy,Grande Prairie,Oil,Montney,55.2936,-118.6365,2004-10-13,2005-02-27,2074.8,Producing,279.1,4.4,50.3,2.06,1549072.0,30.0,3345467.0
AB-100182,MEG Energy,Athabasca,Oil Sands,Cardium,56.1911,-110.6562,2012-01-17,2012-04-30,1954.9,Producing,124.9,1.6,59.7,30.71,556164.0,100.0,580939.0
AB-100183,Cenovus Energy,Grande Prairie,Oil Sands,Cardium,54.8949,-118.5663,2022-02-26,2022-04-28,300.0,Producing,36.9,12.6,39.7,17.29,26876.0,371.0,56084.0
AB-100184,Imperial Oil,Peace River,Heavy Oil,Montney,56.2315,-116.8186,2009-08-24,2009-11-07,1909.9,Producing,63.0,0.3,47.2,9.46,220710.0,2787.0,397738.0
AB-100185,Whitecap Resources,Cold Lake,Oil Sands,Montney,54.1346,-109.8845,2019-08-24,2019-09-22,2047.5,Abandoned,53.0,0.0,52.0,21.72,104926.0,1702.0,265050.0
AB-100186,Imperial Oil,Medicine Hat,Gas,McMurray,50.1782,-110.5243,2001-07-06,2001-08-21,1448.2,Producing,14.2,0.4,77.4,33.31,3564.0,2048.0,7774.0
AB-100187,Whitecap Resources,Athabasca,Heavy Oil,Clearwater,56.5272,-110.7142,2000-06-01,2000-11-12,1305.2,Orphan,144.0,0.0,88.5,37.6,677101.0,21.0,764775.0
AB-100188,Cenovus Energy,Athabasca,Gas,Cardium,56.4006,-111.7436,2022-10-14,2022-12-25,2200.7,Producing,39.6,13.9,57.7,11.83,180.0,779.0,504.0
AB-100189,Cenovus Energy,Cold Lake,Heavy Oil,Colorado Group,54.6864,-109.9882,2022-12-11,2023-02-11,1120.5,Producing,237.7,180.3,56.3,6.15,207524.0,26.0,186525.0
AB-100190,Crescent Point Energy,Grande Prairie,Oil,Cardium,55.4538,-118.5696,2019-12-05,2020-05-25,1583.8,Producing,142.2,50.5,56.1,22.56,169639.0,2104.0,146431.0
AB-100191,Athabasca Oil Corp,Grande Prairie,Gas,Colorado Group,55.2379,-118.7661,1999-06-16,1999-11-23,2897.5,Producing,30.8,0.0,92.8,9.97,2057.0,9339.0,5204.0
AB-100192,MEG Energy,Grande Prairie,Oil Sands,McMurray,54.8845,-119.4547,2008-05-22,2008-08-12,997.9,Producing,115.0,18.6,90.3,25.16,486303.0,432.0,707188.0
AB-100193,Canadian Natural Resources,Medicine Hat,Oil,Cardium,49.8165,-110.8563,2008-07-21,2008-08-08,2188.9,Producing,593.7,14.5,41.0,31.87,2939694.0,50.0,3166475.0
AB-100194,Crescent Point Energy,Peace River,Oil Sands,Clearwater,56.8469,-117.1757,2014-06-02,2014-08-04,1813.4,Suspended,15.0,0.0,38.9,25.39,54903.0,31.0,48893.0
AB-100195,Canadian Natural Resources,Lloydminster,Oil,Montney,53.1636,-109.6054,2006-02-26,2006-06-09,1653.7,Producing,107.8,20.1,,17.63,573611.0,65.0,1200182.0
AB-100196,Imperial Oil,Grande Prairie,Oil,Viking,55.2736,-119.3341,2018-10-14,2019-01-14,1190.8,Abandoned,93.6,0.0,43.6,24.61,149949.0,425.0,384070.0
AB-100197,,Medicine Hat,Oil,Clearwater,50.0071,-111.1991,2002-04-21,2002-08-17,1686.0,Producing,25.9,0.0,96.4,35.76,94484.0,592.0,110675.0
AB-100198,Obsidian Energy,Medicine Hat,Heavy Oil,Colorado Group,49.8645,-110.5478,2017-03-05,2017-04-17,1869.4,Producing,31.3,3.3,33.4,4.77,53893.0,142.0,93561.0
AB-100199,Suncor Energy,Peace River,Gas,Clearwater,56.8913,-117.0362,2018-01-17,2018-07-07,1992.3,Abandoned,27.5,0.0,85.0,11.01,4020.0,5006.0,5830.0
AB-100200,Obsidian Energy,Peace River,Oil,Viking,56.6192,-117.3134,2019-12-20,2020-04-23,2531.7,Producing,91.4,45.1,90.6,3.22,97381.0,872.0,90672.0
AB-100201,Suncor Energy,Peace River,Oil,Montney,56.9325,-116.9768,2003-04-06,2003-08-11,3394.9,Producing,91.0,0.1,75.4,8.41,619609.0,20.0,1116818.0
AB-100202,Imperial Oil,Lloydminster,Oil,Clearwater,52.8126,-109.979,2022-06-22,2022-10-30,1124.7,Suspended,288.8,0.0,58.0,23.8,374818.0,61.0,455825.0
AB-100203,Athabasca Oil Corp,Medicine Hat,Oil,Bakken,49.8428,-110.8006,2011-04-13,2011-07-15,1684.1,Producing,32.1,0.2,98.0,6.28,92168.0,25.0,72573.0
AB-100204,Canadian Natural Resources,Lloydminster,Oil,Duvernay,52.8667,-109.5923,2009-05-02,2009-05-20,1211.7,Producing,122.6,2.4,77.3,32.32,553099.0,179.0,1521936.0
AB-100205,Cenovus Energy,Grande Prairie,Heavy Oil,Bakken,55.503,-118.9416,2001-05-17,2001-07-09,1245.8,Abandoned,196.8,0.0,57.6,31.56,1024086.0,81.0,2908791.0
AB-100206,Whitecap Resources,Cold Lake,Gas,Montney,54.7902,-110.272,2009-08-24,2009-12-02,300.0,Orphan,27.5,0.0,,1.5,1133.0,165.0,2208.0
AB-100207,Crescent Point Energy,Grande Prairie,Heavy Oil,Bakken,54.8437,-118.9005,2009-06-05,2009-11-27,2409.2,Abandoned,19.4,0.0,70.5,37.48,79692.0,150.0,119741.0
AB-100208,Baytex Energy,Peace River,Oil Sands,Montney,56.9579,-116.9589,2016-07-17,2016-08-09,2149.4,Producing,110.7,5.4,18.2,6.58,335276.0,341.0,449195.0
AB-100209,Cenovus Energy,Lloydminster,Heavy Oil,Montney,53.09,-109.9321,2017-04-19,2017-07-27,786.0,Producing,79.9,10.3,60.1,31.33,230223.0,92.0,630227.0
AB-100210,Athabasca Oil Corp,Grande Prairie,Heavy Oil,Duvernay,54.8365,-118.554,2021-01-25,2021-03-30,1736.0,Producing,62.0,19.5,53.6,38.01,58658.0,643.0,29754.0
AB-100211,Canadian Natural Resources,Peace River,Gas,Viking,56.3311,-116.734,2017-12-01,2018-02-21,326.0,Producing,73.7,30.2,75.4,4.78,895.0,271.0,2196.0
AB-100212,Imperial Oil,Lloydminster,Oil,Montney,53.0851,-109.5543,2015-09-23,2016-03-02,1831.7,Producing,69.8,10.0,60.7,14.03,219067.0,1935.0,558193.0
AB-100213,Whitecap Resources,Medicine Hat,Oil,Bakken,49.8417,-110.6464,2000-08-16,2000-10-07,576.7,Producing,28.0,0.1,84.7,17.32,157393.0,26.0,299552.0
AB-100214,Baytex Energy,Athabasca,Gas,Montney,57.6398,-111.7018,2009-02-24,2009-07-03,1424.3,Producing,127.0,26.7,,8.63,2566.0,2306.0,2968.0
AB-100215,Suncor Energy,Grande Prairie,Oil,Clearwater,55.2794,-118.9863,2015-09-06,2015-12-04,1056.1,Producing,70.7,3.7,,25.4,198556.0,21.0,277957.0
AB-100216,Obsidian Energy,Athabasca,Heavy Oil,Clearwater,56.4907,-111.9662,2008-02-25,2008-08-01,2677.2,Producing,94.9,0.6,57.3,8.75,343256.0,325.0,647923.0
AB-100217,Obsidian Energy,Athabasca,Oil,Montney,56.2039,-111.8683,2022-04-18,2022-07-29,515.6,Producing,174.4,53.9,56.7,26.86,200384.0,665.0,564220.0
AB-100218,Suncor Energy,Cold Lake,Oil Sands,Montney,54.1667,-110.407,2011-09-21,2011-10-16,1468.3,Abandoned,48.0,0.0,34.6,13.19,166825.0,344.0,186701.0
AB-100219,MEG Energy,Athabasca,Oil,McMurray,56.3797,-111.5072,2010-02-25,2010-03-24,1931.3,Producing,32.0,0.5,94.9,16.53,78996.0,32.0,135335.0
AB-100220,Canadian Natural Resources,Grande Prairie,Oil Sands,Bakken,55.436,-119.1763,2011-01-19,2011-05-15,1666.9,Suspended,70.2,0.0,84.6,19.94,281187.0,52.0,776614.0
AB-100221,Baytex Energy,Medicine Hat,Gas,Cardium,50.2778,-110.9347,2021-11-26,2022-04-16,2417.9,Producing,93.3,46.7,52.4,30.32,4060.0,4969.0,11585.0
AB-100222,Cenovus Energy,Athabasca,Oil,Cardium,58.4664,-111.1032,2019-04-03,2019-08-18,818.1,Abandoned,165.0,0.0,48.3,27.39,321539.0,1329.0,363745.0
AB-100223,MEG Energy,Lloydminster,Heavy Oil,Bakken,53.3887,-109.5473,2000-04-14,2000-08-18,509.3,Suspended,92.3,0.0,75.3,38.5,675385.0,106.0,1353955.0
AB-100224,MEG Energy,Peace River,Oil,Clearwater,56.6296,-116.6365,2005-04-17,2005-05-14,1757.4,Producing,81.4,2.1,98.0,10.75,284688.0,154.0,595139.0
AB-100225,Crescent Point Energy,Lloydminster,Heavy Oil,Viking,53.0808,-109.9125,2002-02-26,2002-07-18,960.2,Producing,8.3,0.0,41.9,17.98,68255.0,75.0,58116.0
AB-100226,Athabasca Oil Corp,Athabasca,Gas,Bakken,56.2635,-111.1693,2019-06-02,2019-11-20,1688.4,Producing,89.1,46.5,50.9,15.62,3107.0,625.0,6961.0
AB-100227,Canadian Natural Resources,Grande Prairie,Oil,Viking,55.5343,-119.392,2015-10-24,2016-01-02,1307.6,Producing,80.5,4.3,62.4,27.19,132461.0,65.0,328740.0
AB-100228,Whitecap Resources,Medicine Hat,Heavy Oil,Duvernay,49.974,-110.7693,2017-02-11,2017-03-26,1829.0,Suspended,121.3,0.0,59.0,3.66,212875.0,45.0,383172.0
AB-100229,Baytex Energy,Peace River,Heavy Oil,Colorado Group,56.3633,-117.0614,2016-09-10,2016-12-31,1480.7,Suspended,159.0,0.0,90.0,29.0,316584.0,129.0,725698.0
AB-100230,Baytex Energy,Cold Lake,Heavy Oil,Clearwater,54.4094,-109.9614,2008-01-25,2008-03-02,896.4,Orphan,172.4,0.0,71.4,28.34,603448.0,1587.0,909663.0
AB-100231,Whitecap Resources,Athabasca,Gas,Clearwater,57.6138,-111.7663,2003-03-18,2003-08-13,,Producing,61.2,0.0,65.0,16.3,4739.0,5460.0,2812.0
AB-100232,Crescent Point Energy,Medicine Hat,Oil Sands,Clearwater,50.1347,-110.5856,1999-01-09,1999-06-23,1415.4,Suspended,101.9,0.0,62.2,25.15,823355.0,413.0,1778272.0
AB-100233,Obsidian Energy,Grande Prairie,Oil,McMurray,54.9058,-119.3033,2007-03-12,2007-05-21,2328.6,Suspended,635.3,0.0,89.2,21.17,2876891.0,84.0,1424486.0
AB-100234,Crescent Point Energy,Peace River,Oil,Viking,56.0557,-116.8902,2003-09-13,2003-12-24,880.6,Producing,66.3,1.8,62.3,38.67,288517.0,108.0,664232.0
AB-100235,Obsidian Energy,Lloydminster,Oil,Clearwater,53.1324,-109.8258,2013-04-05,2013-06-03,1031.8,Suspended,17.7,0.0,70.7,19.14,45652.0,233.0,65930.0
AB-100236,Cenovus Energy,Grande Prairie,Oil,McMurray,55.2994,-118.6706,1998-10-19,1998-11-19,1922.9,Producing,183.1,0.8,58.7,22.24,725993.0,1064.0,1677790.0
AB-100237,Cenovus Energy,Athabasca,Gas,Duvernay,57.0047,-110.9894,2004-12-06,2005-05-13,3271.7,Producing,53.0,5.1,43.2,5.14,2657.0,32718.0,6576.0
AB-100238,Imperial Oil,Cold Lake,Oil,Clearwater,54.42,-110.0049,1999-12-26,2000-06-06,770.2,Producing,131.3,16.2,71.4,24.41,996374.0,192.0,2369692.0
AB-100239,Crescent Point Energy,Peace River,Oil,Bakken,56.3416,-116.8515,2001-06-18,2001-07-14,2053.3,Producing,177.0,6.6,89.6,4.29,993724.0,26.0,2518816.0
AB-100240,Suncor Energy,Lloydminster,Oil,McMurray,53.1212,-109.7553,2014-10-21,2015-01-15,2446.7,Producing,96.5,6.8,70.1,3.06,334654.0,470.0,210001.0
AB-100241,Crescent Point Energy,Grande Prairie,Oil Sands,Duvernay,54.8458,-119.3254,2018-06-25,2018-11-18,1100.6,Producing,81.3,10.0,55.6,10.7,145980.0,53.0,330736.0
AB-100242,Canadian Natural Resources,Grande Prairie,Oil Sands,Clearwater,54.868,-119.0638,2019-02-21,2019-06-01,1507.9,Producing,10.4,3.0,50.0,36.9,11238.0,65.0,20146.0
AB-100243,Cenovus Energy,Peace River,Gas,Montney,56.0854,-116.5275,2018-09-07,2018-10-24,1267.7,Producing,59.5,5.7,45.1,3.42,2884.0,17436.0,2909.0
AB-100244,Baytex Energy,Cold Lake,Gas,Colorado Group,54.4934,-109.8974,2015-08-08,2015-12-25,1651.2,Abandoned,78.8,0.0,70.0,27.72,1450.0,193.0,1224.0
AB-100245,Athabasca Oil Corp,Athabasca,Oil,Colorado Group,56.2391,-111.3713,2015-09-16,2015-10-05,1055.4,Producing,35.7,11.2,57.8,34.57,113500.0,80.0,44842.0
AB-100246,Crescent Point Energy,Lloydminster,Oil Sands,Colorado Group,53.1224,-110.0656,2006-05-14,2006-10-18,2460.8,Producing,132.6,0.2,78.7,9.81,730643.0,52.0,298761.0
AB-100247,Canadian Natural Resources,Lloydminster,Oil,Montney,52.8888,-109.5107,2020-11-16,2021-02-06,2078.9,Producing,98.8,63.4,28.7,16.72,151185.0,38.0,444153.0
AB-100248,Suncor Energy,Cold Lake,Oil,Clearwater,54.3905,-109.9309,2003-04-21,2003-06-07,2003.4,Producing,30.7,0.1,54.3,25.53,201389.0,11.0,522878.0
AB-100249,Athabasca Oil Corp,Athabasca,Gas,Duvernay,56.8156,-110.8657,2006-02-15,2006-03-29,1630.1,Producing,12.2,0.3,59.4,6.92,2989.0,795.0,6555.0
AB-100250,Cenovus Energy,Cold Lake,Oil Sands,Clearwater,54.7472,-110.4083,2012-08-16,2012-10-20,3059.1,Producing,9.5,0.1,55.8,12.5,32363.0,1994.0,75849.0
AB-100251,Imperial Oil,Cold Lake,Oil,Duvernay,54.6904,-110.1636,2020-05-24,2020-09-10,1580.4,Producing,97.3,55.5,,33.74,162066.0,26.0,273181.0
AB-100252,Crescent Point Energy,Peace River,Oil,Clearwater,56.4716,-117.2725,2001-11-02,2002-01-24,2086.1,Producing,47.1,0.3,84.9,21.34,202739.0,22.0,587097.0
AB-100253,Whitecap Resources,Lloydminster,Oil,Duvernay,52.8475,-110.1671,2017-08-06,2017-10-22,2160.5,Producing,13.9,1.7,45.5,20.01,42056.0,153.0,19116.0
AB-100254,Whitecap Resources,Grande Prairie,Oil,Colorado Group,55.2378,-118.6096,2018-02-15,2018-04-27,1326.9,Orphan,16.2,0.0,34.6,20.91,27106.0,62.0,30324.0
AB-100255,MEG Energy,Medicine Hat,Heavy Oil,Montney,50.0344,-110.7433,2014-02-19,2014-07-18,1619.3,Producing,68.6,3.7,60.6,38.28,163801.0,416.0,439487.0
AB-100256,Whitecap Resources,Grande Prairie,Gas,Duvernay,55.582,-118.6467,2021-09-04,2021-11-08,1582.7,Producing,38.8,11.6,86.3,28.51,938.0,875.0,645.0
AB-100257,Imperial Oil,Medicine Hat,Oil Sands,Colorado Group,50.1119,-110.4264,2015-11-07,2016-02-11,2343.0,Abandoned,31.4,0.0,90.2,38.7,114685.0,48.0,311713.0
AB-100258,Obsidian Energy,Athabasca,Oil,McMurray,58.2225,-111.759,2020-04-06,2020-06-14,927.6,Producing,19.6,6.4,40.9,39.02,28070.0,62.0,42126.0
AB-100259,MEG Energy,Grande Prairie,Heavy Oil,Viking,55.1241,-119.4973,2020-07-23,2021-01-15,1901.6,Suspended,36.9,0.0,30.6,38.18,33290.0,63.0,65735.0
AB-100260,MEG Energy,Grande Prairie,Oil,Montney,54.8717,-118.7846,2016-05-10,2016-10-08,1015.9,Producing,86.9,15.2,61.9,13.36,174197.0,445.0,290212.0
AB-100261,Obsidian Energy,Grande Prairie,Oil Sands,McMurray,55.3973,-119.4874,2001-08-17,2001-12-08,1310.4,Producing,126.2,0.1,57.2,39.37,1057668.0,189.0,1835048.0
AB-100262,Canadian Natural Resources,Athabasca,Oil,Viking,57.8795,-111.1476,2000-08-05,2000-08-30,1154.2,Suspended,328.8,0.0,84.9,37.26,1448063.0,76.0,2985449.0
AB-100263,Obsidian Energy,Athabasca,Gas,Cardium,57.3849,-111.5531,2003-07-27,2003-10-19,2223.3,Suspended,50.9,0.0,81.6,32.46,1259.0,2970.0,1386.0
AB-100264,Crescent Point Energy,Grande Prairie,Oil,Cardium,55.436,-119.3366,2000-02-02,2000-05-20,,Suspended,59.2,0.0,81.4,25.24,290147.0,1052.0,435530.0
AB-100265,Suncor Energy,Medicine Hat,Heavy Oil,Cardium,50.0707,-110.5431,2023-03-09,2023-05-26,2387.8,Producing,19.7,6.7,39.9,28.17,18427.0,308.0,37735.0
AB-100266,Cenovus Energy,Grande Prairie,Gas,Cardium,55.586,-118.5882,2000-03-02,2000-07-20,,Suspended,60.7,0.0,63.4,21.49,330.0,7431.0,966.0
AB-100267,Baytex Energy,Cold Lake,Oil Sands,Clearwater,54.5294,-109.9282,2023-06-12,2023-07-22,1267.0,Suspended,47.6,0.0,56.0,18.91,23297.0,661.0,22378.0
AB-100268,Imperial Oil,Athabasca,Oil Sands,Duvernay,58.1928,-111.6352,2003-05-08,2003-09-14,2170.5,Suspended,73.9,0.0,94.3,27.67,519655.0,4300.0,1176561.0
AB-100269,Athabasca Oil Corp,Lloydminster,Oil Sands,McMurray,52.9105,-110.1601,2005-06-16,2005-12-06,1423.1,Producing,163.0,1.1,64.2,27.33,648168.0,40.0,421707.0
AB-100270,Athabasca Oil Corp,Lloydminster,Gas,Bakken,53.1718,-110.1458,2022-06-03,2022-06-23,1559.9,Producing,126.0,46.6,68.3,13.25,4790.0,9273.0,1869.0
AB-100271,Suncor Energy,Peace River,Oil,Montney,56.7122,-117.3241,2009-10-13,2009-11-20,2094.5,Producing,39.6,0.2,86.6,27.65,180986.0,44.0,273203.0
AB-100272,Cenovus Energy,Cold Lake,Heavy Oil,Duvernay,54.0019,-109.8112,2015-07-07,2015-09-18,2553.8,Producing,54.9,10.9,52.7,22.28,173921.0,22.0,141505.0
AB-100273,Whitecap Resources,Peace River,Oil,Bakken,56.3037,-117.407,2022-10-19,2023-01-06,1673.7,Producing,29.0,11.0,31.9,7.43,17784.0,22.0,15817.0
AB-100274,Suncor Energy,Lloydminster,Heavy Oil,Montney,52.8234,-109.8811,2016-09-14,2016-11-16,1358.6,Producing,130.1,10.0,39.7,25.59,300992.0,169.0,446060.0
AB-100275,Suncor Energy,Athabasca,Heavy Oil,Cardium,56.2459,-111.3261,2002-10-09,2003-04-02,2543.6,Producing,62.4,9.5,81.1,27.54,309200.0,38.0,842570.0
AB-100276,Obsidian Energy,Cold Lake,Oil,Colorado Group,54.4768,-110.4248,2015-10-20,2015-12-31,1733.9,Producing,58.1,2.6,43.0,25.58,218338.0,122.0,268475.0
AB-100277,Canadian Natural Resources,Athabasca,Oil,Montney,56.7486,-111.8498,2000-10-25,2000-12-08,1659.6,Producing,32.1,0.1,82.3,1.72,144570.0,986.0,350374.0
AB-100278,Obsidian Energy,Medicine Hat,Oil Sands,Viking,50.1382,-111.1495,2021-11-25,2022-05-20,,Suspended,109.0,0.0,68.2,24.22,150873.0,1988.0,301904.0
AB-100279,Suncor Energy,Lloydminster,Oil Sands,Montney,53.1761,-110.1798,2018-11-18,2019-04-06,766.1,Producing,244.1,50.9,59.0,1.29,422101.0,4496.0,944993.0
AB-100280,Cenovus Energy,Peace River,Gas,Clearwater,56.2692,-116.5177,2009-08-05,2009-12-03,2567.2,Producing,97.8,8.2,59.0,8.97,3134.0,145.0,5728.0
AB-100281,Crescent Point Energy,Medicine Hat,Oil Sands,McMurray,50.4331,-111.1994,2006-08-10,2006-09-10,300.0,Producing,53.3,2.9,54.0,6.05,241900.0,342.0,137325.0
AB-100282,Canadian Natural Resources,Cold Lake,Oil,Duvernay,54.6224,-110.3457,1999-09-13,1999-11-17,1573.5,Abandoned,62.0,0.0,89.4,38.53,546481.0,114.0,1599376.0
AB-100283,Suncor Energy,Lloydminster,Gas,Colorado Group,53.1055,-110.1827,2021-03-22,2021-07-14,507.6,Orphan,95.4,0.0,75.7,12.68,1344.0,1988.0,4026.0
AB-100284,Canadian Natural Resources,Cold Lake,Oil Sands,Colorado Group,54.7842,-110.0449,2013-01-21,2013-04-12,2352.1,Suspended,84.5,0.0,79.0,27.22,329429.0,27.0,822590.0
AB-100285,Imperial Oil,Medicine Hat,Oil,Bakken,50.3636,-110.5199,2008-05-03,2008-08-16,1353.5,Producing,359.9,6.4,71.7,33.08,983439.0,176.0,1734237.0
AB-100286,Baytex Energy,Lloydminster,Gas,McMurray,52.8433,-109.7209,2023-06-09,2023-08-29,1067.7,Abandoned,102.1,0.0,,32.34,4089.0,2988.0,6250.0
AB-100287,Crescent Point Energy,Cold Lake,Oil,Clearwater,54.5354,-109.9295,2010-10-07,2011-01-18,2090.3,Producing,112.9,22.4,62.7,14.89,550836.0,231.0,512809.0
AB-100288,Crescent Point Energy,Athabasca,Gas,Bakken,57.9079,-110.7966,2001-10-05,2001-12-18,1511.6,Producing,13.4,0.1,65.9,19.51,1807.0,5875.0,3394.0
AB-100289,Suncor Energy,Lloydminster,Oil,Viking,53.2833,-109.963,2005-02-09,2005-08-03,300.0,Abandoned,118.1,0.0,,18.45,479811.0,93.0,1037290.0
AB-100290,Obsidian Energy,Medicine Hat,Heavy Oil,Bakken,50.0496,-110.8422,2001-01-09,2001-06-06,,Producing,52.9,0.1,80.2,22.99,255252.0,87.0,679193.0
AB-100291,Suncor Energy,Peace River,Oil,Clearwater,56.9059,-117.3734,2005-04-26,2005-06-03,2090.4,Abandoned,123.0,0.0,55.8,39.58,533512.0,31.0,1128143.0
AB-100292,MEG Energy,Lloydminster,Heavy Oil,Montney,52.866,-109.9316,2014-07-04,2014-10-13,1951.9,Suspended,28.4,0.0,49.1,25.9,98924.0,7.0,291724.0
AB-100293,Canadian Natural Resources,Peace River,Gas,Bakken,56.7832,-117.3319,2019-10-03,2020-03-02,3447.2,Abandoned,37.6,0.0,38.1,33.61,774.0,12372.0,862.0
AB-100294,Whitecap Resources,Lloydminster,Gas,Clearwater,53.3332,-110.1568,2022-03-03,2022-06-26,864.6,Producing,165.9,88.9,29.9,35.41,2858.0,18517.0,4776.0
AB-100295,Canadian Natural Resources,Grande Prairie,Oil,Duvernay,55.1116,-119.2589,2003-03-24,2003-04-13,1156.7,Producing,65.4,5.7,72.0,30.92,523697.0,637.0,841039.0
AB-100296,Baytex Energy,Cold Lake,Oil,Duvernay,54.711,-110.0152,2001-05-01,2001-07-03,1906.1,Producing,13.9,1.7,53.6,15.79,55619.0,110.0,92249.0
AB-100297,Suncor Energy,Lloydminster,Gas,Bakken,53.1325,-110.0779,2017-03-16,2017-08-01,1385.2,Suspended,72.8,0.0,30.1,32.1,3601.0,24867.0,1918.0
AB-100298,Cenovus Energy,Peace River,Gas,Viking,56.0181,-117.0997,2018-11-15,2019-05-09,1749.3,Producing,167.9,65.6,66.2,14.3,4498.0,3852.0,9418.0
AB-100299,Suncor Energy,Cold Lake,Oil Sands,Viking,54.7693,-109.9574,1998-06-12,1998-10-31,2108.5,Abandoned,135.8,0.0,82.0,38.7,831444.0,200.0,569973.0
AB-100300,Cenovus Energy,Lloydminster,Oil,Duvernay,53.3956,-109.7112,2020-08-02,2020-10-01,1833.3,Producing,57.0,15.0,40.9,34.1,110415.0,2089.0,127466.0
AB-100301,Baytex Energy,Athabasca,Oil Sands,Duvernay,57.8088,-111.1342,2007-06-24,2007-10-31,1712.7,Producing,36.5,0.5,64.0,3.06,107736.0,347.0,240940.0
AB-100302,Athabasca Oil Corp,Lloydminster,Oil,McMurray,52.9459,-109.6787,2021-06-04,2021-07-18,1289.8,Suspended,87.7,0.0,48.0,28.22,89677.0,96.0,135256.0
AB-100303,Athabasca Oil Corp,Cold Lake,Oil,Montney,54.756,-110.0285,2021-12-17,2022-05-10,2843.7,Producing,12.9,5.6,45.1,14.2,18512.0,152.0,51147.0
AB-100304,MEG Energy,Lloydminster,Oil,Bakken,53.1489,-109.5366,2019-05-13,2019-10-30,,Abandoned,227.3,0.0,53.0,17.64,434169.0,501.0,294961.0
AB-100305,Athabasca Oil Corp,Grande Prairie,Heavy Oil,Bakken,55.4856,-118.8158,2015-04-16,2015-09-22,2765.1,Suspended,63.0,0.0,60.4,8.39,119713.0,405.0,136439.0
AB-100306,Baytex Energy,Cold Lake,Heavy Oil,Clearwater,54.6379,-110.3114,2017-03-02,2017-05-17,1296.4,Suspended,250.0,0.0,75.0,3.95,638467.0,28.0,1836833.0
AB-100307,Canadian Natural Resources,Medicine Hat,Oil,McMurray,49.8147,-110.6217,2004-05-18,2004-11-10,2865.5,Orphan,72.0,0.0,51.6,25.0,366445.0,98.0,150580.0
AB-100308,Crescent Point Energy,Grande Prairie,Heavy Oil,Colorado Group,55.3529,-118.6168,2000-04-18,2000-06-16,1263.2,Abandoned,70.9,0.0,87.7,28.84,610053.0,32.0,1053000.0
AB-100309,Whitecap Resources,Peace River,Gas,Bakken,56.6299,-117.1402,2012-06-16,2012-11-23,1832.3,Producing,42.1,0.7,59.3,18.3,4457.0,9723.0,6286.0
AB-100310,Whitecap Resources,Cold Lake,Oil,Montney,54.6244,-110.3592,2023-08-11,2023-11-06,1904.7,Abandoned,72.8,0.0,43.0,33.97,58462.0,53.0,142639.0
AB-100311,Whitecap Resources,Lloydminster,Heavy Oil,McMurray,53.3991,-110.1826,2003-08-13,2003-10-07,1338.7,Abandoned,136.8,0.0,40.4,32.39,1098647.0,41.0,1126352.0
AB-100312,Imperial Oil,Athabasca,Oil,Duvernay,57.7409,-110.992,2007-12-11,2008-03-11,485.9,Producing,58.3,11.9,98.0,35.38,293451.0,16.0,624017.0
AB-100313,Obsidian Energy,Medicine Hat,Gas,Viking,50.2879,-110.7519,2022-10-23,2023-04-16,2960.7,Producing,81.2,29.3,47.1,35.39,4710.0,368.0,10817.0
AB-100314,Athabasca Oil Corp,Medicine Hat,Oil,McMurray,50.0872,-110.8234,2023-11-25,2024-04-15,2184.5,Producing,29.4,18.5,58.7,36.17,15861.0,401.0,13849.0
AB-100315,Obsidian Energy,Cold Lake,Gas,McMurray,54.0934,-110.4097,2021-12-11,2022-04-23,1852.9,Abandoned,86.6,0.0,35.0,5.42,2032.0,91.0,3271.0
AB-100316,Imperial Oil,Grande Prairie,Oil,Duvernay,55.5782,-119.2142,2009-10-18,2009-12-10,2705.9,Producing,53.2,0.2,98.0,27.43,174016.0,1636.0,94724.0
AB-100317,Whitecap Resources,Cold Lake,Gas,Montney,54.1516,-109.8754,2012-02-18,2012-06-27,2378.5,Producing,117.9,7.6,93.7,15.0,4042.0,2097.0,5447.0
AB-100318,Imperial Oil,Grande Prairie,Oil,Viking,55.0656,-118.7556,1998-08-14,1998-10-03,864.9,Producing,128.0,0.3,53.8,28.07,490685.0,16.0,867240.0
AB-100319,Imperial Oil,Peace River,Oil,Duvernay,56.803,-117.0847,2007-10-19,2008-03-10,916.1,Producing,114.3,0.5,51.6,32.9,722799.0,37.0,1280601.0
AB-100320,MEG Energy,Lloydminster,Oil Sands,Colorado Group,52.8591,-110.0375,2009-10-11,2010-03-08,1709.7,Producing,31.0,2.3,44.9,14.16,85408.0,15.0,240880.0
AB-100321,Athabasca Oil Corp,Grande Prairie,Oil,Bakken,55.3316,-118.7912,2021-02-16,2021-04-04,1645.6,Suspended,160.4,0.0,55.9,39.99,254201.0,658.0,154630.0
AB-100322,Crescent Point Energy,Grande Prairie,Oil Sands,Montney,55.1597,-118.6631,2006-12-17,2007-02-20,1344.8,Orphan,76.5,0.0,52.9,12.2,381270.0,967.0,275916.0
AB-100323,Whitecap Resources,Cold Lake,Gas,Colorado Group,54.4705,-110.4032,2018-01-15,2018-06-10,2094.8,Producing,79.4,17.4,81.5,27.85,1299.0,1734.0,1283.0
AB-100324,Imperial Oil,Lloydminster,Oil,Clearwater,52.8588,-109.8312,2008-12-10,2009-04-02,2823.7,Abandoned,78.4,0.0,53.4,3.13,392249.0,157.0,175621.0
AB-100325,Crescent Point Energy,Cold Lake,Gas,Viking,54.6876,-110.0032,2007-02-11,2007-05-10,2775.2,Orphan,41.6,0.0,91.8,4.47,2558.0,37301.0,7110.0
AB-100326,Athabasca Oil Corp,Peace River,Oil,Viking,56.3666,-116.8809,2017-04-21,2017-07-26,1551.4,Producing,20.7,2.4,92.8,25.72,30549.0,163.0,34187.0
AB-100327,Baytex Energy,Cold Lake,Gas,Duvernay,54.4625,-109.8294,2010-05-22,2010-08-03,1231.3,Producing,113.1,13.8,59.9,19.15,4716.0,7839.0,13279.0
AB-100328,Crescent Point Energy,Lloydminster,Oil Sands,Duvernay,53.3052,-109.862,2006-03-18,2006-04-21,1680.5,Abandoned,7.6,0.0,46.9,26.09,31701.0,278.0,50857.0
AB-100329,Obsidian Energy,Lloydminster,Oil Sands,Clearwater,52.8349,-109.5511,2011-11-20,2012-04-18,2051.7,Suspended,56.9,0.0,61.4,15.91,169185.0,699.0,380557.0
AB-100330,Canadian Natural Resources,Cold Lake,Oil,McMurray,54.0748,-110.201,2016-01-13,2016-04-13,2563.1,Producing,34.0,6.4,55.5,23.09,107879.0,85.0,289410.0
AB-100331,Athabasca Oil Corp,Peace River,Heavy Oil,Clearwater,56.4468,-117.4929,2013-11-21,2014-02-06,1449.9,Producing,319.3,21.5,47.4,3.95,1074291.0,784.0,2186285.0
AB-100332,Canadian Natural Resources,Grande Prairie,Heavy Oil,Bakken,55.1488,-118.7513,2019-08-25,2019-11-30,1915.8,Abandoned,19.2,0.0,30.5,7.14,19827.0,106.0,55654.0
AB-100333,Crescent Point Energy,Athabasca,Heavy Oil,Colorado Group,57.1391,-110.9414,1998-11-25,1999-01-05,1700.8,Producing,29.1,0.2,98.0,7.5,201595.0,494.0,446462.0
AB-100334,Crescent Point Energy,Athabasca,Heavy Oil,Bakken,58.2564,-111.89,2014-06-04,2014-11-11,1687.7,Producing,633.2,11.3,40.6,23.85,2014475.0,931.0,2045520.0
AB-100335,Cenovus Energy,Grande Prairie,Gas,Viking,55.0128,-118.9092,2006-02-25,2006-06-18,1661.7,Suspended,63.0,0.0,39.0,20.13,599.0,3208.0,1477.0
AB-100336,Cenovus Energy,Cold Lake,Oil,Bakken,54.3681,-110.4894,2013-08-15,2014-01-19,1798.0,Producing,41.3,8.2,73.3,20.64,96822.0,2567.0,174582.0
AB-100337,Baytex Energy,Grande Prairie,Oil Sands,Colorado Group,55.1462,-119.0158,2021-08-11,2021-09-09,2516.1,Producing,289.0,54.0,44.7,33.7,399554.0,112.0,416999.0
AB-100338,MEG Energy,Grande Prairie,Oil Sands,Duvernay,54.9611,-118.541,2017-07-26,2017-11-22,2140.3,Producing,49.8,4.7,39.0,36.42,136653.0,196.0,252006.0
AB-100339,Obsidian Energy,Medicine Hat,Gas,Cardium,50.4156,-110.872,2013-06-17,2013-08-27,1509.9,Producing,50.0,0.7,28.5,34.81,3131.0,457.0,6596.0
AB-100340,Imperial Oil,Peace River,Oil,Viking,56.1326,-116.7253,2022-03-15,2022-07-27,1810.0,Producing,162.6,85.8,17.7,23.79,164170.0,829.0,176785.0
AB-100341,Obsidian Energy,Medicine Hat,Oil Sands,Montney,50.0877,-110.6966,2006-11-21,2007-02-21,1169.0,Producing,165.5,9.9,72.7,39.68,999791.0,213.0,868246.0
AB-100342,Canadian Natural Resources,Athabasca,Gas,Cardium,58.4536,-111.7979,2001-10-25,2002-01-14,588.8,Producing,221.5,0.6,45.2,32.7,2709.0,5113.0,7632.0
AB-100343,Athabasca Oil Corp,Cold Lake,Heavy Oil,Viking,54.7,-110.4421,2016-05-23,2016-07-07,1451.0,Producing,52.2,1.8,50.8,22.09,184322.0,159.0,182293.0
AB-100344,Whitecap Resources,Grande Prairie,Oil Sands,Bakken,55.2556,-119.1568,1998-07-10,1998-10-05,1598.1,Producing,142.8,0.1,98.0,1.88,985010.0,572.0,444443.0
AB-100345,Canadian Natural Resources,Cold Lake,Gas,Duvernay,54.1353,-110.2743,2008-02-14,2008-07-16,2178.2,Producing,45.1,0.7,84.5,32.43,396.0,632.0,324.0
AB-100346,Baytex Energy,Medicine Hat,Oil,McMurray,50.1119,-110.4835,1999-07-10,1999-09-10,1946.6,Producing,40.3,0.0,67.4,37.18,351659.0,8.0,1018768.0
AB-100347,Crescent Point Energy,Athabasca,Heavy Oil,Clearwater,57.232,-111.7589,2014-03-11,2014-08-29,2276.4,Orphan,18.4,0.0,,28.84,54681.0,204.0,75814.0
AB-100348,Athabasca Oil Corp,Cold Lake,Gas,Cardium,54.4213,-110.2877,2003-08-22,2003-11-24,1289.1,Abandoned,394.2,0.0,37.2,8.56,1073.0,919.0,1983.0
AB-100349,Suncor Energy,Lloydminster,Heavy Oil,Cardium,52.8337,-110.1435,2013-07-04,2013-09-08,2220.9,Suspended,58.9,0.0,38.9,18.74,187884.0,4.0,414835.0
AB-100350,Obsidian Energy,Lloydminster,Oil,Montney,53.1875,-110.1905,2018-10-25,2019-04-04,2006.7,Suspended,53.8,0.0,66.9,20.24,105928.0,777.0,60235.0
AB-100351,Crescent Point Energy,Athabasca,Gas,Cardium,56.6576,-111.7546,2010-03-07,2010-08-05,2809.4,Suspended,109.8,0.0,95.6,1.94,1743.0,9981.0,3920.0
AB-100352,Imperial Oil,Peace River,Oil Sands,Viking,56.1286,-117.4816,2006-02-17,2006-06-06,1726.5,Producing,22.9,0.2,34.0,4.49,111051.0,215.0,124718.0
AB-100353,,Peace River,Oil,Cardium,56.3048,-117.3182,2007-08-15,2007-11-06,300.0,Producing,78.3,0.7,43.0,8.15,351599.0,391.0,881608.0
AB-100354,Imperial Oil,Peace River,Oil,Montney,56.2107,-117.2725,2023-10-04,2023-11-01,2201.1,Suspended,100.5,0.0,29.0,27.4,68141.0,98.0,201430.0
AB-100355,Imperial Oil,Medicine Hat,Gas,Viking,49.98,-110.8164,2022-11-14,2023-01-11,1425.8,Producing,100.1,52.9,46.7,34.96,2564.0,1339.0,3526.0
AB-100356,Imperial Oil,Cold Lake,Oil,Duvernay,54.4353,-110.4944,2017-02-17,2017-08-06,1955.5,Producing,45.3,2.7,48.6,9.3,111626.0,786.0,320615.0
AB-100357,Cenovus Energy,Cold Lake,Oil Sands,Viking,54.7772,-110.3066,2023-10-01,2023-10-19,1807.7,Producing,20.5,8.7,39.4,20.04,12229.0,147.0,21805.0
AB-100358,MEG Energy,Athabasca,Gas,Viking,56.141,-111.4459,2016-08-18,2016-11-18,2278.7,Producing,148.0,7.6,28.9,6.8,2281.0,1304.0,1890.0
AB-100359,Imperial Oil,Lloydminster,Oil,Clearwater,53.0362,-110.0657,2011-04-10,2011-07-03,1793.6,Producing,75.8,8.7,71.3,21.7,231570.0,9566.0,491911.0
AB-100360,MEG Energy,Cold Lake,Oil Sands,Colorado Group,54.6572,-110.48,2004-01-23,2004-06-10,1723.9,Producing,47.4,3.4,97.5,28.51,304797.0,171.0,647039.0
AB-100361,Baytex Energy,Cold Lake,Gas,McMurray,54.6597,-110.0742,2006-07-05,2006-10-07,1074.5,Abandoned,155.2,0.0,40.6,27.14,940.0,3855.0,1867.0
AB-100362,Canadian Natural Resources,Medicine Hat,Heavy Oil,Montney,50.0192,-111.0569,2003-06-27,2003-12-02,464.7,Suspended,40.7,0.0,93.7,27.93,237142.0,486.0,353146.0
AB-100363,Whitecap Resources,Peace River,Gas,Clearwater,56.4886,-116.8968,2000-05-14,2000-08-03,2013.9,Producing,40.5,0.5,98.0,11.25,824.0,1236.0,1780.0
AB-100364,Suncor Energy,Grande Prairie,Oil Sands,Colorado Group,55.1868,-118.8146,2015-05-27,2015-09-04,2714.6,Abandoned,86.6,0.0,69.9,29.32,306453.0,31.0,647319.0
AB-100365,Baytex Energy,Lloydminster,Gas,Colorado Group,53.2157,-109.5903,2010-08-11,2010-12-23,993.3,Producing,12.6,0.1,48.2,20.47,1361.0,69602.0,1031.0
AB-100366,Suncor Energy,Athabasca,Oil,Bakken,57.4238,-110.8925,2000-04-11,2000-09-15,1723.8,Abandoned,25.5,0.0,98.0,22.86,188886.0,60.0,59994.0
AB-100367,Whitecap Resources,Athabasca,Oil,Cardium,56.0836,-111.4499,2019-10-16,2020-02-02,2576.1,Orphan,59.0,0.0,51.0,30.18,128586.0,171.0,87084.0
AB-100368,Canadian Natural Resources,Athabasca,Gas,Viking,58.3342,-111.1864,2001-11-08,2002-04-08,2294.4,Producing,81.9,0.2,90.1,12.75,2317.0,513.0,5335.0
AB-100369,Baytex Energy,Athabasca,Heavy Oil,Bakken,56.3216,-111.3313,2003-01-10,2003-03-26,2048.4,Suspended,196.8,0.0,98.0,34.8,1632613.0,46.0,2816505.0
AB-100370,Cenovus Energy,Peace River,Gas,Cardium,56.1029,-116.781,2019-01-16,2019-02-04,2562.9,Abandoned,39.9,0.0,41.2,37.85,2446.0,7231.0,895.0
AB-100371,Suncor Energy,Peace River,Oil Sands,Viking,56.2636,-116.5454,2017-09-03,2017-10-15,1645.9,Abandoned,33.3,0.0,45.0,29.06,95490.0,89.0,94896.0
AB-100372,Canadian Natural Resources,Athabasca,Gas,Bakken,57.038,-111.0774,2022-08-05,2022-10-17,1900.4,Producing,146.1,74.2,77.8,37.82,1680.0,792.0,1413.0
AB-100373,Imperial Oil,Grande Prairie,Oil Sands,McMurray,54.8286,-118.9718,2000-05-22,2000-08-06,1892.7,Abandoned,18.1,0.0,63.7,9.91,149816.0,45.0,58424.0
AB-100374,Whitecap Resources,Medicine Hat,Heavy Oil,McMurray,50.252,-110.9999,2016-11-05,2017-03-11,3009.6,Abandoned,27.5,0.0,17.8,17.77,91215.0,485.0,218599.0
AB-100375,Cenovus Energy,Peace River,Oil,McMurray,56.6109,-116.6287,2013-04-22,2013-05-10,679.4,Producing,47.1,3.8,66.5,15.97,215999.0,10680.0,345787.0
AB-100376,Whitecap Resources,Peace River,Gas,McMurray,56.8016,-117.0585,2004-06-09,2004-11-13,586.1,Producing,15.9,0.0,,12.4,4055.0,18113.0,5949.0
AB-100377,Baytex Energy,Athabasca,Oil,McMurray,56.612,-110.9791,2008-04-06,2008-06-30,2412.9,Suspended,120.7,0.0,66.1,31.0,598448.0,313.0,724389.0
AB-100378,Whitecap Resources,Peace River,Gas,Clearwater,56.5098,-116.9147,2013-08-23,2013-09-16,983.8,Producing,113.8,1.8,53.9,4.08,3466.0,7019.0,9592.0
AB-100379,Crescent Point Energy,Peace River,Gas,McMurray,56.0386,-116.6211,2017-07-04,2017-11-23,2148.6,Producing,151.3,70.7,65.4,21.13,769.0,5606.0,2144.0
AB-100380,Suncor Energy,Cold Lake,Oil Sands,Duvernay,54.2164,-109.9367,2000-11-27,2000-12-19,1676.4,Producing,11.5,0.0,98.0,36.62,79809.0,331.0,159137.0
AB-100381,Canadian Natural Resources,Athabasca,Gas,Clearwater,57.7633,-110.8968,2008-01-26,2008-03-03,1848.6,Producing,144.8,0.8,48.3,9.63,3385.0,18365.0,8074.0
AB-100382,Whitecap Resources,Medicine Hat,Gas,McMurray,50.1194,-110.4847,2000-04-10,2000-05-23,2948.1,Producing,50.7,5.8,80.9,15.75,3969.0,995.0,9892.0
AB-100383,Crescent Point Energy,Athabasca,Oil Sands,Montney,56.6707,-111.9385,1998-05-15,1998-09-01,2414.4,Producing,160.1,0.0,98.0,22.52,1131659.0,50.0,1125118.0
AB-100384,Athabasca Oil Corp,Athabasca,Heavy Oil,Colorado Group,56.0246,-111.6429,2017-10-23,2018-02-12,2077.2,Producing,36.2,8.7,88.8,37.31,106049.0,948.0,243357.0
AB-100385,Athabasca Oil Corp,Grande Prairie,Oil Sands,Colorado Group,55.3286,-118.5494,2007-04-22,2007-10-03,,Producing,25.2,1.8,72.5,5.43,95604.0,491.0,237083.0
AB-100386,Whitecap Resources,Peace River,Oil,McMurray,56.8012,-116.8956,2023-04-02,2023-07-15,1798.5,Producing,273.5,99.0,14.1,10.45,150834.0,9.0,301374.0
AB-100387,Obsidian Energy,Grande Prairie,Oil,Montney,55.0266,-119.4998,2023-09-04,2023-11-08,1982.3,Producing,25.5,13.8,83.3,27.95,15879.0,46.0,42293.0
AB-100388,Cenovus Energy,Peace River,Oil Sands,Bakken,56.0362,-116.9489,2003-11-24,2004-02-09,886.1,Suspended,36.2,0.0,52.6,27.44,219365.0,18.0,493425.0
AB-100389,MEG Energy,Medicine Hat,Oil Sands,Bakken,50.0542,-111.1582,2000-11-01,2001-01-22,300.0,Suspended,129.4,0.0,59.2,9.73,716289.0,438.0,2131435.0
AB-100390,Cenovus Energy,Athabasca,Gas,Colorado Group,58.3403,-111.2198,2003-01-18,2003-03-10,1583.6,Producing,45.0,0.1,90.1,1.11,4654.0,2140.0,11086.0
AB-100391,Suncor Energy,Athabasca,Oil,Bakken,56.1463,-111.5419,2017-07-24,2017-10-26,1157.8,Producing,74.9,10.1,20.3,34.98,123917.0,31.0,69836.0
AB-100392,Crescent Point Energy,Athabasca,Heavy Oil,Cardium,56.4207,-111.1275,2012-06-27,2012-11-22,392.6,Producing,87.8,5.8,68.9,1.21,261762.0,964.0,398874.0
AB-100393,Suncor Energy,Lloydminster,Gas,Bakken,53.2007,-110.1716,2020-12-18,2021-05-03,2407.6,Suspended,45.9,0.0,40.3,8.15,3792.0,6230.0,1363.0
AB-100394,Obsidian Energy,Cold Lake,Oil Sands,Viking,54.5257,-110.2444,2004-04-22,2004-09-05,2213.0,Suspended,656.1,0.0,52.4,39.06,4776659.0,569.0,12360566.0
AB-100395,Suncor Energy,Lloydminster,Gas,Cardium,53.3385,-109.887,2001-12-24,2002-03-17,581.7,Producing,27.7,0.0,63.6,5.86,2931.0,39.0,6927.0
AB-100396,,Peace River,Oil,Montney,56.5085,-117.0232,2010-10-18,2011-01-07,694.4,Abandoned,31.9,0.0,47.9,9.04,120063.0,126.0,277321.0
AB-100397,Crescent Point Energy,Medicine Hat,Gas,Clearwater,49.8887,-110.747,2001-08-24,2001-09-24,2578.5,Producing,81.2,0.1,89.6,32.64,164.0,2830.0,257.0
AB-100398,Cenovus Energy,Peace River,Oil Sands,Montney,56.8341,-117.0103,2003-03-11,2003-05-05,1343.7,Producing,69.4,0.1,73.9,30.78,392495.0,322.0,237604.0
AB-100399,Athabasca Oil Corp,Grande Prairie,Gas,Duvernay,55.3514,-118.8923,2015-02-10,2015-07-13,2686.8,Producing,106.6,8.1,17.6,20.17,4878.0,5612.0,5852.0
AB-100400,Canadian Natural Resources,Peace River,Heavy Oil,Bakken,56.9562,-116.7333,2016-04-19,2016-05-12,1886.0,Producing,35.9,7.5,33.1,34.01,81780.0,222.0,118141.0
AB-100401,MEG Energy,Grande Prairie,Heavy Oil,Cardium,55.104,-119.0515,2012-03-23,2012-06-05,1977.4,Orphan,29.2,0.0,57.5,36.41,97730.0,5.0,236013.0
AB-100402,Cenovus Energy,Peace River,Oil,Clearwater,56.9859,-117.1914,2019-11-21,2019-12-13,1785.4,Producing,13.9,5.9,82.1,30.15,14660.0,12.0,27660.0
AB-100403,Crescent Point Energy,Medicine Hat,Oil Sands,Clearwater,50.4011,-111.106,2004-08-17,2005-01-05,2009.0,Suspended,81.4,0.0,,27.74,541522.0,302.0,941301.0
AB-100404,Crescent Point Energy,Lloydminster,Oil,Bakken,53.0621,-109.8359,2003-07-01,2003-08-28,1486.9,Producing,14.1,0.0,60.6,38.29,48434.0,184.0,136426.0
AB-100405,Baytex Energy,Lloydminster,Oil,Montney,52.8108,-109.546,2005-01-08,2005-05-28,1740.7,Producing,67.7,0.0,84.7,11.94,505793.0,10.0,361179.0
AB-100406,Imperial Oil,Athabasca,Oil,Montney,57.4905,-110.6261,2018-03-18,2018-08-18,2497.9,Producing,183.9,57.3,72.3,7.11,346945.0,80.0,520106.0
AB-100407,Whitecap Resources,Lloydminster,Oil,Duvernay,53.1811,-109.5633,2014-11-09,2014-12-30,1822.7,Producing,171.3,24.9,42.1,16.52,508474.0,361.0,1255027.0
AB-100408,Crescent Point Energy,Lloydminster,Oil,Cardium,52.8574,-109.5598,2014-05-15,2014-06-12,1814.1,Producing,76.9,11.5,90.3,27.67,293256.0,75.0,474231.0
AB-100409,Canadian Natural Resources,Athabasca,Oil,McMurray,58.3816,-111.334,1999-03-18,1999-08-28,1643.7,Producing,21.1,0.2,98.0,1.73,168395.0,40.0,113215.0
AB-100410,Athabasca Oil Corp,Athabasca,Heavy Oil,Colorado Group,57.2827,-110.9939,2000-06-04,2000-09-14,1968.1,Producing,96.2,0.3,98.0,28.85,795546.0,116.0,1115080.0
AB-100411,Athabasca Oil Corp,Athabasca,Gas,Duvernay,56.387,-111.4455,2018-01-02,2018-03-15,967.7,Abandoned,492.4,0.0,50.2,25.82,4171.0,16531.0,10257.0
AB-100412,Obsidian Energy,Cold Lake,Oil Sands,Duvernay,54.2268,-110.0193,2019-01-06,2019-05-28,2248.6,Producing,71.7,7.4,46.5,22.59,129322.0,296.0,244313.0
AB-100413,Baytex Energy,Lloydminster,Oil,Montney,52.9182,-109.9111,2011-02-02,2011-03-13,1654.0,Producing,43.7,1.4,90.6,20.42,178323.0,16.0,322562.0
AB-100414,Baytex Energy,Cold Lake,Oil,Bakken,54.6486,-109.837,2001-07-02,2001-09-21,1679.0,Producing,45.1,0.1,54.1,7.87,309726.0,597.0,356887.0
AB-100415,Crescent Point Energy,Lloydminster,Oil,Montney,53.1637,-109.8334,1998-12-02,1999-05-21,560.7,Producing,72.4,0.1,77.4,13.6,361913.0,180.0,365210.0
AB-100416,Obsidian Energy,Peace River,Oil,Duvernay,56.8635,-116.8259,2002-02-12,2002-04-27,2361.5,Suspended,106.8,0.0,86.8,28.33,781970.0,1425.0,685865.0
AB-100417,Imperial Oil,Peace River,Oil,Cardium,56.1761,-116.7567,2017-08-09,2017-11-02,2586.0,Producing,56.0,9.8,39.1,29.63,75917.0,46.0,149340.0
AB-100418,Crescent Point Energy,Lloydminster,Oil Sands,Montney,52.8741,-110.1293,2002-06-17,2002-09-17,1490.6,Producing,172.8,2.2,50.6,32.43,835828.0,332.0,408986.0
AB-100419,Crescent Point Energy,Lloydminster,Oil,Cardium,53.0391,-110.0809,2004-11-22,2005-03-02,756.2,Producing,129.0,0.1,47.7,19.4,699874.0,22.0,1593642.0
AB-100420,Whitecap Resources,Cold Lake,Oil,Colorado Group,54.7166,-110.4595,2017-04-16,2017-08-28,1814.8,Producing,24.1,3.8,29.7,27.78,69638.0,1300.0,28508.0
AB-100421,Suncor Energy,Peace River,Oil,Duvernay,56.0365,-116.8797,2017-05-15,2017-11-09,1478.1,Producing,118.4,20.3,30.2,21.84,334612.0,30.0,627478.0
AB-100422,MEG Energy,Peace River,Oil Sands,Duvernay,56.0083,-116.72,2020-05-08,2020-10-27,1367.0,Producing,194.0,52.2,46.8,26.45,179497.0,76.0,123719.0
AB-100423,Obsidian Energy,Medicine Hat,Oil,Bakken,49.887,-111.0286,2011-09-07,2011-10-17,4189.9,Abandoned,271.6,0.0,27.1,27.19,603090.0,104.0,1686577.0
AB-100424,Whitecap Resources,Lloydminster,Heavy Oil,Duvernay,53.2904,-109.5467,1998-12-26,1999-05-09,2462.1,Producing,175.3,9.6,98.0,1.38,786074.0,482.0,395201.0
AB-100425,Athabasca Oil Corp,Athabasca,Oil,Bakken,56.3953,-111.4922,2015-03-16,2015-07-31,555.6,Abandoned,20.1,0.0,52.6,24.55,66771.0,210.0,39949.0
AB-100426,Suncor Energy,Peace River,Oil,Clearwater,56.6152,-116.672,2014-10-23,2015-03-28,1760.8,Producing,83.7,20.2,52.3,35.85,218679.0,83.0,295912.0
AB-100427,Obsidian Energy,Medicine Hat,Oil,Montney,50.3671,-110.9871,2002-12-26,2003-04-03,451.5,Producing,106.0,1.3,85.3,31.61,469313.0,236.0,949665.0
AB-100428,Obsidian Energy,Athabasca,Gas,Cardium,57.9379,-110.7945,2013-06-22,2013-10-21,3144.6,Producing,107.7,10.1,50.7,27.81,1863.0,11063.0,4450.0
AB-100429,Cenovus Energy,Grande Prairie,Heavy Oil,McMurray,55.3572,-119.124,2015-05-17,2015-11-10,1240.2,Producing,50.5,12.0,28.7,5.21,185864.0,162.0,514222.0
AB-100430,Imperial Oil,Cold Lake,Gas,Cardium,54.4473,-110.1275,2006-11-05,2007-04-29,1185.8,Producing,18.8,3.1,65.0,2.52,3295.0,7707.0,5303.0
AB-100431,Canadian Natural Resources,Cold Lake,Heavy Oil,Viking,54.6981,-110.1447,2004-07-18,2004-08-27,1528.7,Producing,67.8,0.4,48.1,39.4,265208.0,394.0,387280.0
AB-100432,Whitecap Resources,Grande Prairie,Gas,Clearwater,55.331,-119.0102,2001-10-02,2001-10-24,1935.4,Producing,216.8,3.7,84.5,9.58,1006.0,1350.0,1672.0
AB-100433,Cenovus Energy,Cold Lake,Gas,Bakken,54.2209,-109.8487,1999-01-27,1999-07-17,2747.1,Producing,228.1,0.6,58.0,14.18,2349.0,12048.0,2803.0
AB-100434,Baytex Energy,Cold Lake,Heavy Oil,Montney,54.5869,-110.0625,2016-05-24,2016-10-13,2482.7,Producing,84.6,11.9,76.2,5.86,155915.0,352.0,383415.0
AB-100435,Obsidian Energy,Athabasca,Gas,Colorado Group,57.7935,-110.5851,2004-03-16,2004-06-03,1660.3,Suspended,307.7,0.0,57.3,35.33,4805.0,336.0,13026.0
AB-100436,Athabasca Oil Corp,Peace River,Oil,Montney,56.6893,-116.5609,2001-05-23,2001-07-28,2171.4,Suspended,17.0,0.0,54.3,24.24,66590.0,286.0,95467.0
AB-100437,Suncor Energy,Lloydminster,Oil,Montney,53.3005,-109.6508,1999-10-20,2000-02-08,1041.7,Suspended,23.9,0.0,83.9,37.4,131589.0,14.0,117275.0
AB-100438,Obsidian Energy,Cold Lake,Oil,Duvernay,54.6832,-110.3795,2018-04-07,2018-09-01,2759.8,Producing,293.9,45.0,48.8,39.68,455140.0,125.0,818073.0
AB-100439,MEG Energy,Athabasca,Oil Sands,Cardium,58.093,-111.8601,2017-03-14,2017-06-10,2688.5,Abandoned,39.4,0.0,65.5,23.74,121753.0,91.0,144816.0
AB-100440,Crescent Point Energy,Peace River,Oil Sands,Duvernay,56.247,-116.7101,2007-03-04,2007-04-20,1753.4,Producing,72.4,0.2,41.9,30.54,273813.0,261.0,332502.0
AB-100441,Baytex Energy,Cold Lake,Oil Sands,Duvernay,54.5564,-110.011,2018-02-14,2018-04-06,1070.7,Producing,74.4,19.4,32.4,10.45,113802.0,49.0,272229.0
AB-100442,Imperial Oil,Lloydminster,Oil Sands,Clearwater,53.1042,-109.7188,2013-01-19,2013-02-13,2188.8,Producing,71.7,11.1,66.5,32.61,340883.0,20.0,1019585.0
AB-100443,Imperial Oil,Lloydminster,Heavy Oil,McMurray,53.2329,-110.1383,2001-04-12,2001-06-21,2408.6,Producing,942.7,28.4,79.8,35.15,7501443.0,170.0,21358527.0
AB-100444,Canadian Natural Resources,Grande Prairie,Gas,Cardium,55.433,-119.2414,2021-05-26,2021-08-14,1279.4,Producing,105.9,50.6,81.6,4.9,4025.0,26242.0,9091.0
AB-100445,Baytex Energy,Medicine Hat,Gas,Viking,50.1492,-110.4087,2019-01-16,2019-04-10,910.8,Abandoned,52.1,0.0,60.5,15.39,3610.0,11535.0,2781.0
AB-100446,Cenovus Energy,Medicine Hat,Gas,Viking,50.1227,-110.6608,2022-09-24,2023-02-16,2200.7,Suspended,95.3,0.0,,4.05,3941.0,1855.0,10272.0
AB-100447,Cenovus Energy,Peace River,Oil Sands,Cardium,56.1135,-116.9533,2021-12-19,2022-04-23,2020.0,Abandoned,26.4,0.0,76.3,26.5,37989.0,1476.0,17215.0
AB-100448,Obsidian Energy,Peace River,Oil Sands,McMurray,56.9864,-116.7849,2004-04-07,2004-07-10,1606.9,Producing,14.4,0.0,45.9,18.96,79790.0,321.0,88765.0
AB-100449,Canadian Natural Resources,Medicine Hat,Oil,Bakken,49.8672,-110.9623,2020-06-12,2020-09-23,563.4,Suspended,58.0,0.0,27.9,33.53,50764.0,395.0,44431.0
AB-100450,Imperial Oil,Athabasca,Heavy Oil,Montney,58.4605,-111.9545,2018-12-16,2019-02-26,1738.3,Abandoned,57.2,0.0,85.7,6.8,103256.0,1409.0,50355.0
AB-100451,Cenovus Energy,Grande Prairie,Gas,Duvernay,55.5765,-118.7839,2017-09-04,2017-09-26,1240.2,Suspended,90.6,0.0,35.6,14.33,3418.0,1884.0,1207.0
AB-100452,Athabasca Oil Corp,Grande Prairie,Oil Sands,Montney,55.1661,-119.2413,2010-04-05,2010-05-12,2601.0,Producing,345.6,3.8,98.0,4.04,106426.0,776.0,77960.0
AB-100453,Canadian Natural Resources,Peace River,Oil,Clearwater,56.1064,-117.4177,2017-05-08,2017-08-30,2652.2,Producing,25.7,11.4,48.4,38.28,44338.0,1.0,75153.0
AB-100454,Whitecap Resources,Medicine Hat,Gas,Colorado Group,50.4503,-110.8976,2004-02-01,2004-05-27,1340.5,Orphan,75.0,0.0,95.9,26.05,1380.0,1034.0,2243.0
AB-100455,Whitecap Resources,Peace River,Gas,Bakken,56.2846,-117.1366,2009-12-02,2010-03-27,1232.2,Producing,34.9,0.4,36.9,3.78,346.0,13300.0,300.0
AB-100456,Obsidian Energy,Grande Prairie,Oil,McMurray,55.1752,-119.1659,2020-07-22,2020-11-19,1096.7,Producing,208.1,32.3,80.8,31.67,391713.0,227.0,380668.0
AB-100457,Baytex Energy,Cold Lake,Heavy Oil,Duvernay,54.7128,-110.1527,2015-01-11,2015-03-21,2617.3,Producing,16.8,5.8,43.4,6.64,33752.0,39.0,96134.0
AB-100458,Suncor Energy,Peace River,Oil Sands,Duvernay,56.4066,-117.1444,2007-02-08,2007-02-28,1351.9,Producing,253.5,7.6,34.3,1.75,1531595.0,883.0,3824910.0
AB-100459,Suncor Energy,Cold Lake,Gas,Cardium,54.1221,-109.8986,2018-12-23,2019-04-23,,Orphan,26.2,0.0,68.7,19.37,4589.0,9511.0,6173.0
AB-100460,Cenovus Energy,Medicine Hat,Heavy Oil,Montney,50.099,-111.0132,2005-03-05,2005-05-24,2014.0,Producing,34.5,2.1,,13.54,129623.0,1419.0,312712.0
AB-100461,Cenovus Energy,Lloydminster,Oil,Duvernay,52.9204,-109.9989,2011-10-15,2012-02-23,1044.0,Abandoned,58.4,0.0,70.4,5.6,135834.0,574.0,191850.0
AB-100462,Suncor Energy,Medicine Hat,Oil Sands,McMurray,50.3479,-110.8357,2010-11-26,2010-12-31,1037.8,Producing,54.3,1.3,30.7,36.66,130088.0,139.0,183972.0
AB-100463,Cenovus Energy,Cold Lake,Oil Sands,Clearwater,54.2198,-110.4234,2012-02-14,2012-07-31,2182.1,Producing,81.3,11.2,95.0,32.2,252000.0,401.0,193043.0
AB-100464,Obsidian Energy,Cold Lake,Oil,Clearwater,54.4,-110.4014,2014-06-08,2014-11-10,1540.1,Suspended,65.7,0.0,68.5,31.38,156713.0,73.0,281721.0
AB-100465,Athabasca Oil Corp,Grande Prairie,Heavy Oil,Bakken,55.1661,-119.2317,2002-06-19,2002-07-21,1122.6,Suspended,19.1,0.0,98.0,33.44,132231.0,5.0,164328.0
AB-100466,Imperial Oil,Grande Prairie,Gas,Bakken,55.0761,-119.3935,2009-03-04,2009-06-28,1165.9,Orphan,32.1,0.0,75.1,37.95,4423.0,7085.0,10413.0
AB-100467,MEG Energy,Peace River,Oil,Colorado Group,56.4768,-116.6774,2018-11-24,2019-05-04,939.7,Producing,29.6,6.2,46.5,4.73,61138.0,66.0,125161.0
AB-100468,Athabasca Oil Corp,Athabasca,Gas,Duvernay,56.05,-111.6207,1999-09-20,1999-12-03,1947.0,Producing,116.0,0.0,60.5,22.84,3948.0,8908.0,11700.0
AB-100469,Cenovus Energy,Medicine Hat,Oil,Colorado Group,49.8224,-111.1334,2002-07-07,2002-12-21,2774.3,Producing,214.9,3.2,60.1,31.87,1264367.0,369.0,2211230.0
AB-100470,Crescent Point Energy,Cold Lake,Oil,Duvernay,54.3275,-109.8732,2007-06-21,2007-10-13,2374.6,Abandoned,29.4,0.0,51.0,15.34,150739.0,4136.0,441185.0
AB-100471,Whitecap Resources,Medicine Hat,Oil,McMurray,50.4041,-110.8149,2005-07-06,2005-10-29,1840.1,Producing,141.6,1.2,98.0,23.61,545036.0,388.0,548517.0
AB-100472,Obsidian Energy,Grande Prairie,Oil Sands,Montney,55.0978,-118.7793,2014-08-02,2014-11-26,2204.0,Producing,56.8,2.7,55.8,28.96,110545.0,364.0,250930.0
AB-100473,Canadian Natural Resources,Athabasca,Oil Sands,Colorado Group,56.5506,-110.7067,2006-03-12,2006-07-26,2397.3,Abandoned,118.8,0.0,79.9,5.78,461071.0,3985.0,175098.0
AB-100474,Baytex Energy,Lloydminster,Oil Sands,Viking,53.3219,-109.7765,2023-11-03,2023-12-03,1344.5,Producing,49.7,25.2,41.2,1.48,37015.0,33.0,44173.0
AB-100475,Crescent Point Energy,Grande Prairie,Heavy Oil,Montney,55.1762,-118.9308,2016-10-20,2017-02-17,1201.4,Producing,144.6,28.2,59.6,19.89,359890.0,17.0,585841.0
AB-100476,Whitecap Resources,Cold Lake,Oil,McMurray,54.0877,-109.9753,2008-10-11,2008-12-23,875.9,Producing,53.8,0.3,60.8,13.17,321640.0,191.0,378557.0
AB-100477,Cenovus Energy,Peace River,Heavy Oil,Colorado Group,56.3251,-117.0289,2014-01-14,2014-06-29,2542.0,Suspended,139.9,0.0,33.3,3.1,521333.0,115.0,1146657.0
AB-100478,Canadian Natural Resources,Medicine Hat,Oil,Montney,50.0329,-110.7974,2019-08-06,2019-09-10,1865.4,Suspended,97.2,0.0,45.2,11.88,179819.0,56.0,298954.0
AB-100479,Baytex Energy,Athabasca,Gas,Viking,58.3984,-111.6878,2017-08-06,2017-11-09,1208.5,Producing,264.6,78.4,60.2,16.98,2625.0,22931.0,4169.0
AB-100480,Baytex Energy,Peace River,Oil,Clearwater,56.3167,-117.2418,2018-02-08,2018-07-13,2149.6,Suspended,49.1,0.0,39.5,23.55,80061.0,1048.0,189801.0
AB-100481,Athabasca Oil Corp,Medicine Hat,Oil Sands,Clearwater,50.3013,-110.8666,2014-08-07,2014-09-22,1166.9,Producing,46.3,1.2,89.6,38.91,152639.0,497.0,450257.0
AB-100482,MEG Energy,Medicine Hat,Gas,Viking,50.1378,-110.9271,2000-03-02,2000-04-18,,Producing,16.2,1.7,49.5,36.72,4791.0,15057.0,1634.0
AB-100483,Canadian Natural Resources,Medicine Hat,Gas,Cardium,49.8109,-110.6832,2015-08-09,2015-12-20,2763.8,Producing,145.7,56.1,84.0,16.51,3125.0,1400.0,7516.0
AB-100484,Cenovus Energy,Athabasca,Oil,Viking,58.1127,-111.2796,2018-06-16,2018-08-21,3952.9,Producing,32.5,8.0,33.1,33.29,60438.0,68.0,128188.0
AB-100485,Imperial Oil,Medicine Hat,Oil,Colorado Group,50.1233,-111.183,2010-06-15,2010-07-14,1814.8,Suspended,237.5,0.0,98.0,25.96,963411.0,59.0,2497793.0
AB-100486,Imperial Oil,Athabasca,Gas,Bakken,56.3406,-111.0544,2001-02-08,2001-04-11,2961.7,Orphan,52.5,0.0,98.0,34.19,2137.0,21767.0,3400.0
AB-100487,Imperial Oil,Athabasca,Oil Sands,Montney,56.828,-111.822,2010-07-06,2010-11-22,2387.4,Producing,85.1,2.5,50.1,31.83,253340.0,86.0,255045.0
AB-100488,Obsidian Energy,Lloydminster,Gas,Viking,53.1535,-109.7466,2010-12-19,2011-05-28,1601.9,Producing,63.9,6.3,28.0,6.06,3750.0,2207.0,10503.0
AB-100489,Obsidian Energy,Grande Prairie,Heavy Oil,Cardium,55.333,-119.2644,2011-11-23,2012-02-26,2140.8,Suspended,98.7,0.0,63.6,13.1,346744.0,62.0,463710.0
AB-100490,Suncor Energy,Lloydminster,Oil,Bakken,53.2314,-109.8523,2017-01-10,2017-06-22,1125.6,Producing,11.7,2.3,,21.37,16033.0,821.0,25763.0
AB-100491,MEG Energy,Grande Prairie,Oil,Colorado Group,55.2353,-119.3456,2012-11-24,2013-01-07,973.8,Orphan,101.6,0.0,67.6,11.97,480066.0,357.0,213423.0
AB-100492,,Peace River,Oil,Viking,56.4271,-116.9453,1998-07-13,1998-09-19,1354.3,Producing,134.2,0.0,60.2,24.92,752604.0,102.0,524409.0
AB-100493,MEG Energy,Medicine Hat,Heavy Oil,Clearwater,50.0919,-110.9196,2003-10-09,2004-01-25,1736.5,Producing,1197.4,1.3,49.0,13.38,7545784.0,46.0,15562813.0
AB-100494,Canadian Natural Resources,Medicine Hat,Heavy Oil,McMurray,50.2436,-110.4959,2004-03-08,2004-08-30,1470.5,Producing,182.9,0.9,88.4,39.9,1013718.0,161.0,2532111.0
AB-100495,MEG Energy,Peace River,Heavy Oil,Colorado Group,56.708,-117.2458,2018-03-16,2018-08-03,871.6,Producing,16.6,4.5,59.9,34.05,28881.0,1164.0,39853.0
AB-100496,Imperial Oil,Athabasca,Gas,Cardium,58.4231,-111.087,2014-02-11,2014-05-31,1991.9,Producing,211.8,45.2,46.5,12.52,968.0,125.0,701.0
AB-100497,Obsidian Energy,Medicine Hat,Oil Sands,Clearwater,49.9312,-110.8414,2018-09-06,2018-11-02,2480.2,Abandoned,118.4,0.0,31.0,17.89,163561.0,533.0,412408.0
AB-100498,MEG Energy,Peace River,Oil,McMurray,56.853,-116.5271,2004-11-25,2005-04-08,2244.8,Producing,48.2,1.7,63.6,17.56,252754.0,2642.0,718779.0
AB-100499,Suncor Energy,Peace River,Heavy Oil,Duvernay,56.524,-116.9279,2021-09-19,2021-11-23,1938.5,Producing,65.8,14.7,48.9,4.21,84038.0,184.0,57242.0
AB-100500,Obsidian Energy,Athabasca,Oil Sands,McMurray,56.5887,-111.7934,2012-10-02,2013-03-15,2741.9,Producing,30.6,9.3,98.0,28.81,84545.0,5.0,53118.0
AB-100501,Imperial Oil,Lloydminster,Gas,McMurray,53.0655,-109.7471,2021-09-12,2022-03-01,1951.0,Producing,79.3,24.3,,32.03,1679.0,18787.0,4245.0
AB-100502,Imperial Oil,Grande Prairie,Oil Sands,Colorado Group,55.0489,-119.1793,2018-07-09,2018-10-14,2047.7,Producing,244.4,53.2,19.2,34.47,405702.0,1798.0,1185665.0
AB-100503,Cenovus Energy,Peace River,Gas,Duvernay,56.1904,-116.5591,2006-09-20,2007-02-18,300.0,Producing,151.0,8.6,96.5,11.59,2246.0,11987.0,2415.0
AB-100504,Obsidian Energy,Athabasca,Gas,Duvernay,56.0247,-110.9832,2009-01-21,2009-03-14,2078.6,Producing,784.5,3.2,50.8,14.05,919.0,88082.0,1964.0
AB-100505,Obsidian Energy,Lloydminster,Gas,Colorado Group,52.9264,-109.5358,2015-02-11,2015-06-30,2547.7,Abandoned,21.8,0.0,48.5,9.28,4556.0,2962.0,1447.0
AB-100506,Cenovus Energy,Grande Prairie,Heavy Oil,Colorado Group,55.5698,-118.8464,2019-06-12,2019-08-21,2330.4,Producing,39.2,5.7,27.1,30.28,55434.0,340.0,102223.0
AB-100507,Athabasca Oil Corp,Athabasca,Oil,Bakken,58.3628,-111.6783,2006-12-19,2007-04-01,1963.7,Producing,190.3,0.3,98.0,19.35,586724.0,119.0,1108995.0
AB-100508,Cenovus Energy,Cold Lake,Oil,McMurray,54.1962,-110.0068,2013-09-27,2014-01-12,2504.5,Producing,46.5,8.1,74.0,1.58,129964.0,170.0,89189.0
AB-100509,Cenovus Energy,Medicine Hat,Heavy Oil,Colorado Group,50.0714,-111.0191,2021-12-22,2022-03-06,1950.1,Abandoned,57.1,0.0,74.7,18.28,45640.0,2111.0,79999.0
AB-100510,Cenovus Energy,Cold Lake,Heavy Oil,Duvernay,54.444,-110.299,2015-09-26,2015-12-05,2673.9,Producing,134.4,25.5,27.2,16.39,324439.0,154.0,496549.0
AB-100511,Obsidian Energy,Athabasca,Oil,Viking,56.0625,-111.0942,2015-09-25,2015-10-22,1747.0,Producing,266.1,64.3,72.4,18.61,773498.0,92.0,1122653.0
AB-100512,Athabasca Oil Corp,Grande Prairie,Oil Sands,Colorado Group,55.3211,-119.3459,2018-03-21,2018-06-28,1777.3,Suspended,289.5,0.0,31.6,14.79,582953.0,910.0,1115098.0
AB-100513,Athabasca Oil Corp,Medicine Hat,Heavy Oil,Montney,50.34,-111.1983,2013-06-15,2013-11-19,1480.8,Producing,97.0,6.6,90.4,27.1,346156.0,248.0,910229.0
AB-100514,Obsidian Energy,Lloydminster,Oil,McMurray,53.2244,-109.7298,2023-06-07,2023-08-20,1639.0,Suspended,165.6,0.0,38.0,31.28,130545.0,69.0,266283.0
AB-100515,Whitecap Resources,Peace River,Heavy Oil,Clearwater,56.2562,-117.2454,2000-05-08,2000-06-11,1203.0,Producing,94.6,5.5,72.7,8.19,407672.0,1225.0,170475.0
AB-100516,Baytex Energy,Medicine Hat,Heavy Oil,Colorado Group,50.2556,-110.8198,1998-10-17,1999-02-23,1962.6,Producing,94.8,5.2,55.1,18.52,498488.0,144.0,290380.0
AB-100517,Suncor Energy,Grande Prairie,Heavy Oil,Clearwater,55.4513,-118.8939,2014-12-25,2015-01-25,2702.2,Producing,52.1,11.1,66.3,39.97,213204.0,541.0,206503.0
AB-100518,Athabasca Oil Corp,Medicine Hat,Oil,Cardium,50.4525,-110.9004,2017-06-16,2017-11-25,2415.6,Producing,61.2,6.1,34.0,3.58,102791.0,14.0,66322.0
AB-100519,Canadian Natural Resources,Athabasca,Gas,Bakken,57.3455,-110.8117,2001-05-09,2001-09-08,2210.9,Producing,80.0,3.3,98.0,25.18,2678.0,1358.0,7824.0
AB-100520,,Grande Prairie,Oil,Viking,55.1848,-119.0856,2020-10-01,2021-02-07,,Producing,124.8,77.3,14.1,1.12,135346.0,223.0,158920.0
AB-100521,Canadian Natural Resources,Peace River,Oil,Clearwater,56.3395,-116.8198,2000-10-15,2001-01-12,903.4,Producing,32.4,1.2,98.0,30.02,274107.0,112.0,210682.0
AB-100522,MEG Energy,Medicine Hat,Gas,Colorado Group,50.2602,-111.0443,2019-11-19,2020-05-15,,Suspended,70.9,0.0,30.6,35.27,1784.0,7787.0,1980.0
AB-100523,Obsidian Energy,Grande Prairie,Oil,Cardium,54.9046,-118.9286,2003-05-19,2003-09-01,1153.8,Producing,108.1,0.1,75.3,23.94,846256.0,267.0,761929.0
AB-100524,Crescent Point Energy,Peace River,Oil,Montney,56.6759,-116.5064,2023-06-18,2023-10-31,3936.2,Producing,81.5,35.1,44.7,2.64,74083.0,124.0,119130.0
AB-100525,Crescent Point Energy,Cold Lake,Oil,McMurray,54.674,-110.1738,2004-03-12,2004-05-28,1236.0,Producing,57.8,2.0,85.8,37.75,315253.0,322.0,359435.0
AB-100526,Whitecap Resources,Medicine Hat,Oil,Clearwater,50.0844,-111.0665,1998-05-18,1998-10-06,987.9,Producing,477.2,7.8,68.0,29.11,1911043.0,25.0,995703.0
AB-100527,Suncor Energy,Cold Lake,Heavy Oil,Duvernay,54.4259,-110.3126,2016-02-26,2016-03-25,2250.8,Suspended,292.7,0.0,55.1,18.16,748054.0,2.0,1778484.0
AB-100528,Suncor Energy,Athabasca,Oil,Montney,58.382,-110.8082,2011-03-15,2011-05-19,1870.0,Producing,106.2,24.8,65.0,16.99,455109.0,2.0,1194190.0
AB-100529,Suncor Energy,Grande Prairie,Heavy Oil,Viking,55.2556,-118.6234,2013-05-24,2013-09-15,2933.3,Orphan,50.9,0.0,43.6,20.83,153754.0,1105.0,405688.0
AB-100530,Whitecap Resources,Medicine Hat,Gas,Bakken,50.4581,-110.8941,2023-10-24,2024-02-11,1545.0,Producing,412.6,195.6,9.5,13.08,4715.0,6509.0,9971.0
AB-100531,Suncor Energy,Medicine Hat,Gas,Bakken,50.3844,-110.5906,2019-01-21,2019-03-27,1082.5,Producing,103.4,48.8,57.4,24.41,4885.0,3779.0,9935.0
AB-100532,Canadian Natural Resources,Athabasca,Gas,Duvernay,57.5845,-111.1464,2021-08-19,2021-12-22,2380.9,Suspended,71.0,0.0,26.4,8.36,2845.0,10413.0,3172.0
AB-100533,MEG Energy,Grande Prairie,Oil Sands,Bakken,55.1117,-118.8935,2011-05-06,2011-08-19,2292.9,Producing,133.3,25.0,43.6,17.66,339805.0,124.0,554782.0
AB-100534,Crescent Point Energy,Medicine Hat,Oil,Montney,50.0077,-110.5264,2020-10-27,2020-12-09,989.7,Producing,102.0,29.5,32.6,35.1,105449.0,21.0,251803.0
AB-100535,Whitecap Resources,Peace River,Oil Sands,Duvernay,56.3611,-116.6478,2012-09-21,2012-11-13,1585.5,Producing,62.7,0.6,69.6,24.88,207020.0,36.0,468318.0
AB-100536,Imperial Oil,Peace River,Heavy Oil,Viking,56.3239,-116.8635,2004-10-16,2005-02-19,2188.1,Producing,47.2,6.6,96.7,28.07,340401.0,23.0,151212.0
AB-100537,Imperial Oil,Cold Lake,Oil Sands,McMurray,54.3523,-110.005,2018-02-08,2018-06-19,2222.5,Suspended,65.3,0.0,64.2,8.71,139168.0,389.0,85358.0
AB-100538,Cenovus Energy,Cold Lake,Gas,Clearwater,54.756,-109.8086,2020-08-05,2020-09-04,2152.4,Suspended,129.4,0.0,58.7,27.69,95.0,11847.0,67.0
AB-100539,Suncor Energy,Medicine Hat,Oil,Duvernay,49.8193,-110.5328,2001-01-17,2001-07-06,2782.2,Producing,86.1,1.4,91.0,34.99,486790.0,87.0,1396760.0
AB-100540,Cenovus Energy,Medicine Hat,Oil Sands,Clearwater,50.3897,-110.7227,2007-01-04,2007-04-07,2705.4,Producing,97.5,11.8,,17.73,580304.0,20.0,1316324.0
AB-100541,Crescent Point Energy,Athabasca,Heavy Oil,McMurray,56.8737,-110.6174,2003-10-10,2003-11-30,1331.7,Producing,290.4,0.2,76.6,30.46,1818093.0,59.0,3925806.0
AB-100542,Athabasca Oil Corp,Lloydminster,Heavy Oil,Bakken,52.8266,-109.6277,1999-03-21,1999-07-08,1782.4,Suspended,81.6,0.0,54.7,38.85,488039.0,263.0,790382.0
AB-100543,MEG Energy,Athabasca,Gas,McMurray,56.9966,-111.8206,2021-09-01,2022-02-07,2516.9,Producing,336.1,105.1,57.3,18.4,3474.0,912.0,1789.0
AB-100544,Athabasca Oil Corp,Lloydminster,Gas,Colorado Group,53.2042,-110.1946,2017-09-23,2018-01-28,1823.1,Producing,224.1,13.7,50.8,9.73,2220.0,20281.0,6036.0
AB-100545,Cenovus Energy,Peace River,Oil,Montney,56.3932,-116.6736,2020-07-09,2020-11-01,1757.4,Producing,21.3,5.0,52.7,13.45,28010.0,198.0,29527.0
AB-100546,Obsidian Energy,Lloydminster,Heavy Oil,Clearwater,53.2118,-110.0513,2023-04-03,2023-07-05,744.9,Producing,81.2,28.8,32.3,11.26,40078.0,649.0,85131.0
AB-100547,Obsidian Energy,Lloydminster,Oil Sands,McMurray,53.3659,-109.694,2022-02-21,2022-06-27,1874.7,Producing,66.0,32.8,60.3,21.05,88642.0,45.0,253704.0
AB-100548,Obsidian Energy,Peace River,Oil Sands,Clearwater,56.3352,-117.458,2003-07-19,2004-01-06,1592.4,Suspended,27.3,0.0,60.5,9.43,101251.0,520.0,186306.0
AB-100549,Suncor Energy,Peace River,Oil Sands,Duvernay,56.8383,-116.9445,2009-10-20,2010-01-12,2543.5,Abandoned,49.8,0.0,,32.59,206181.0,6.0,345326.0
AB-100550,Obsidian Energy,Medicine Hat,Oil Sands,Cardium,50.4056,-110.747,2006-04-14,2006-08-18,804.4,Producing,83.1,0.8,77.5,34.92,397587.0,793.0,987043.0
AB-100551,Crescent Point Energy,Athabasca,Oil Sands,Montney,57.2386,-111.8497,2023-07-17,2023-09-08,567.9,Producing,119.8,65.3,43.7,10.52,74272.0,167.0,128234.0
AB-100552,Baytex Energy,Medicine Hat,Heavy Oil,Duvernay,50.0353,-110.9645,2001-11-18,2002-01-13,2587.0,Producing,23.6,0.8,83.3,7.52,90766.0,67.0,121757.0
AB-100553,MEG Energy,Cold Lake,Oil,Cardium,54.1652,-109.8211,2021-07-22,2022-01-10,2918.2,Producing,32.1,8.3,43.3,19.1,35088.0,13.0,17878.0
AB-100554,Suncor Energy,Medicine Hat,Oil Sands,Clearwater,50.0238,-110.8951,2003-12-13,2004-03-17,2236.8,Producing,166.9,0.2,73.1,27.46,782296.0,98.0,767263.0
AB-100555,Cenovus Energy,Lloydminster,Heavy Oil,Colorado Group,52.8444,-110.0775,2015-01-10,2015-06-28,784.1,Abandoned,29.0,0.0,67.5,23.4,103901.0,38.0,96527.0
AB-100556,Crescent Point Energy,Cold Lake,Oil,Colorado Group,54.3328,-110.3794,2000-02-08,2000-05-21,1510.6,Producing,117.7,0.0,65.7,4.83,717457.0,185.0,1637103.0
AB-100557,Athabasca Oil Corp,Lloydminster,Oil,Montney,53.2633,-109.5504,2004-03-20,2004-04-30,1114.5,Producing,66.0,4.6,78.1,24.36,483026.0,252.0,678110.0
AB-100558,Canadian Natural Resources,Athabasca,Gas,Duvernay,57.6301,-111.798,2002-04-12,2002-05-22,1301.4,Suspended,997.1999999999999,0.0,95.8,28.26,4521.0,575.0,11185.0
AB-100559,Athabasca Oil Corp,Lloydminster,Gas,Colorado Group,53.3,-109.5496,2016-01-01,2016-04-07,2877.7,Producing,45.4,1.5,37.5,21.17,372.0,4385.0,754.0
AB-100560,Athabasca Oil Corp,Peace River,Oil,Montney,56.257,-117.4478,2014-11-05,2015-02-07,1954.8,Producing,34.2,6.6,43.4,22.9,117202.0,529.0,265565.0
AB-100561,Suncor Energy,Grande Prairie,Gas,Duvernay,55.4961,-118.9211,2009-09-13,2010-02-19,2638.4,Producing,146.7,5.4,41.1,35.94,2890.0,468.0,6449.0
AB-100562,MEG Energy,Medicine Hat,Oil,Bakken,50.4758,-110.4473,2013-04-08,2013-06-27,,Producing,93.7,9.9,57.4,8.35,389333.0,15.0,254112.0
AB-100563,Obsidian Energy,Medicine Hat,Gas,Duvernay,49.9153,-111.1663,2015-10-18,2016-01-14,1145.8,Producing,71.5,3.4,57.2,39.3,315.0,7434.0,844.0
AB-100564,Cenovus Energy,Cold Lake,Gas,McMurray,54.096,-110.1276,2003-08-25,2003-09-09,1567.7,Producing,69.5,0.1,70.0,25.35,4128.0,3674.0,11679.0
AB-100565,Imperial Oil,Athabasca,Oil Sands,Cardium,56.3461,-111.8203,2001-04-07,2001-06-06,1387.1,Producing,89.8,1.6,40.8,5.83,572304.0,22.0,275264.0
AB-100566,Crescent Point Energy,Grande Prairie,Oil Sands,Colorado Group,55.4543,-118.8081,2002-12-10,2003-02-01,1096.3,Orphan,30.0,0.0,72.0,35.47,196472.0,101.0,128078.0
AB-100567,Baytex Energy,Grande Prairie,Oil Sands,Duvernay,54.9943,-118.7656,2018-09-04,2019-02-06,1780.0,Producing,46.5,6.5,33.9,8.24,108853.0,42.0,175005.0
AB-100568,Crescent Point Energy,Peace River,Heavy Oil,Cardium,56.2396,-116.6405,2004-09-08,2004-10-06,1677.9,Producing,73.5,0.2,60.8,20.93,546355.0,562.0,1591584.0
AB-100569,Imperial Oil,Athabasca,Gas,Cardium,56.4905,-111.1778,2009-08-17,2009-10-23,1541.4,Producing,82.0,3.8,41.0,36.76,2339.0,1054.0,725.0
AB-100570,Cenovus Energy,Medicine Hat,Oil,Bakken,50.0742,-110.7286,2002-09-07,2002-09-25,1495.4,Producing,105.0,0.2,87.9,22.1,842596.0,232.0,1799751.0
AB-100571,Baytex Energy,Cold Lake,Gas,Cardium,54.4229,-109.8504,1999-04-05,1999-07-23,2327.0,Abandoned,49.4,0.0,64.7,3.76,2001.0,15646.0,5864.0
AB-100572,Suncor Energy,Medicine Hat,Gas,Clearwater,50.3244,-110.7479,2000-02-01,2000-06-23,1967.7,Orphan,62.7,0.0,87.2,26.06,2290.0,8127.0,5587.0
AB-100573,Canadian Natural Resources,Peace River,Heavy Oil,Cardium,56.396,-116.5168,2018-08-18,2018-11-07,2670.0,Suspended,128.3,0.0,31.2,38.14,310780.0,2373.0,874073.0
AB-100574,Canadian Natural Resources,Grande Prairie,Oil Sands,Colorado Group,55.1211,-118.9385,2003-02-13,2003-07-04,2493.5,Producing,140.4,4.8,83.5,2.26,882436.0,2727.0,1584146.0
AB-100575,MEG Energy,Cold Lake,Oil,Viking,54.646,-110.4623,2018-10-21,2018-12-20,2311.8,Suspended,222.2,0.0,54.7,36.1,268627.0,43.0,101607.0
AB-100576,Baytex Energy,Peace River,Heavy Oil,Montney,56.687,-117.2107,2016-05-10,2016-05-25,1571.5,Orphan,78.2,0.0,72.0,17.56,257542.0,24.0,687540.0
AB-100577,Crescent Point Energy,Medicine Hat,Gas,Montney,49.908,-110.9326,2017-11-05,2018-02-10,1498.7,Producing,406.5,112.0,44.9,30.75,3040.0,6033.0,6413.0
AB-100578,Imperial Oil,Athabasca,Heavy Oil,Montney,57.1329,-111.7656,2005-01-09,2005-07-02,1872.4,Suspended,39.3,0.0,62.0,23.77,193817.0,173.0,553456.0
AB-100579,Cenovus Energy,Medicine Hat,Gas,Bakken,50.3272,-110.7573,2003-07-24,2003-10-09,2676.6,Producing,185.5,0.7,55.3,22.45,2067.0,3965.0,4543.0
AB-100580,Whitecap Resources,Grande Prairie,Oil,Bakken,54.8472,-118.5939,2003-01-22,2003-04-23,1534.3,Producing,44.5,0.4,98.0,6.09,320026.0,816.0,155069.0
AB-100581,MEG Energy,Lloydminster,Oil Sands,McMurray,53.3603,-109.5742,2014-07-26,2014-08-12,2592.2,Producing,70.8,18.2,23.0,4.91,185853.0,57.0,289907.0
AB-100582,Cenovus Energy,Athabasca,Heavy Oil,Colorado Group,56.6782,-111.0776,2001-05-22,2001-09-02,300.0,Producing,88.5,0.0,82.1,27.05,689603.0,107.0,1651997.0
AB-100583,Suncor Energy,Medicine Hat,Gas,Viking,50.0202,-110.7511,2009-09-12,2009-12-09,2931.7,Producing,45.5,8.9,80.2,7.54,4189.0,5768.0,11944.0
AB-100584,Baytex Energy,Peace River,Oil,Bakken,56.2139,-117.0821,2001-10-06,2002-03-27,,Producing,12.2,1.6,47.9,24.37,50578.0,345.0,95677.0
AB-100585,Crescent Point Energy,Grande Prairie,Heavy Oil,Viking,55.0192,-118.9949,2001-05-21,2001-10-04,1696.2,Producing,19.9,0.0,60.4,1.32,174054.0,18.0,255094.0
AB-100586,Canadian Natural Resources,Medicine Hat,Oil Sands,Bakken,50.2112,-111.0392,2016-07-18,2016-10-27,2434.9,Producing,106.2,8.0,76.2,3.62,294588.0,120.0,523501.0
AB-100587,Imperial Oil,Grande Prairie,Oil Sands,McMurray,55.1149,-119.0168,2005-10-11,2006-02-07,1948.1,Producing,66.4,2.1,57.9,38.22,444875.0,1024.0,1276325.0
AB-100588,MEG Energy,Athabasca,Oil Sands,McMurray,57.8773,-111.9041,1998-05-16,1998-07-08,1545.5,Producing,81.3,0.1,74.8,27.59,536124.0,61.0,713571.0
AB-100589,Athabasca Oil Corp,Lloydminster,Oil Sands,Colorado Group,53.1213,-110.0387,2000-07-01,2000-09-12,2066.8,Producing,52.4,0.0,80.9,15.3,465314.0,35.0,685377.0
AB-100590,Cenovus Energy,Lloydminster,Gas,Bakken,52.9591,-109.8006,1998-07-26,1998-12-13,687.8,Orphan,95.5,0.0,67.6,24.96,4566.0,1527.0,1445.0
AB-100591,Baytex Energy,Grande Prairie,Gas,Bakken,54.834,-119.0803,2001-06-22,2001-10-22,,Abandoned,45.6,0.0,95.6,30.73,4951.0,1211.0,11882.0
AB-100592,Imperial Oil,Medicine Hat,Gas,Colorado Group,50.2163,-110.921,2009-04-23,2009-10-07,1363.5,Abandoned,38.8,0.0,27.7,18.74,3977.0,300.0,1362.0
AB-100593,Suncor Energy,Peace River,Oil,Viking,56.2115,-117.1066,2022-05-02,2022-07-11,768.3,Producing,270.6,137.3,41.5,39.32,311630.0,30.0,898330.0
AB-100594,Athabasca Oil Corp,Peace River,Gas,Montney,56.9896,-117.3423,2004-11-14,2005-04-28,2023.2,Producing,65.4,0.4,,1.49,6.0,493.0,5.0
AB-100595,Whitecap Resources,Cold Lake,Gas,Colorado Group,54.4522,-110.2174,2010-05-08,2010-08-09,2113.4,Producing,178.8,1.1,97.0,12.95,2350.0,244.0,830.0
AB-100596,Athabasca Oil Corp,Grande Prairie,Oil Sands,Cardium,54.9076,-119.2106,2012-10-22,2013-03-24,2773.5,Producing,95.3,2.2,60.1,27.01,428819.0,336.0,280161.0
AB-100597,MEG Energy,Athabasca,Gas,Cardium,57.2366,-111.5336,2006-11-13,2006-12-10,1595.8,Producing,77.3,2.1,84.2,30.84,4740.0,838.0,10595.0
AB-100598,Suncor Energy,Cold Lake,Oil Sands,Colorado Group,54.3127,-110.4372,2015-09-07,2016-01-11,2872.5,Abandoned,58.5,0.0,98.0,16.04,160057.0,396.0,383945.0
AB-100599,Baytex Energy,Medicine Hat,Heavy Oil,Cardium,49.9827,-110.977,2005-06-01,2005-07-06,1903.8,Producing,119.8,0.6,87.9,14.99,860412.0,34.0,1594175.0
AB-100600,Athabasca Oil Corp,Cold Lake,Gas,Bakken,54.0231,-110.4551,2009-05-10,2009-06-18,1547.4,Suspended,209.6,0.0,72.1,17.03,828.0,7835.0,2299.0
AB-100601,Crescent Point Energy,Lloydminster,Oil,Viking,53.073,-109.9965,2016-09-13,2016-10-07,1110.0,Producing,119.1,19.0,49.5,34.63,212781.0,163.0,341817.0
AB-100602,Athabasca Oil Corp,Medicine Hat,Oil Sands,McMurray,50.066,-110.5094,2000-06-24,2000-10-26,1492.7,Producing,49.7,0.0,86.4,30.31,242086.0,36.0,717967.0
AB-100603,Whitecap Resources,Cold Lake,Oil,Viking,54.0947,-110.3245,2005-10-19,2005-11-21,2324.5,Producing,139.9,6.4,87.8,18.82,631732.0,191.0,459424.0
AB-100604,Whitecap Resources,Lloydminster,Oil,Viking,52.8733,-110.1211,2014-12-15,2015-05-06,1864.2,Producing,36.4,1.0,52.4,33.31,109606.0,32.0,129712.0
AB-100605,Cenovus Energy,Athabasca,Oil,Duvernay,56.6466,-111.2979,2021-05-03,2021-10-19,1312.1,Suspended,19.5,0.0,49.8,7.85,20940.0,108.0,7881.0
AB-100606,Baytex Energy,Peace River,Heavy Oil,Cardium,56.0544,-116.8433,2017-10-08,2018-02-03,2751.5,Producing,32.3,4.8,55.3,23.88,75626.0,71.0,190238.0
AB-100607,Crescent Point Energy,Lloydminster,Heavy Oil,Bakken,53.0516,-110.0752,2020-07-21,2020-12-02,2271.2,Producing,87.8,38.5,66.8,18.74,110410.0,41.0,269098.0
AB-100608,Canadian Natural Resources,Athabasca,Oil,Bakken,56.4862,-110.875,2004-04-03,2004-06-14,1417.6,Producing,51.8,6.3,82.3,19.77,314442.0,398.0,338294.0
AB-100609,Baytex Energy,Grande Prairie,Oil,Montney,54.8444,-119.4975,2002-04-17,2002-05-07,975.8,Producing,69.3,3.9,83.6,1.92,383134.0,94.0,294458.0
AB-100610,Baytex Energy,Grande Prairie,Oil Sands,Bakken,55.2453,-119.2868,2016-12-10,2017-02-11,1239.6,Producing,57.4,8.5,31.4,17.02,180022.0,41.0,310410.0
AB-100611,Crescent Point Energy,Medicine Hat,Gas,McMurray,50.3602,-110.7004,2020-02-22,2020-05-07,1817.6,Producing,111.9,28.8,25.1,26.94,3564.0,1910.0,1794.0
AB-100612,,Grande Prairie,Oil,Duvernay,55.333,-118.9535,2001-08-02,2001-12-04,2415.6,Producing,21.1,0.1,50.8,7.53,184680.0,822.0,242413.0
AB-100613,Suncor Energy,Cold Lake,Gas,Cardium,54.6975,-110.2233,2018-05-15,2018-08-24,1616.8,Abandoned,104.0,0.0,66.2,12.4,2011.0,941.0,5159.0
AB-100614,Obsidian Energy,Medicine Hat,Oil Sands,Colorado Group,50.4594,-110.655,2002-05-02,2002-07-17,2356.4,Producing,149.4,2.2,55.8,14.2,1032311.0,296.0,467493.0
AB-100615,MEG Energy,Lloydminster,Oil Sands,McMurray,53.3409,-109.7062,2022-06-12,2022-07-11,3007.7,Producing,121.7,36.4,77.0,13.16,117689.0,169.0,73617.0
AB-100616,Baytex Energy,Cold Lake,Gas,McMurray,54.4558,-110.1264,2018-08-16,2018-12-04,2148.1,Producing,25.3,4.1,56.7,5.43,4341.0,4885.0,9742.0
AB-100617,Cenovus Energy,Lloydminster,Oil Sands,Duvernay,52.8211,-110.0821,1999-03-20,1999-05-27,1156.7,Producing,54.9,0.0,72.1,22.19,445983.0,51.0,268173.0
AB-100618,Crescent Point Energy,Athabasca,Heavy Oil,McMurray,58.3506,-110.9606,2010-10-09,2011-02-03,2692.6,Abandoned,105.6,0.0,75.3,39.79,495319.0,320.0,703243.0
AB-100619,Cenovus Energy,Athabasca,Oil,McMurray,57.9089,-110.5597,2017-05-10,2017-10-17,1506.6,Orphan,61.3,0.0,60.4,12.89,120451.0,68.0,172902.0
AB-100620,Whitecap Resources,Athabasca,Oil Sands,Cardium,57.882,-111.4514,1998-04-23,1998-07-21,2102.6,Abandoned,75.3,0.0,57.1,21.21,648824.0,67.0,1222538.0
AB-100621,Canadian Natural Resources,Grande Prairie,Oil,Viking,55.2619,-119.0822,2010-04-24,2010-09-13,1864.8,Orphan,57.1,0.0,95.8,35.42,314278.0,160.0,179611.0
AB-100622,Canadian Natural Resources,Cold Lake,Gas,McMurray,54.5542,-110.3226,2023-03-26,2023-07-10,1551.5,Abandoned,121.8,0.0,53.0,10.87,4878.0,4557.0,3150.0
AB-100623,Imperial Oil,Lloydminster,Gas,McMurray,52.8327,-109.9692,2001-02-02,2001-05-11,2031.7,Producing,148.3,0.1,98.0,4.56,2182.0,1210.0,4083.0
AB-100624,Suncor Energy,Medicine Hat,Oil,Colorado Group,50.1797,-110.433,2004-10-03,2004-12-22,1802.4,Producing,147.6,9.8,54.4,15.69,860195.0,663.0,1078768.0
AB-100625,Baytex Energy,Peace River,Oil,Colorado Group,56.0665,-116.547,2004-11-15,2005-04-04,2625.3,Producing,252.1,18.5,57.0,4.23,918622.0,582.0,1441889.0
AB-100626,Crescent Point Energy,Medicine Hat,Gas,Cardium,50.4404,-111.0878,2021-08-07,2021-10-11,1593.8,Producing,37.1,15.3,73.2,17.94,1937.0,1529.0,4420.0
AB-100627,Cenovus Energy,Peace River,Oil,McMurray,56.5535,-116.5389,2019-09-17,2020-03-03,2179.3,Abandoned,59.5,0.0,35.4,15.25,87848.0,220.0,221215.0
AB-100628,Athabasca Oil Corp,Grande Prairie,Oil Sands,Cardium,55.5731,-119.3469,2014-07-17,2014-08-01,695.4,Producing,67.0,12.7,65.0,33.93,225753.0,143.0,195581.0
AB-100629,Canadian Natural Resources,Medicine Hat,Gas,Colorado Group,50.3877,-110.9117,2005-10-10,2006-03-11,1221.8,Producing,107.1,2.5,37.2,6.68,3632.0,1508.0,3124.0
AB-100630,Whitecap Resources,Athabasca,Oil Sands,Clearwater,56.6798,-111.4238,2014-09-19,2014-11-18,2119.0,Suspended,32.7,0.0,43.6,29.42,92134.0,22.0,80246.0
AB-100631,Baytex Energy,Cold Lake,Oil Sands,Cardium,54.0293,-110.3695,2016-03-08,2016-04-22,1107.2,Producing,78.7,5.3,28.2,24.45,144627.0,100.0,395407.0
AB-100632,Athabasca Oil Corp,Lloydminster,Oil,McMurray,52.8388,-109.7652,2011-08-16,2012-01-18,676.2,Producing,34.4,1.4,79.3,9.58,176104.0,41.0,96977.0
AB-100633,Athabasca Oil Corp,Medicine Hat,Oil Sands,Viking,50.1755,-110.5317,2011-04-04,2011-06-19,2709.7,Producing,19.9,1.7,73.8,19.71,100720.0,148.0,184243.0
AB-100634,MEG Energy,Athabasca,Gas,McMurray,57.6844,-110.6084,2007-03-06,2007-05-26,2318.3,Abandoned,21.8,0.0,68.2,35.85,4694.0,602.0,6279.0
AB-100635,Imperial Oil,Athabasca,Gas,Colorado Group,57.6985,-111.1518,2016-02-17,2016-06-10,1226.5,Producing,115.1,4.4,51.8,15.88,1781.0,8680.0,2325.0
AB-100636,Cenovus Energy,Lloydminster,Oil,Cardium,53.1912,-109.6837,2013-07-26,2013-09-14,1997.4,Abandoned,244.3,0.0,42.9,14.09,817337.0,59.0,1335543.0
AB-100637,Suncor Energy,Lloydminster,Oil Sands,McMurray,53.1644,-110.0704,2018-02-02,2018-05-22,1961.2,Producing,79.4,25.0,32.4,14.45,184514.0,5.0,495160.0
AB-100638,Baytex Energy,Grande Prairie,Oil,Colorado Group,54.8972,-119.285,1998-05-06,1998-06-26,1235.3,Orphan,62.2,0.0,97.9,32.08,346367.0,49.0,411206.0
AB-100639,Obsidian Energy,Athabasca,Gas,Viking,58.2571,-111.5861,2011-01-13,2011-04-28,2399.1,Producing,40.9,3.6,91.3,30.59,3129.0,463.0,7849.0
AB-100640,Crescent Point Energy,Lloydminster,Oil,McMurray,53.1885,-110.1975,2008-02-07,2008-05-01,2709.9,Suspended,35.1,0.0,84.3,7.06,175411.0,45.0,275812.0
AB-100641,Athabasca Oil Corp,Grande Prairie,Heavy Oil,Duvernay,55.3487,-119.071,2005-03-18,2005-06-10,966.5,Producing,67.6,0.1,80.2,7.53,293212.0,15.0,440602.0
AB-100642,Imperial Oil,Athabasca,Heavy Oil,Bakken,57.0108,-110.8229,2012-03-02,2012-06-29,2783.0,Producing,83.2,2.9,71.5,2.81,309311.0,478.0,307709.0
AB-100643,Canadian Natural Resources,Peace River,Oil Sands,Cardium,56.9974,-116.5576,2004-04-19,2004-09-02,1757.9,Abandoned,26.1,0.0,71.6,11.25,91026.0,664.0,93176.0
AB-100644,Baytex Energy,Athabasca,Oil Sands,Montney,57.6543,-110.6701,2013-07-01,2013-08-03,1603.6,Producing,129.6,4.0,62.6,24.33,468859.0,129.0,880159.0
AB-100645,Canadian Natural Resources,Cold Lake,Heavy Oil,Duvernay,54.3871,-109.9302,2004-08-20,2004-11-17,1507.6,Producing,17.1,0.0,70.5,39.81,86820.0,1998.0,175661.0
AB-100646,Suncor Energy,Cold Lake,Gas,McMurray,54.7775,-110.2487,2006-09-16,2006-10-23,2449.2,Producing,282.6,43.1,60.6,8.76,3718.0,4013.0,3593.0
AB-100647,MEG Energy,Peace River,Gas,Clearwater,56.5573,-116.6114,2018-12-12,2019-01-28,2472.1,Producing,12.1,2.9,63.5,20.39,202.0,84496.0,548.0
AB-100648,Crescent Point Energy,Athabasca,Oil Sands,Viking,56.301,-111.7846,2021-04-20,2021-05-20,3311.8,Suspended,28.0,0.0,82.8,24.9,43192.0,235.0,92468.0
AB-100649,Suncor Energy,Athabasca,Heavy Oil,Clearwater,57.3999,-111.114,2023-07-27,2023-08-17,3346.6,Producing,51.0,25.3,93.1,34.6,27037.0,75.0,10006.0
AB-100650,Obsidian Energy,Athabasca,Oil,Viking,57.9955,-111.0767,2010-09-19,2011-03-06,3140.7,Producing,56.9,1.8,54.7,19.2,219998.0,117.0,281949.0
AB-100651,MEG Energy,Peace River,Gas,Cardium,56.4959,-116.6908,2002-04-11,2002-09-11,2571.6,Producing,76.2,0.5,72.3,5.76,947.0,1964.0,825.0
AB-100652,Canadian Natural Resources,Peace River,Oil,Bakken,56.9059,-116.601,2014-05-16,2014-07-14,,Producing,105.6,13.5,62.3,8.25,431196.0,87.0,1143600.0
AB-100653,Whitecap Resources,Lloydminster,Heavy Oil,Bakken,53.1297,-109.724,2004-10-06,2005-03-10,2044.3,Suspended,55.5,0.0,73.8,13.8,381155.0,61.0,303650.0
AB-100654,Cenovus Energy,Lloydminster,Oil,Viking,53.2647,-109.5436,2022-08-10,2022-08-30,1774.2,Producing,186.1,65.7,93.1,10.37,146663.0,48.0,320092.0
AB-100655,Canadian Natural Resources,Peace River,Gas,Viking,56.9955,-117.4863,2015-07-01,2015-10-12,1584.4,Producing,25.4,1.3,51.5,34.23,4824.0,7865.0,9020.0
AB-100656,Athabasca Oil Corp,Cold Lake,Heavy Oil,Duvernay,54.7157,-110.4919,2012-12-09,2013-01-23,742.6,Producing,35.9,7.8,48.2,11.1,121921.0,42.0,94352.0
AB-100657,Suncor Energy,Lloydminster,Oil,Bakken,53.3658,-110.0517,1999-12-27,2000-04-29,2035.6,Producing,815.4,0.2,98.0,30.42,4003992.0,114.0,1504999.0
AB-100658,MEG Energy,Athabasca,Oil Sands,Cardium,56.9454,-111.9617,2002-10-08,2003-02-11,983.8,Producing,73.1,0.3,91.9,21.45,403475.0,28.0,454179.0
AB-100659,Whitecap Resources,Lloydminster,Heavy Oil,Colorado Group,53.1003,-110.19,2010-06-08,2010-11-12,1066.6,Producing,16.5,0.3,,17.11,46324.0,281.0,77344.0
AB-100660,Obsidian Energy,Lloydminster,Gas,Colorado Group,53.2269,-110.0967,2006-10-20,2007-01-20,680.9,Suspended,47.1,0.0,66.8,11.65,1931.0,44165.0,4238.0
AB-100661,Crescent Point Energy,Peace River,Heavy Oil,Duvernay,56.9218,-117.4637,2016-01-27,2016-06-05,1919.8,Producing,33.9,3.6,77.6,25.42,80950.0,49.0,235145.0
AB-100662,Whitecap Resources,Grande Prairie,Oil Sands,Colorado Group,55.3957,-119.476,2022-07-02,2022-08-23,,Producing,47.3,18.2,55.9,38.0,41015.0,991.0,14841.0
AB-100663,Cenovus Energy,Cold Lake,Heavy Oil,Viking,54.4259,-109.8709,2016-11-01,2017-03-22,2354.0,Orphan,57.0,0.0,59.4,37.41,83245.0,41.0,197868.0
AB-100664,Whitecap Resources,Grande Prairie,Oil Sands,Bakken,55.3227,-118.8144,2015-12-03,2016-04-18,2653.1,Suspended,32.2,0.0,98.0,4.88,76752.0,2431.0,164477.0
AB-100665,Cenovus Energy,Medicine Hat,Oil,Clearwater,50.2618,-110.7399,2003-03-15,2003-07-07,2143.7,Producing,69.7,1.2,59.0,11.49,442218.0,101.0,373459.0
AB-100666,Obsidian Energy,Medicine Hat,Oil Sands,Montney,50.4661,-110.6203,2015-05-13,2015-09-15,2421.1,Producing,176.8,55.0,60.3,27.94,517089.0,249.0,909205.0
AB-100667,Baytex Energy,Cold Lake,Oil,Cardium,54.5259,-110.489,1998-10-03,1999-02-15,951.4,Producing,32.6,0.9,50.7,18.52,196380.0,169.0,351547.0
AB-100668,MEG Energy,Athabasca,Oil,Montney,56.4742,-111.4932,2017-01-23,2017-07-21,2890.2,Producing,26.1,7.4,37.4,39.4,72815.0,152.0,114972.0
AB-100669,Baytex Energy,Peace River,Gas,Montney,56.2999,-117.3182,1998-06-08,1998-08-05,2170.4,Abandoned,22.2,0.0,70.5,6.72,4851.0,64248.0,11011.0
AB-100670,Suncor Energy,Lloydminster,Gas,Clearwater,52.969,-110.1861,2021-01-18,2021-05-15,2141.3,Orphan,309.1,0.0,43.2,12.84,3915.0,6756.0,3810.0
AB-100671,Crescent Point Energy,Lloydminster,Oil,Montney,53.2977,-109.7781,2019-06-17,2019-11-28,563.5,Producing,70.4,22.2,68.3,29.44,136918.0,1118.0,83205.0
AB-100672,Suncor Energy,Grande Prairie,Oil,Colorado Group,55.4048,-118.9789,2014-08-02,2014-11-14,1590.7,Producing,30.3,5.3,43.9,21.31,96493.0,483.0,31503.0
AB-100673,Whitecap Resources,Cold Lake,Heavy Oil,Duvernay,54.1356,-109.9704,2016-03-02,2016-05-18,1755.4,Producing,84.9,28.2,98.0,34.95,159782.0,76.0,199991.0
AB-100674,Obsidian Energy,Grande Prairie,Heavy Oil,Duvernay,55.5347,-118.7222,2023-09-21,2023-10-12,1514.2,Producing,53.6,22.7,87.5,38.81,30917.0,26.0,14379.0
AB-100675,Canadian Natural Resources,Peace River,Oil Sands,Cardium,56.7084,-117.4103,2001-01-14,2001-03-14,3099.8,Producing,92.8,4.5,98.0,16.76,689977.0,47.0,279283.0
AB-100676,Athabasca Oil Corp,Grande Prairie,Gas,Cardium,55.0217,-118.6266,2008-06-14,2008-07-01,1467.5,Producing,37.1,0.3,61.0,22.04,2589.0,723.0,7030.0
AB-100677,Canadian Natural Resources,Cold Lake,Gas,Colorado Group,54.7513,-110.3097,2010-07-07,2010-07-25,2259.1,Abandoned,265.1,0.0,42.2,36.72,1489.0,2646.0,4266.0
AB-100678,MEG Energy,Lloydminster,Heavy Oil,Viking,52.8573,-110.1221,2023-04-17,2023-06-18,1387.5,Abandoned,43.1,0.0,,33.03,38857.0,163.0,68136.0
AB-100679,Suncor Energy,Athabasca,Oil,Clearwater,56.5788,-110.5751,2006-08-02,2006-11-22,3167.9,Suspended,93.6,0.0,66.7,1.17,468884.0,475.0,1032978.0
AB-100680,Cenovus Energy,Athabasca,Gas,Colorado Group,56.2103,-111.728,2010-08-11,2010-10-18,1348.6,Producing,34.6,1.8,34.0,5.93,244.0,17428.0,724.0
AB-100681,Cenovus Energy,Lloydminster,Oil,Duvernay,53.023,-109.9922,2015-05-12,2015-09-30,3083.9,Producing,72.0,12.5,75.5,8.13,139579.0,6.0,398038.0
AB-100682,Crescent Point Energy,Cold Lake,Oil,Colorado Group,54.1203,-110.2035,2001-02-07,2001-05-18,1353.8,Producing,136.7,0.9,68.2,7.75,697603.0,478.0,971916.0
AB-100683,Suncor Energy,Peace River,Heavy Oil,Clearwater,56.7605,-116.9768,2010-02-19,2010-03-16,2308.9,Producing,108.4,3.4,50.9,37.07,606668.0,28.0,653591.0
AB-100684,Athabasca Oil Corp,Peace River,Oil,Duvernay,56.8088,-116.9292,2017-09-13,2017-11-01,1978.3,Orphan,29.0,0.0,21.9,9.09,51608.0,33.0,26453.0
AB-100685,MEG Energy,Lloydminster,Oil Sands,Colorado Group,52.9349,-109.7709,2006-10-05,2007-03-18,1673.5,Suspended,46.2,0.0,71.8,14.45,224089.0,303.0,178817.0
AB-100686,Whitecap Resources,Cold Lake,Heavy Oil,Bakken,54.7178,-110.4852,2006-02-11,2006-03-28,947.9,Abandoned,15.6,0.0,88.6,39.43,102226.0,151.0,206939.0
AB-100687,Obsidian Energy,Grande Prairie,Oil,Cardium,55.0973,-119.305,2011-02-22,2011-05-19,984.7,Suspended,21.0,0.0,61.2,39.74,53523.0,275.0,140662.0
AB-100688,Obsidian Energy,Cold Lake,Oil,Cardium,54.062,-109.9363,2018-01-02,2018-05-07,1291.0,Producing,58.3,27.8,36.3,30.1,93127.0,196.0,126178.0
AB-100689,,Medicine Hat,Oil Sands,Cardium,50.2469,-110.5987,2015-08-21,2015-10-05,1543.3,Producing,114.1,21.3,47.8,3.45,281263.0,74.0,736656.0
AB-100690,Canadian Natural Resources,Peace River,Oil,McMurray,56.9098,-116.5617,2019-05-11,2019-07-08,1786.0,Producing,17.8,4.8,74.2,39.32,20182.0,1513.0,14292.0
AB-100691,Obsidian Energy,Lloydminster,Heavy Oil,Viking,53.1871,-109.9656,2012-07-14,2012-09-14,1752.4,Abandoned,401.1,0.0,60.6,38.77,1593376.0,23.0,4709835.0
AB-100692,Cenovus Energy,Grande Prairie,Oil Sands,Montney,55.1989,-118.9667,2022-08-21,2022-12-08,2700.9,Producing,59.6,38.8,21.9,21.76,69908.0,22.0,206995.0
AB-100693,MEG Energy,Peace River,Oil,Cardium,56.2197,-117.0181,2008-07-18,2008-11-26,941.9,Suspended,32.1,0.0,81.0,37.5,201908.0,10413.0,276746.0
AB-100694,Suncor Energy,Athabasca,Oil,Montney,56.6339,-111.8665,2013-07-06,2013-12-25,3104.0,Producing,74.6,1.6,62.4,10.83,214925.0,140.0,580486.0
AB-100695,Canadian Natural Resources,Cold Lake,Oil,Cardium,54.4129,-110.2671,2005-05-17,2005-07-02,2873.1,Producing,13.4,0.1,74.3,10.56,86984.0,82.0,30227.0
AB-100696,Cenovus Energy,Medicine Hat,Heavy Oil,Colorado Group,50.3509,-110.9326,2023-05-16,2023-10-27,2316.6,Suspended,51.6,0.0,49.5,12.79,49426.0,132.0,68861.0
AB-100697,Baytex Energy,Grande Prairie,Gas,Duvernay,55.319,-119.1098,2001-01-15,2001-05-23,561.4,Producing,42.1,1.6,98.0,5.3,3947.0,3080.0,2975.0
AB-100698,Baytex Energy,Grande Prairie,Heavy Oil,Clearwater,55.5634,-119.1286,2016-07-12,2016-11-14,810.8,Producing,132.7,44.5,60.8,27.07,296001.0,60.0,734287.0
AB-100699,Whitecap Resources,Peace River,Gas,Viking,56.0526,-116.9495,1999-08-14,1999-12-18,768.1,Producing,44.4,0.0,98.0,11.7,3493.0,327.0,2489.0
AB-100700,MEG Energy,Peace River,Oil,McMurray,56.9324,-116.5307,2006-02-25,2006-04-19,2495.2,Producing,38.0,2.7,80.9,37.08,155348.0,236.0,218510.0
AB-100701,Obsidian Energy,Grande Prairie,Oil,Bakken,55.0411,-119.3407,2013-10-25,2014-02-17,2591.5,Producing,127.3,7.0,49.3,3.54,520729.0,142.0,1377254.0
AB-100702,Athabasca Oil Corp,Grande Prairie,Oil,Bakken,55.4686,-118.7614,2014-11-20,2015-04-15,818.3,Producing,263.9,33.5,71.8,28.86,694332.0,193.0,630737.0
AB-100703,Canadian Natural Resources,Cold Lake,Heavy Oil,Cardium,54.5844,-109.8242,1998-11-16,1999-05-05,855.4,Producing,142.4,0.3,,24.01,865277.0,1.0,1303235.0
AB-100704,Suncor Energy,Grande Prairie,Heavy Oil,Cardium,55.1987,-118.6754,2018-06-17,2018-12-12,1736.2,Producing,17.6,1.6,59.7,11.49,31477.0,176.0,88542.0
AB-100705,Whitecap Resources,Cold Lake,Gas,McMurray,54.2709,-110.3431,2017-07-16,2017-12-10,3100.9,Suspended,15.0,0.0,,19.26,4309.0,10587.0,7157.0
AB-100706,Cenovus Energy,Grande Prairie,Oil Sands,Colorado Group,55.4739,-119.2154,2013-05-10,2013-10-17,1199.5,Suspended,183.5,0.0,28.7,8.77,752725.0,106.0,1714585.0
AB-100707,Baytex Energy,Athabasca,Gas,Duvernay,56.5007,-111.1312,2021-10-15,2022-01-27,1771.6,Producing,49.1,31.5,73.8,1.3,2116.0,960.0,1418.0
AB-100708,MEG Energy,Athabasca,Heavy Oil,Montney,56.5127,-110.9268,2013-01-04,2013-06-25,1103.4,Abandoned,75.1,0.0,47.0,27.12,213160.0,3221.0,402868.0
AB-100709,Cenovus Energy,Medicine Hat,Oil,Colorado Group,50.2003,-111.1853,2013-11-22,2014-05-12,1875.7,Producing,40.5,2.4,45.7,30.67,123966.0,299.0,104494.0
AB-100710,MEG Energy,Medicine Hat,Gas,McMurray,50.4187,-110.4648,2002-10-07,2003-04-03,1747.5,Suspended,41.6,0.0,57.4,27.28,1209.0,89.0,3428.0
AB-100711,Crescent Point Energy,Lloydminster,Gas,Clearwater,53.2657,-109.8978,2008-10-21,2009-01-27,2409.5,Orphan,42.0,0.0,41.4,28.12,3706.0,81412.0,3704.0
AB-100712,Imperial Oil,Medicine Hat,Gas,Duvernay,50.062,-110.5914,2008-05-24,2008-06-14,3224.7,Producing,251.6,4.1,93.7,2.73,3982.0,580.0,10468.0
AB-100713,Cenovus Energy,Medicine Hat,Oil,Viking,49.9299,-111.0245,2016-06-25,2016-08-11,1571.6,Producing,58.5,1.9,41.7,36.3,171648.0,329.0,223414.0
AB-100714,Suncor Energy,Cold Lake,Gas,Clearwater,54.0829,-110.1199,2007-04-10,2007-07-02,2128.0,Producing,76.5,0.1,81.1,34.89,2074.0,1656.0,1510.0
AB-100715,Crescent Point Energy,Peace River,Gas,Duvernay,56.5826,-117.3567,2017-11-23,2018-04-20,1819.8,Abandoned,301.3,0.0,66.6,1.66,758.0,9060.0,416.0
AB-100716,Imperial Oil,Cold Lake,Oil Sands,Clearwater,54.6416,-109.9727,2006-01-01,2006-02-12,2188.3,Producing,20.1,0.0,57.7,16.32,119363.0,5.0,74211.0
AB-100717,Whitecap Resources,Cold Lake,Gas,Montney,54.4438,-110.4119,2012-08-18,2012-10-27,1380.9,Producing,57.7,14.6,89.0,39.74,2002.0,3669.0,1482.0
AB-100718,Cenovus Energy,Cold Lake,Gas,Duvernay,54.7062,-110.451,2001-01-06,2001-06-08,2341.7,Abandoned,142.2,0.0,94.2,3.23,2985.0,1415.0,5034.0
AB-100719,MEG Energy,Cold Lake,Oil Sands,Colorado Group,54.7607,-110.355,2020-01-08,2020-06-12,1851.7,Orphan,218.8,0.0,61.4,5.46,232090.0,111.0,647732.0
AB-100720,Suncor Energy,Athabasca,Heavy Oil,Montney,57.7754,-110.8575,2002-06-09,2002-09-10,912.6,Suspended,251.6,0.0,54.1,27.57,1295777.0,40.0,828559.0
AB-100721,Cenovus Energy,Peace River,Oil Sands,Viking,56.0473,-117.304,2003-03-25,2003-09-19,2639.0,Producing,54.6,0.1,49.0,11.96,322690.0,2639.0,338305.0
AB-100722,Whitecap Resources,Lloydminster,Oil,Montney,53.2613,-109.6969,2018-12-11,2019-01-16,2156.9,Abandoned,112.2,0.0,93.5,1.67,197246.0,63.0,386875.0
AB-100723,Suncor Energy,Peace River,Heavy Oil,Colorado Group,56.134,-117.4115,2017-11-17,2018-05-04,1481.8,Producing,41.7,6.6,20.2,8.29,95298.0,73.0,264631.0
AB-100724,Canadian Natural Resources,Grande Prairie,Heavy Oil,Viking,55.5812,-118.5383,2003-05-21,2003-06-10,,Producing,64.6,3.1,53.9,2.29,385392.0,375.0,782824.0
AB-100725,Canadian Natural Resources,Peace River,Oil Sands,McMurray,56.3627,-116.5642,2001-05-20,2001-08-26,1290.8,Abandoned,30.2,0.0,58.4,16.44,262811.0,400.0,729310.0
AB-100726,Obsidian Energy,Medicine Hat,Gas,Bakken,50.2359,-111.0766,2006-10-21,2007-01-01,731.8,Producing,237.4,2.9,77.6,39.0,1722.0,510.0,4674.0
AB-100727,Imperial Oil,Grande Prairie,Heavy Oil,McMurray,55.3534,-119.4348,2012-11-25,2013-05-02,2935.9,Suspended,10.6,0.0,90.0,8.49,36679.0,23.0,38631.0
AB-100728,MEG Energy,Grande Prairie,Oil Sands,Viking,54.8173,-119.2669,2022-12-07,2023-04-13,,Producing,91.2,40.3,30.6,28.27,76395.0,106.0,38719.0
AB-100729,Whitecap Resources,Medicine Hat,Oil,Viking,49.8219,-111.0783,2018-08-15,2018-12-10,589.1,Producing,32.0,2.4,91.8,39.19,63319.0,271.0,55596.0
AB-100730,Athabasca Oil Corp,Athabasca,Oil,McMurray,56.7977,-110.6693,2022-01-08,2022-01-25,1720.2,Producing,66.0,37.0,55.0,26.59,95646.0,493.0,80474.0
AB-100731,Athabasca Oil Corp,Grande Prairie,Oil Sands,Montney,55.538,-118.7868,2003-11-17,2004-03-01,2173.9,Suspended,245.5,0.0,56.1,12.15,1091550.0,78.0,1503269.0
AB-100732,Obsidian Energy,Peace River,Oil,Viking,56.6844,-116.8772,2008-10-07,2009-03-31,2587.2,Producing,55.7,1.2,52.3,1.81,165068.0,85.0,227993.0
AB-100733,Suncor Energy,Cold Lake,Gas,Colorado Group,54.6329,-110.0615,2004-04-12,2004-06-24,1713.3,Producing,45.9,5.2,82.9,18.37,302.0,4666.0,741.0
AB-100734,Imperial Oil,Athabasca,Oil Sands,Duvernay,57.1758,-110.9563,2003-04-13,2003-06-14,1762.2,Orphan,58.6,0.0,69.9,35.88,268231.0,62.0,746480.0
AB-100735,Canadian Natural Resources,Athabasca,Oil Sands,Colorado Group,56.9426,-110.6362,2010-10-23,2011-02-09,1338.4,Suspended,109.1,0.0,95.9,22.31,588488.0,152.0,467534.0
AB-100736,Athabasca Oil Corp,Athabasca,Oil,Clearwater,56.9686,-111.8583,2005-10-09,2006-02-20,2378.1,Producing,71.4,0.3,98.0,8.56,310743.0,26.0,839424.0
AB-100737,Athabasca Oil Corp,Peace River,Gas,Duvernay,56.5893,-116.6139,2005-02-12,2005-04-16,3141.0,Producing,221.4,0.4,44.3,32.77,1450.0,54094.0,4317.0
AB-100738,Athabasca Oil Corp,Peace River,Oil Sands,McMurray,56.0613,-116.5957,2018-12-18,2019-03-05,1646.6,Producing,245.9,90.6,39.7,20.07,522341.0,29.0,680443.0
AB-100739,Whitecap Resources,Medicine Hat,Heavy Oil,Cardium,49.9706,-111.1821,2003-07-13,2003-12-21,1721.7,Suspended,122.4,0.0,98.0,12.9,700739.0,35.0,558405.0
AB-100740,MEG Energy,Medicine Hat,Oil Sands,Duvernay,50.1172,-110.5009,2002-03-03,2002-03-30,1963.9,Producing,424.5,1.4,88.1,5.32,2170479.0,75.0,1869429.0
AB-100741,Athabasca Oil Corp,Athabasca,Oil,Cardium,56.0318,-111.0868,2011-09-15,2012-02-06,1082.1,Producing,55.4,1.9,34.2,4.3,127256.0,2340.0,83022.0
AB-100742,Obsidian Energy,Grande Prairie,Oil,Montney,55.2509,-118.7643,2006-06-18,2006-08-20,2023.6,Producing,93.6,0.1,43.5,33.84,38708.0,114.0,86683.0
AB-100743,Athabasca Oil Corp,Peace River,Gas,Viking,56.8838,-117.3915,2022-06-05,2022-07-26,2051.6,Producing,50.7,18.9,57.7,26.86,1023.0,16103.0,1901.0
AB-100744,Canadian Natural Resources,Medicine Hat,Oil,McMurray,49.9366,-111.0854,2002-01-08,2002-03-02,300.0,Producing,38.5,0.0,,20.11,214886.0,594.0,380235.0
AB-100745,Suncor Energy,Cold Lake,Gas,Colorado Group,54.3698,-109.845,2006-06-17,2006-11-15,2197.1,Abandoned,131.0,0.0,35.6,1.14,3799.0,1318.0,8949.0
AB-100746,Baytex Energy,Athabasca,Oil Sands,Cardium,57.5366,-111.1757,1999-12-24,2000-03-17,2277.8,Producing,15.2,0.8,72.5,3.84,131715.0,430.0,77709.0
AB-100747,Canadian Natural Resources,Medicine Hat,Oil,Clearwater,50.2123,-110.7603,2006-05-14,2006-10-07,1753.3,Producing,221.8,0.4,54.2,16.34,856840.0,56.0,2013184.0
AB-100748,Suncor Energy,Peace River,Oil Sands,Cardium,56.4749,-116.8997,2010-02-02,2010-05-22,2912.9,Abandoned,34.9,0.0,89.1,4.73,88815.0,1019.0,101722.0
AB-100749,Obsidian Energy,Medicine Hat,Oil Sands,McMurray,49.9072,-110.4114,2008-03-16,2008-05-23,1680.9,Producing,203.9,0.6,58.5,18.7,618848.0,55.0,1474646.0
AB-100750,Athabasca Oil Corp,Athabasca,Oil Sands,Colorado Group,58.2443,-110.5305,2023-04-16,2023-07-10,2006.2,Producing,37.3,21.4,14.2,14.32,38996.0,111.0,32738.0
AB-100751,Baytex Energy,Lloydminster,Heavy Oil,Bakken,52.9263,-109.9438,2016-01-05,2016-06-15,2786.3,Producing,16.7,3.5,90.8,24.72,50449.0,96.0,65915.0
AB-100752,Cenovus Energy,Cold Lake,Oil,Montney,54.3056,-109.862,2013-09-02,2013-12-13,2045.8,Producing,230.1,33.4,96.9,29.5,614894.0,30.0,1516870.0
AB-100753,Suncor Energy,Lloydminster,Oil,Viking,53.2514,-110.1527,2010-12-24,2011-05-12,1704.9,Producing,152.5,4.1,95.2,7.16,785265.0,107.0,724574.0
AB-100754,MEG Energy,Lloydminster,Gas,Viking,52.98,-109.5033,2006-10-19,2006-12-14,2769.7,Producing,51.6,4.1,61.7,36.38,4367.0,467.0,11099.0
AB-100755,Crescent Point Energy,Grande Prairie,Oil,Montney,54.8077,-119.4267,2014-03-17,2014-07-12,1693.1,Producing,33.3,7.1,65.3,2.46,101684.0,6.0,265084.0
AB-100756,Baytex Energy,Lloydminster,Oil,Montney,53.2423,-109.9007,2021-09-27,2022-03-16,1784.6,Suspended,71.8,0.0,16.9,19.01,48145.0,608.0,57155.0
AB-100757,Suncor Energy,Lloydminster,Oil,Viking,53.1715,-109.7663,2016-04-24,2016-08-18,552.1,Producing,64.8,13.4,39.3,29.95,188555.0,7.0,228096.0
AB-100758,Baytex Energy,Medicine Hat,Oil,Viking,49.9816,-110.763,2003-06-13,2003-10-15,1500.2,Producing,35.3,0.0,70.6,9.64,195173.0,47.0,222329.0
AB-100759,Suncor Energy,Grande Prairie,Gas,McMurray,55.1097,-119.4656,2007-05-08,2007-10-03,2411.4,Producing,172.0,27.5,66.6,9.61,3579.0,32220.0,6115.0
AB-100760,Suncor Energy,Lloydminster,Heavy Oil,Clearwater,53.3789,-109.7998,2020-03-01,2020-05-21,2006.6,Orphan,100.7,0.0,,8.6,102904.0,58.0,268971.0
AB-100761,Crescent Point Energy,Athabasca,Oil,Colorado Group,56.9786,-110.5151,2022-09-17,2022-10-15,2536.9,Orphan,378.5,0.0,27.4,28.41,430874.0,101.0,424138.0
AB-100762,Obsidian Energy,Medicine Hat,Gas,Clearwater,50.472,-111.146,2001-12-16,2002-02-17,712.3,Producing,29.1,1.5,52.1,11.12,3477.0,10915.0,10393.0
AB-100763,Baytex Energy,Athabasca,Heavy Oil,Cardium,57.5618,-110.8637,2016-05-25,2016-09-07,1152.6,Producing,29.6,12.6,48.9,3.89,56013.0,134.0,30854.0
AB-100764,Obsidian Energy,Grande Prairie,Oil Sands,Bakken,54.9735,-119.4151,2008-12-05,2009-04-26,1582.6,Suspended,57.1,0.0,35.2,30.51,319793.0,705.0,653282.0
AB-100765,Suncor Energy,Medicine Hat,Heavy Oil,Colorado Group,50.2831,-110.8857,2016-09-13,2016-10-24,1941.1,Producing,95.3,12.8,74.9,13.8,230015.0,155.0,565015.0
AB-100766,Canadian Natural Resources,Peace River,Gas,Bakken,56.398,-117.2701,2021-04-25,2021-07-10,1671.2,Producing,105.1,51.5,42.3,20.76,2641.0,1997.0,7270.0
AB-100767,,Cold Lake,Heavy Oil,Colorado Group,54.5215,-110.2966,2023-11-11,2024-04-11,2408.3,Producing,1239.6,79.1,52.0,6.19,75347.0,7.0,221571.0
AB-100768,Baytex Energy,Peace River,Oil Sands,Viking,56.8874,-116.5242,2015-05-18,2015-06-13,779.9,Producing,418.3,141.3,49.3,24.73,1070977.0,889.0,1698386.0
AB-100769,Crescent Point Energy,Cold Lake,Oil Sands,Montney,54.5197,-110.4647,1998-06-26,1998-07-23,1603.2,Orphan,18.4,0.0,98.0,18.54,95889.0,118.0,65229.0
AB-100770,Athabasca Oil Corp,Peace River,Heavy Oil,McMurray,56.1232,-117.1179,2007-11-09,2007-12-07,1928.4,Orphan,116.4,0.0,60.3,31.36,674356.0,118.0,1457328.0
AB-100771,Obsidian Energy,Lloydminster,Heavy Oil,Cardium,53.1272,-110.0287,2005-12-10,2006-02-25,2023.2,Producing,118.3,11.8,55.0,17.87,534421.0,2594.0,1535553.0
AB-100772,Imperial Oil,Cold Lake,Oil,Bakken,54.0669,-109.9242,2004-04-17,2004-06-08,2482.8,Producing,27.1,2.4,60.8,24.57,127923.0,200.0,190425.0
AB-100773,Baytex Energy,Athabasca,Oil Sands,Cardium,58.1323,-111.5238,2019-05-10,2019-08-14,817.9,Producing,47.0,4.3,60.4,37.02,89289.0,1929.0,71895.0
AB-100774,MEG Energy,Medicine Hat,Heavy Oil,Montney,50.1952,-111.149,2023-06-02,2023-08-11,2306.2,Producing,73.7,32.8,57.7,25.03,72601.0,655.0,136724.0
AB-100775,Imperial Oil,Medicine Hat,Oil,Bakken,50.495,-110.7019,2006-06-24,2006-08-11,2561.7,Producing,43.5,0.1,76.0,26.59,205155.0,113.0,411078.0
AB-100776,Imperial Oil,Athabasca,Oil,Duvernay,57.5862,-111.1134,2013-07-23,2013-10-03,3068.2,Abandoned,22.8,0.0,52.4,29.43,58333.0,609.0,160930.0
AB-100777,Baytex Energy,Athabasca,Oil Sands,Cardium,58.4571,-111.4397,2008-04-14,2008-09-24,1962.2,Abandoned,219.4,0.0,74.5,14.65,1029870.0,165.0,1375345.0
AB-100778,Baytex Energy,Athabasca,Gas,Bakken,57.5528,-111.3908,2015-01-07,2015-05-15,1300.9,Producing,109.6,12.8,35.3,13.13,4580.0,291.0,2582.0
AB-100779,Canadian Natural Resources,Grande Prairie,Gas,Viking,55.0084,-118.6424,2011-11-02,2012-02-21,1360.9,Abandoned,25.1,0.0,37.8,30.78,4576.0,454.0,4311.0
AB-100780,Baytex Energy,Athabasca,Gas,Montney,57.1421,-111.8,2017-02-04,2017-03-02,1291.8,Suspended,21.4,0.0,31.1,11.98,4543.0,215.0,9960.0
AB-100781,Canadian Natural Resources,Grande Prairie,Heavy Oil,Clearwater,55.1631,-118.6207,2005-02-22,2005-07-31,839.0,Abandoned,217.7,0.0,68.6,29.41,1013792.0,25.0,975026.0
AB-100782,Imperial Oil,Grande Prairie,Oil Sands,Viking,55.3466,-119.2306,2008-01-12,2008-03-23,2382.5,Producing,38.2,0.3,62.7,27.63,162402.0,715.0,221859.0
AB-100783,MEG Energy,Cold Lake,Oil,Montney,54.6991,-110.2712,2012-12-06,2013-02-10,1669.0,Abandoned,141.1,0.0,66.6,2.69,615832.0,326.0,558004.0
AB-100784,Canadian Natural Resources,Grande Prairie,Oil Sands,Clearwater,55.2196,-118.6836,2004-08-07,2004-11-23,1185.1,Suspended,153.9,0.0,77.5,12.74,499963.0,370.0,662607.0
AB-100785,Imperial Oil,Grande Prairie,Oil,Cardium,55.2038,-119.2877,2005-07-26,2005-12-24,2317.1,Orphan,14.0,0.0,46.7,19.37,91505.0,50.0,251178.0
AB-100786,Baytex Energy,Cold Lake,Oil Sands,Duvernay,54.4579,-110.4513,2019-04-18,2019-10-08,1754.7,Producing,107.5,20.2,31.4,13.5,150268.0,119.0,210184.0
AB-100787,Whitecap Resources,Medicine Hat,Heavy Oil,Montney,50.4591,-110.4631,2001-05-09,2001-09-20,2114.6,Producing,96.7,11.8,69.1,17.54,481481.0,294.0,1247226.0
AB-100788,,Cold Lake,Gas,Clearwater,54.0731,-110.3882,2022-10-05,2023-03-03,300.0,Abandoned,106.9,0.0,65.4,36.21,4542.0,10402.0,7788.0
AB-100789,Cenovus Energy,Peace River,Oil Sands,Montney,56.3956,-116.5032,1998-10-06,1998-11-30,2288.9,Producing,100.9,0.3,65.7,15.6,827976.0,69.0,345293.0
AB-100790,Obsidian Energy,Peace River,Oil Sands,Bakken,56.9518,-116.5176,2013-03-04,2013-06-25,1276.6,Orphan,52.4,0.0,65.8,9.38,192765.0,51.0,167780.0
AB-100791,Imperial Oil,Medicine Hat,Oil Sands,Cardium,50.1278,-110.8689,2000-06-26,2000-11-11,2047.5,Suspended,18.8,0.0,98.0,14.64,129255.0,265.0,339976.0
AB-100792,Crescent Point Energy,Grande Prairie,Gas,Montney,54.9164,-118.8939,2000-04-04,2000-06-11,1146.6,Abandoned,172.1,0.0,,20.44,4883.0,1452.0,13952.0
AB-100793,Cenovus Energy,Athabasca,Gas,Viking,56.0762,-111.9688,2018-02-08,2018-03-04,1461.2,Producing,366.6,175.8,54.8,21.39,3092.0,20924.0,4837.0
AB-100794,Cenovus Energy,Medicine Hat,Heavy Oil,Viking,50.3497,-110.7898,2020-06-02,2020-09-22,1471.5,Suspended,79.6,0.0,74.5,21.17,149965.0,210.0,340306.0
AB-100795,Canadian Natural Resources,Cold Lake,Oil,Duvernay,54.2532,-109.9526,2005-11-22,2006-04-06,1089.0,Producing,26.6,0.4,43.0,15.58,146870.0,18.0,333546.0
AB-100796,Imperial Oil,Medicine Hat,Oil,Montney,50.469,-110.4583,2003-03-01,2003-06-19,1807.5,Producing,239.6,5.4,43.2,2.86,1744036.0,359.0,3033425.0
AB-100797,Baytex Energy,Grande Prairie,Heavy Oil,Colorado Group,55.0043,-118.8616,2002-04-13,2002-05-10,2211.7,Producing,38.9,0.0,55.9,20.08,171129.0,299.0,272206.0
AB-100798,Canadian Natural Resources,Medicine Hat,Oil Sands,Duvernay,50.1074,-110.9169,2015-12-13,2015-12-28,1295.5,Producing,120.7,18.3,33.1,15.19,377931.0,130.0,295759.0
AB-100799,Athabasca Oil Corp,Medicine Hat,Oil Sands,Montney,50.2119,-110.9097,2000-01-12,2000-03-29,1442.1,Producing,81.4,5.1,47.6,13.1,521470.0,53.0,1073674.0
AB-100800,MEG Energy,Grande Prairie,Oil Sands,Clearwater,55.1513,-118.5497,2015-06-27,2015-11-04,1894.7,Suspended,198.1,0.0,27.3,32.88,408443.0,113.0,704193.0
AB-100801,Whitecap Resources,Cold Lake,Oil Sands,Montney,54.4088,-110.4446,2013-10-20,2014-03-26,3338.2,Producing,196.7,11.0,55.2,27.22,381054.0,229.0,880771.0
AB-100802,Whitecap Resources,Medicine Hat,Gas,Bakken,50.2637,-110.9378,2000-01-17,2000-03-29,2019.4,Suspended,40.9,0.0,98.0,15.77,3167.0,765.0,7903.0
AB-100803,Baytex Energy,Lloydminster,Heavy Oil,McMurray,53.2001,-109.7308,2012-11-02,2013-02-08,1512.3,Producing,93.1,2.8,47.8,12.06,358638.0,785.0,932147.0
AB-100804,Imperial Oil,Grande Prairie,Oil Sands,Colorado Group,55.2953,-118.9156,2020-06-21,2020-08-02,1384.1,Producing,15.5,5.4,62.1,4.12,29486.0,11.0,54305.0
AB-100805,Whitecap Resources,Peace River,Oil,Viking,56.0392,-116.9848,2011-02-07,2011-07-04,1119.3,Suspended,101.4,0.0,,3.47,482500.0,15.0,358158.0
AB-100806,Cenovus Energy,Grande Prairie,Gas,Viking,55.095,-119.3055,1999-11-05,2000-04-17,2494.3,Producing,19.6,0.2,79.5,4.24,3218.0,1163.0,9413.0
AB-100807,Athabasca Oil Corp,Grande Prairie,Oil,Montney,55.1845,-118.8793,2002-04-15,2002-08-10,756.2,Producing,52.0,0.1,98.0,3.37,214512.0,21512.0,87479.0
AB-100808,MEG Energy,Medicine Hat,Oil Sands,Viking,49.8696,-110.6751,2013-12-26,2014-02-12,2321.1,Abandoned,112.7,0.0,51.7,4.62,320214.0,47.0,370207.0
AB-100809,Baytex Energy,Grande Prairie,Gas,Clearwater,54.9701,-118.938,2003-01-23,2003-06-26,1673.0,Producing,175.9,0.1,76.9,5.52,1457.0,4495.0,3326.0
AB-100810,Obsidian Energy,Athabasca,Gas,McMurray,57.8928,-111.7148,1998-08-18,1998-09-06,1424.4,Suspended,5.3,0.0,95.5,5.1,705.0,18038.0,2072.0
AB-100811,MEG Energy,Cold Lake,Oil Sands,Duvernay,54.3043,-110.3708,2019-04-19,2019-08-20,2375.5,Producing,75.7,33.9,31.7,21.02,87191.0,457.0,195599.0
AB-100812,Imperial Oil,Athabasca,Heavy Oil,Montney,57.0927,-111.9639,2022-12-11,2023-01-19,1762.9,Orphan,46.3,0.0,84.5,10.23,28786.0,670.0,37702.0
AB-100813,Cenovus Energy,Grande Prairie,Heavy Oil,McMurray,55.1498,-119.4342,2007-04-25,2007-07-16,1940.5,Orphan,14.8,0.0,68.7,37.41,85915.0,51.0,34081.0
AB-100814,Suncor Energy,Lloydminster,Oil,Colorado Group,53.1796,-109.9532,2000-03-20,2000-08-25,992.7,Producing,66.5,0.7,56.3,7.13,346575.0,284.0,105623.0
AB-100815,Suncor Energy,Lloydminster,Oil,Clearwater,52.9337,-109.504,2003-02-19,2003-07-18,1183.9,Abandoned,14.2,0.0,81.4,32.26,98442.0,364.0,215543.0
AB-100816,Athabasca Oil Corp,Grande Prairie,Oil Sands,Colorado Group,55.309,-118.6507,2018-03-17,2018-07-11,562.7,Producing,119.7,13.6,34.2,8.04,157204.0,68.0,456757.0
AB-100817,Baytex Energy,Cold Lake,Gas,Duvernay,54.138,-110.1011,2002-07-07,2002-12-23,1742.0,Producing,17.5,0.0,43.7,15.54,2397.0,17379.0,1995.0
AB-100818,Cenovus Energy,Medicine Hat,Gas,Montney,49.8009,-110.453,2022-06-18,2022-10-25,1423.7,Suspended,41.7,0.0,24.4,21.79,490.0,4828.0,1104.0
AB-100819,Whitecap Resources,Grande Prairie,Gas,Duvernay,55.3046,-118.5425,2002-05-01,2002-09-24,2781.5,Producing,27.7,1.9,80.9,35.02,2219.0,9674.0,2097.0
AB-100820,Canadian Natural Resources,Grande Prairie,Oil Sands,Viking,55.2298,-118.5768,2011-05-03,2011-08-31,2756.7,Producing,88.4,18.7,71.1,31.06,379632.0,75.0,909428.0
AB-100821,Canadian Natural Resources,Athabasca,Oil,Bakken,56.6322,-111.7681,2004-10-03,2005-01-19,851.4,Producing,92.4,0.2,43.7,1.9,700825.0,9.0,1742728.0
AB-100822,Obsidian Energy,Athabasca,Oil Sands,McMurray,58.0903,-111.2514,2015-07-15,2015-08-01,2109.6,Producing,13.3,1.6,74.6,10.66,34332.0,1839.0,21520.0
AB-100823,Obsidian Energy,Athabasca,Oil,McMurray,57.0899,-111.8351,2017-04-22,2017-08-24,1875.1,Suspended,93.7,0.0,87.1,22.88,230629.0,436.0,614087.0
AB-100824,Whitecap Resources,Medicine Hat,Gas,Cardium,50.3272,-110.8533,2012-10-12,2012-12-07,1646.5,Suspended,60.9,0.0,44.1,26.39,2067.0,26874.0,3885.0
AB-100825,Crescent Point Energy,Medicine Hat,Oil,McMurray,50.081,-110.8919,2008-05-02,2008-05-24,3391.9,Abandoned,54.3,0.0,98.0,29.0,192405.0,140.0,194903.0
AB-100826,Obsidian Energy,Peace River,Oil Sands,Montney,56.1999,-117.486,2000-06-05,2000-08-21,1539.7,Suspended,15.4,0.0,75.0,29.11,111112.0,72.0,151287.0
AB-100827,Whitecap Resources,Peace River,Oil,Clearwater,56.6382,-116.9345,2018-10-17,2019-04-04,1300.8,Producing,29.6,15.2,57.4,5.59,36285.0,709.0,43755.0
AB-100828,Whitecap Resources,Medicine Hat,Oil Sands,Viking,50.2165,-111.0838,2000-04-12,2000-09-03,2224.0,Producing,31.1,0.1,86.1,6.51,187814.0,104.0,358108.0
AB-100829,Imperial Oil,Peace River,Gas,Viking,56.6872,-116.9606,2022-03-25,2022-07-09,1568.2,Producing,8.4,3.2,72.7,18.43,4926.0,3863.0,6152.0
AB-100830,MEG Energy,Cold Lake,Oil Sands,Colorado Group,54.0524,-109.8899,2011-07-06,2011-11-27,2064.5,Orphan,55.8,0.0,25.4,37.43,213869.0,385.0,148971.0
AB-100831,Whitecap Resources,Cold Lake,Gas,Cardium,54.6247,-110.0197,2004-01-24,2004-04-08,2017.2,Producing,223.6,1.6,64.5,6.43,674.0,85946.0,1497.0
AB-100832,Athabasca Oil Corp,Lloydminster,Gas,McMurray,52.8115,-109.5101,2021-10-14,2022-01-16,685.3,Producing,24.2,11.0,41.8,35.8,3500.0,1570.0,6022.0
AB-100833,Athabasca Oil Corp,Medicine Hat,Heavy Oil,Viking,50.4508,-111.1936,2001-03-15,2001-07-09,507.5,Abandoned,89.1,0.0,98.0,23.7,581022.0,304.0,928587.0
AB-100834,Cenovus Energy,Medicine Hat,Oil,McMurray,50.4316,-110.6959,2017-05-18,2017-06-06,1318.3,Producing,61.4,11.3,47.2,31.89,105815.0,159.0,235257.0
AB-100835,Crescent Point Energy,Athabasca,Gas,Bakken,57.6082,-111.3898,2012-01-19,2012-03-30,1844.7,Producing,27.2,3.4,65.1,3.73,1035.0,792.0,1247.0
AB-100836,Athabasca Oil Corp,Cold Lake,Gas,McMurray,54.4232,-110.2325,2018-04-11,2018-05-21,2995.2,Suspended,642.0,0.0,43.0,2.59,4037.0,7725.0,10993.0
AB-100837,Baytex Energy,Athabasca,Oil Sands,Colorado Group,56.2722,-111.3113,2011-10-10,2012-03-18,1998.1,Producing,8.3,0.2,75.2,26.44,31768.0,842.0,40616.0
AB-100838,Suncor Energy,Lloydminster,Gas,Cardium,52.9504,-109.5993,2002-07-01,2002-11-24,1744.3,Abandoned,52.1,0.0,65.1,31.62,1226.0,1854.0,3631.0
AB-100839,Baytex Energy,Athabasca,Gas,Montney,56.904,-110.8653,2014-03-13,2014-08-24,2971.7,Producing,195.0,37.2,,38.12,3549.0,875.0,5328.0
AB-100840,Canadian Natural Resources,Athabasca,Gas,McMurray,57.599,-111.3164,2009-02-26,2009-07-28,2725.3,Producing,63.9,1.5,53.7,4.06,3599.0,629.0,6598.0
AB-100841,Cenovus Energy,Athabasca,Oil,Duvernay,57.4319,-110.517,2001-12-18,2002-01-11,1250.8,Producing,30.6,0.2,63.7,1.73,224086.0,12624.0,498247.0
AB-100842,Whitecap Resources,Grande Prairie,Oil,Clearwater,55.2719,-118.6294,2008-03-26,2008-09-17,2318.6,Producing,161.8,2.3,62.5,12.23,979726.0,64.0,1882652.0
AB-100843,Obsidian Energy,Peace River,Oil,Clearwater,56.6551,-117.0354,2023-09-04,2023-09-28,1674.8,Producing,28.4,11.3,55.7,39.59,15779.0,278.0,40443.0
AB-100844,,Grande Prairie,Gas,Clearwater,55.0811,-119.1571,2008-08-26,2008-11-14,1591.5,Producing,116.3,0.5,66.8,22.12,3072.0,123128.0,2418.0
AB-100845,Athabasca Oil Corp,Lloydminster,Gas,Bakken,53.0596,-109.7244,2001-04-20,2001-09-15,1452.1,Suspended,155.7,0.0,88.7,12.87,1505.0,3066.0,2417.0
AB-100846,Canadian Natural Resources,Medicine Hat,Oil Sands,Montney,50.2389,-111.1908,2010-03-12,2010-09-06,974.0,Producing,90.7,23.4,39.8,33.32,301379.0,492.0,101101.0
AB-100847,Suncor Energy,Lloydminster,Gas,Duvernay,53.1179,-109.7332,2000-10-19,2000-12-25,2163.6,Abandoned,52.3,0.0,67.2,38.87,638.0,2798.0,493.0
AB-100848,Cenovus Energy,Lloydminster,Oil Sands,McMurray,53.1665,-109.977,2012-11-10,2012-11-26,1190.4,Orphan,34.1,0.0,86.1,35.29,85441.0,126.0,165649.0
AB-100849,Baytex Energy,Grande Prairie,Oil,Colorado Group,55.3211,-118.6846,2000-12-16,2001-04-09,1652.9,Producing,28.8,1.7,70.9,8.16,109327.0,22.0,172019.0
AB-100850,Canadian Natural Resources,Athabasca,Oil Sands,Bakken,57.0731,-110.8177,2015-02-14,2015-07-08,2903.5,Abandoned,229.8,0.0,79.2,10.24,664825.0,146.0,361205.0
AB-100851,Baytex Energy,Cold Lake,Oil Sands,Bakken,54.2339,-110.3936,2017-02-21,2017-04-11,934.2,Producing,40.9,3.6,,7.08,118607.0,19.0,279658.0
AB-100852,MEG Energy,Athabasca,Gas,Cardium,56.2977,-111.7553,2008-10-23,2008-12-06,1949.4,Producing,33.8,0.7,58.1,25.7,4469.0,42282.0,9985.0
AB-100853,MEG Energy,Medicine Hat,Gas,Bakken,50.1323,-110.4551,2019-10-21,2019-11-05,2747.8,Producing,69.7,30.2,47.0,32.54,1346.0,2057.0,3610.0
AB-100854,Cenovus Energy,Athabasca,Oil,Montney,58.1298,-110.8377,2006-01-23,2006-03-28,1712.4,Abandoned,41.0,0.0,98.0,31.69,239377.0,330.0,639947.0
AB-100855,Suncor Energy,Cold Lake,Gas,Bakken,54.4944,-110.0972,2004-01-23,2004-06-30,1772.9,Orphan,72.6,0.0,67.3,13.49,4621.0,51911.0,2825.0
AB-100856,Canadian Natural Resources,Cold Lake,Gas,Colorado Group,54.1966,-110.4936,2014-04-04,2014-08-14,1679.1,Orphan,50.6,0.0,77.8,7.12,3411.0,1018.0,1438.0
AB-100857,Suncor Energy,Peace River,Oil Sands,McMurray,56.7238,-117.3132,2003-09-27,2003-11-12,2195.3,Abandoned,312.9,0.0,67.8,33.04,2024002.0,592.0,2806340.0
AB-100858,Suncor Energy,Grande Prairie,Gas,Viking,55.501,-119.2278,2019-09-10,2019-11-26,2163.9,Orphan,26.6,0.0,27.5,35.68,1649.0,2809.0,1696.0
AB-100859,Suncor Energy,Lloydminster,Heavy Oil,Colorado Group,53.3869,-109.728,2018-10-22,2018-11-16,1294.0,Suspended,249.2,0.0,42.5,26.83,503469.0,91.0,1349523.0
AB-100860,Canadian Natural Resources,Lloydminster,Heavy Oil,Colorado Group,53.3067,-109.7282,2012-04-12,2012-08-22,1903.3,Producing,141.5,31.3,58.5,22.73,576436.0,81.0,473483.0
AB-100861,Crescent Point Energy,Medicine Hat,Oil,Duvernay,50.2096,-110.599,2013-11-04,2014-03-27,1402.4,Orphan,290.9,0.0,50.3,37.9,898255.0,60.0,1177870.0
AB-100862,Canadian Natural Resources,Athabasca,Gas,Duvernay,58.2794,-110.7618,2000-01-20,2000-02-16,2665.5,Orphan,44.5,0.0,73.1,13.25,2462.0,7814.0,4304.0
AB-100863,Canadian Natural Resources,Lloydminster,Gas,Bakken,52.8671,-109.9807,2023-01-27,2023-04-14,1162.1,Producing,62.0,22.1,44.8,4.06,2913.0,1718.0,5908.0
AB-100864,Crescent Point Energy,Medicine Hat,Oil,Montney,50.0846,-110.7861,2017-05-18,2017-09-15,300.0,Producing,55.6,8.3,84.1,9.88,165253.0,21.0,373842.0
AB-100865,Whitecap Resources,Athabasca,Oil Sands,Montney,57.5532,-111.1901,2009-02-19,2009-08-10,1050.6,Suspended,22.3,0.0,42.7,13.32,118385.0,66.0,249949.0
AB-100866,Crescent Point Energy,Medicine Hat,Heavy Oil,McMurray,50.2775,-110.8483,2001-04-03,2001-08-31,3058.4,Producing,37.6,0.3,77.0,32.06,320626.0,120.0,951797.0
AB-100867,Suncor Energy,Lloydminster,Heavy Oil,Duvernay,53.2534,-110.085,2023-01-01,2023-04-29,1363.1,Producing,25.1,11.3,20.4,8.51,25626.0,67.0,32811.0
AB-100868,Whitecap Resources,Athabasca,Oil,Duvernay,57.9653,-111.576,2007-02-08,2007-06-17,2517.8,Producing,16.2,2.1,39.8,34.25,57597.0,2013.0,137643.0
AB-100869,Suncor Energy,Lloydminster,Heavy Oil,Colorado Group,52.9346,-109.643,2020-01-04,2020-05-28,1728.7,Suspended,53.2,0.0,75.0,4.78,68385.0,821.0,142323.0
AB-100870,MEG Energy,Grande Prairie,Oil,Duvernay,54.8959,-119.2884,2001-07-17,2001-12-17,2686.9,Producing,58.8,3.2,98.0,12.76,240836.0,167.0,584544.0
AB-100871,Baytex Energy,Cold Lake,Oil,Cardium,54.0717,-110.0501,2003-05-22,2003-08-11,2288.1,Suspended,45.9,0.0,60.1,34.41,279764.0,106.0,119263.0
AB-100872,Imperial Oil,Grande Prairie,Oil,Bakken,54.8321,-118.9466,2021-08-21,2021-10-04,1968.3,Producing,39.0,11.9,64.2,10.47,31044.0,659.0,52458.0
AB-100873,Imperial Oil,Cold Lake,Gas,Duvernay,54.2907,-109.8986,2005-12-12,2006-02-26,1862.0,Orphan,43.4,0.0,67.7,12.98,2990.0,9274.0,2284.0
AB-100874,Suncor Energy,Athabasca,Gas,Montney,57.6446,-111.4472,2003-08-17,2003-09-27,2010.6,Suspended,43.8,0.0,85.6,12.72,3987.0,1057.0,3954.0
AB-100875,Imperial Oil,Lloydminster,Oil Sands,Duvernay,53.076,-109.7191,2010-09-13,2011-02-03,3112.0,Producing,32.7,0.7,75.7,26.26,150960.0,23.0,304518.0
AB-100876,Suncor Energy,Athabasca,Oil,Colorado Group,56.7646,-110.603,1998-11-05,1999-04-03,1828.9,Producing,109.9,0.0,73.3,7.44,963997.0,105.0,587833.0
AB-100877,Crescent Point Energy,Athabasca,Oil Sands,Clearwater,56.7728,-110.9685,2005-06-03,2005-09-06,744.0,Producing,44.8,6.2,78.9,39.37,309559.0,146.0,853079.0
AB-100878,Baytex Energy,Grande Prairie,Oil Sands,Colorado Group,55.3671,-118.5372,2019-08-24,2020-01-25,1444.6,Producing,19.9,6.2,34.4,1.05,39897.0,1077.0,60740.0
AB-100879,Imperial Oil,Athabasca,Oil Sands,Duvernay,58.441,-111.6369,2008-03-23,2008-05-21,670.3,Producing,80.1,2.1,50.2,19.28,370219.0,57.0,239169.0
AB-100880,Obsidian Energy,Lloydminster,Heavy Oil,Montney,52.8812,-109.9382,2015-09-04,2015-10-13,2073.4,Abandoned,40.7,0.0,66.4,15.21,123092.0,5.0,270485.0
AB-100881,Whitecap Resources,Grande Prairie,Oil,Cardium,55.2299,-119.0379,2010-08-24,2010-10-23,300.0,Suspended,22.5,0.0,88.4,26.98,124484.0,159.0,180410.0
AB-100882,Cenovus Energy,Lloydminster,Oil Sands,Bakken,53.24,-109.9162,2014-01-20,2014-04-22,2124.7,Producing,29.0,2.1,40.1,39.97,85453.0,94.0,196969.0
AB-100883,Whitecap Resources,Medicine Hat,Gas,Clearwater,50.1225,-110.4356,2008-03-15,2008-07-13,1040.7,Producing,51.5,11.9,42.5,39.47,1408.0,1672.0,1622.0
AB-100884,Suncor Energy,Athabasca,Gas,Bakken,57.2463,-111.0762,2014-05-07,2014-10-02,2587.4,Producing,55.8,1.3,42.5,39.77,556.0,38259.0,1569.0
AB-100885,Cenovus Energy,Grande Prairie,Heavy Oil,Bakken,55.099,-119.3612,2010-04-13,2010-08-09,2391.4,Abandoned,89.6,0.0,48.7,28.93,410253.0,163.0,1063031.0
AB-100886,Whitecap Resources,Grande Prairie,Oil,Viking,55.4633,-118.739,2017-08-19,2018-01-20,1276.9,Producing,114.0,33.8,,3.29,146852.0,30.0,176518.0
AB-100887,Whitecap Resources,Medicine Hat,Gas,McMurray,50.2924,-110.8901,2021-01-23,2021-07-07,2476.3,Abandoned,17.0,0.0,73.8,15.71,1100.0,124343.0,2136.0
AB-100888,Obsidian Energy,Athabasca,Oil Sands,Viking,56.4049,-110.7439,2020-06-15,2020-09-11,1625.2,Suspended,107.3,0.0,86.1,33.26,202402.0,254.0,327452.0
AB-100889,Canadian Natural Resources,Grande Prairie,Gas,McMurray,55.5306,-119.4703,2015-07-01,2015-10-18,,Producing,108.7,21.7,,8.47,4717.0,25644.0,6528.0
AB-100890,MEG Energy,Peace River,Oil Sands,Cardium,56.6055,-117.172,2000-02-19,2000-06-22,2614.0,Producing,58.4,0.2,85.8,25.1,247130.0,52.0,386234.0
AB-100891,Baytex Energy,Peace River,Gas,Cardium,56.6847,-116.9845,1998-04-12,1998-05-03,2104.4,Producing,163.7,0.1,74.9,14.39,4083.0,3238.0,11887.0
AB-100892,Baytex Energy,Athabasca,Gas,Bakken,56.2289,-111.9158,2002-01-19,2002-06-06,1555.2,Producing,68.2,0.0,98.0,25.03,4641.0,13397.0,7082.0
AB-100893,Suncor Energy,Lloydminster,Gas,McMurray,53.0328,-109.8476,2017-01-20,2017-04-29,1800.1,Producing,369.1,18.5,40.8,34.44,2613.0,6450.0,6231.0
AB-100894,Suncor Energy,Medicine Hat,Oil,Viking,50.2134,-110.6094,2015-06-03,2015-07-04,1394.8,Suspended,25.1,0.0,75.5,7.23,60845.0,1049.0,145354.0
AB-100895,MEG Energy,Grande Prairie,Oil Sands,Clearwater,55.2759,-118.7228,2018-10-20,2019-03-19,1644.4,Producing,38.7,18.4,41.6,8.36,93960.0,188.0,187660.0
AB-100896,Obsidian Energy,Medicine Hat,Gas,McMurray,49.9493,-111.1696,2002-07-04,2002-11-21,1194.2,Producing,65.7,4.4,,18.31,4493.0,13843.0,9907.0
AB-100897,Whitecap Resources,Cold Lake,Gas,McMurray,54.5141,-109.877,2000-09-21,2001-02-22,2876.5,Suspended,44.4,0.0,61.2,2.21,1357.0,29815.0,3086.0
AB-100898,Suncor Energy,Cold Lake,Oil Sands,Duvernay,54.3612,-110.2306,2002-03-19,2002-05-06,1838.9,Producing,119.7,1.2,98.0,7.97,769478.0,23.0,1836132.0
AB-100899,Baytex Energy,Lloydminster,Heavy Oil,McMurray,53.3457,-110.1265,2015-06-18,2015-08-03,1524.8,Producing,23.2,0.7,51.5,11.45,59819.0,50.0,28308.0
AB-100900,Baytex Energy,Cold Lake,Oil Sands,Cardium,54.4338,-110.2896,1999-03-07,1999-05-22,300.0,Producing,48.6,0.0,73.2,31.42,313281.0,105.0,570797.0
AB-100901,Whitecap Resources,Medicine Hat,Oil Sands,Colorado Group,50.2829,-110.7655,2023-07-08,2023-09-11,654.4,Producing,274.9,111.1,45.5,6.4,248017.0,22.0,446321.0
AB-100902,Whitecap Resources,Lloydminster,Oil,Colorado Group,53.0997,-109.7037,2004-06-06,2004-07-08,2367.2,Producing,67.4,0.3,49.3,8.34,404667.0,8552.0,268320.0
AB-100903,MEG Energy,Cold Lake,Oil Sands,Cardium,54.3111,-109.9043,2008-08-21,2008-12-17,300.0,Producing,48.9,4.1,66.2,11.56,172659.0,176.0,171402.0
AB-100904,MEG Energy,Grande Prairie,Heavy Oil,McMurray,55.0219,-119.4994,2009-07-02,2009-12-28,2666.0,Abandoned,217.2,0.0,,36.03,935388.0,48.0,1257225.0
AB-100905,Imperial Oil,Cold Lake,Heavy Oil,McMurray,54.621,-110.4406,2007-12-08,2008-05-30,1207.6,Producing,99.3,4.7,44.3,10.57,331272.0,57.0,758656.0
AB-100906,Crescent Point Energy,Medicine Hat,Oil Sands,Clearwater,50.4541,-110.9233,2001-04-21,2001-07-12,2104.6,Producing,77.0,0.1,50.5,15.17,379170.0,255.0,1118573.0
AB-100907,Suncor Energy,Lloydminster,Oil,Bakken,52.9905,-110.096,2015-02-20,2015-05-10,2587.7,Suspended,170.0,0.0,72.3,3.6,359557.0,133.0,506414.0
AB-100908,Suncor Energy,Cold Lake,Heavy Oil,McMurray,54.5461,-110.4351,2007-07-16,2007-10-14,2989.2,Suspended,43.5,0.0,62.8,21.64,242837.0,76.0,183963.0
AB-100909,Whitecap Resources,Cold Lake,Oil,Duvernay,54.1603,-110.2846,2009-04-08,2009-06-05,2212.7,Orphan,237.9,0.0,55.1,38.89,972821.0,493.0,899054.0
AB-100910,Suncor Energy,Grande Prairie,Gas,Colorado Group,55.2006,-119.1163,2016-02-21,2016-05-27,2403.8,Producing,143.8,56.7,,35.98,752.0,994.0,830.0
AB-100911,Obsidian Energy,Lloydminster,Gas,Bakken,53.0475,-109.5409,2009-11-05,2010-03-11,300.0,Producing,122.6,6.1,64.5,22.42,3027.0,5319.0,6727.0
AB-100912,Baytex Energy,Athabasca,Oil,Montney,57.6812,-110.7463,2012-11-13,2013-01-06,1339.3,Producing,441.0,96.0,60.2,3.68,1881840.0,292.0,1765713.0
AB-100913,Crescent Point Energy,Peace River,Oil,Bakken,56.3712,-116.9778,2005-07-11,2005-09-21,1986.6,Producing,239.4,4.7,63.5,29.54,1615697.0,3.0,3303947.0
AB-100914,Athabasca Oil Corp,Cold Lake,Gas,Colorado Group,54.1418,-110.2718,2001-03-15,2001-06-05,2403.6,Producing,47.2,0.3,71.8,30.09,3214.0,3206.0,2088.0
AB-100915,Whitecap Resources,Medicine Hat,Oil,Bakken,50.2382,-111.073,2007-10-06,2008-01-17,636.9,Producing,2.5,0.3,98.0,13.95,12539.0,1118.0,28357.0
AB-100916,Cenovus Energy,Grande Prairie,Heavy Oil,McMurray,54.9112,-118.5853,2016-01-24,2016-04-05,1897.4,Producing,94.5,5.6,94.8,6.46,290716.0,622.0,332067.0
AB-100917,Cenovus Energy,Peace River,Heavy Oil,Colorado Group,56.1251,-117.0969,2012-08-07,2013-02-01,1682.7,Producing,56.9,5.1,,17.35,182135.0,47.0,272782.0
AB-100918,Obsidian Energy,Cold Lake,Heavy Oil,McMurray,54.3263,-110.2085,2004-01-08,2004-03-22,1156.4,Abandoned,12.8,0.0,52.5,7.59,72865.0,80.0,146647.0
AB-100919,MEG Energy,Athabasca,Gas,Clearwater,57.7328,-111.4001,1999-07-07,1999-08-31,1954.7,Producing,299.4,0.1,,33.2,886.0,24307.0,399.0
AB-100920,Suncor Energy,Cold Lake,Oil,Montney,54.1028,-110.2294,2004-01-13,2004-03-25,1550.9,Producing,152.1,17.5,98.0,20.65,1090141.0,35.0,1598201.0
AB-100921,Whitecap Resources,Medicine Hat,Oil,Montney,50.4663,-110.8732,2021-12-27,2022-01-12,1577.4,Producing,110.1,37.8,28.1,7.58,80395.0,106.0,87745.0
AB-100922,Whitecap Resources,Athabasca,Gas,Clearwater,57.7465,-111.4905,1998-09-12,1999-01-13,1409.7,Producing,117.2,4.4,53.7,9.22,3756.0,5234.0,6820.0
AB-100923,Cenovus Energy,Grande Prairie,Heavy Oil,Cardium,55.3994,-119.4485,2007-05-18,2007-11-12,1492.7,Abandoned,86.0,0.0,82.0,15.5,484648.0,9876.0,1078266.0
AB-100924,Crescent Point Energy,Medicine Hat,Gas,Duvernay,49.9244,-110.499,1999-06-04,1999-10-21,1799.5,Producing,112.3,0.3,,27.57,4623.0,1963.0,8111.0
AB-100925,Baytex Energy,Lloydminster,Oil Sands,Viking,53.2637,-109.601,2014-06-07,2014-08-28,2124.3,Producing,78.4,10.7,55.5,2.06,277802.0,157.0,519211.0
AB-100926,MEG Energy,Grande Prairie,Heavy Oil,Viking,54.9881,-119.0693,2005-11-11,2006-03-28,2515.0,Producing,52.9,0.1,61.2,34.78,174408.0,2181.0,394088.0
AB-100927,Canadian Natural Resources,Cold Lake,Heavy Oil,Duvernay,54.573,-110.0724,2022-01-17,2022-04-26,696.5,Producing,15.8,10.1,,2.75,13939.0,84.0,8837.0
AB-100928,Obsidian Energy,Grande Prairie,Heavy Oil,Duvernay,54.9859,-119.2204,2010-12-08,2011-05-26,2404.9,Abandoned,142.3,0.0,73.2,7.04,599080.0,27.0,1796019.0
AB-100929,Imperial Oil,Medicine Hat,Heavy Oil,Colorado Group,50.0503,-111.1992,2021-07-10,2021-11-06,1548.7,Producing,34.9,17.4,47.2,16.97,25214.0,426.0,21290.0
AB-100930,Obsidian Energy,Grande Prairie,Heavy Oil,Montney,55.2856,-119.2085,2021-11-12,2021-12-28,1082.1,Producing,223.5,46.8,75.8,22.9,151258.0,114.0,92035.0
AB-100931,Imperial Oil,Cold Lake,Heavy Oil,Viking,54.4884,-110.2059,2023-11-10,2024-04-03,2317.7,Producing,61.2,33.6,46.0,5.63,24846.0,65.0,67291.0
AB-100932,Whitecap Resources,Peace River,Heavy Oil,Clearwater,56.7228,-116.5302,2015-04-01,2015-06-04,1090.4,Producing,85.2,3.5,45.4,20.11,290548.0,55.0,491403.0
AB-100933,Crescent Point Energy,Peace River,Gas,Bakken,56.1918,-116.7844,2012-05-12,2012-11-04,1607.0,Producing,51.7,5.3,61.0,28.04,1022.0,3319.0,2240.0
AB-100934,Baytex Energy,Athabasca,Oil Sands,Cardium,58.2409,-111.4271,2000-08-19,2001-02-06,1319.6,Producing,25.7,0.0,58.3,7.36,157832.0,481.0,388555.0
AB-100935,Imperial Oil,Peace River,Oil,Viking,56.1861,-117.2102,2023-05-07,2023-10-05,1798.9,Producing,67.8,41.7,44.2,35.2,42337.0,29.0,78157.0
AB-100936,Cenovus Energy,Grande Prairie,Oil,Duvernay,55.2672,-119.3538,2012-03-26,2012-06-19,702.0,Producing,220.5,61.7,32.6,15.56,971187.0,687.0,1838813.0
AB-100937,Baytex Energy,Medicine Hat,Heavy Oil,Duvernay,49.9193,-110.5183,2015-04-22,2015-10-18,1780.4,Producing,323.8,76.5,49.1,37.01,590133.0,416.0,978547.0
AB-100938,Whitecap Resources,Peace River,Heavy Oil,Duvernay,56.8234,-116.8717,2020-04-17,2020-08-27,1856.0,Producing,65.4,14.4,41.1,27.01,100778.0,25.0,193835.0
AB-100939,MEG Energy,Medicine Hat,Oil,Duvernay,50.1872,-110.937,2015-04-13,2015-08-29,1517.5,Producing,79.4,31.0,84.4,28.32,152018.0,96.0,67389.0
AB-100940,,Peace River,Oil,Colorado Group,56.7316,-117.3255,2020-03-05,2020-05-13,3585.1,Producing,48.1,22.5,36.0,5.64,51280.0,19.0,28071.0
AB-100941,Canadian Natural Resources,Athabasca,Gas,Bakken,57.044,-111.6819,2000-05-21,2000-06-25,996.4,Producing,14.5,0.2,,33.27,834.0,7443.0,2165.0
AB-100942,Crescent Point Energy,Cold Lake,Oil Sands,Clearwater,54.4148,-110.2728,2014-09-15,2014-11-30,1826.3,Producing,48.9,5.1,36.7,3.36,157333.0,368.0,133421.0
AB-100943,Baytex Energy,Lloydminster,Gas,Viking,53.3679,-110.1498,2008-09-21,2008-10-09,2325.0,Producing,43.0,0.2,62.6,10.72,3382.0,1490.0,2164.0
AB-100944,Whitecap Resources,Medicine Hat,Oil,Colorado Group,50.053,-110.6939,2005-12-25,2006-06-18,1116.4,Suspended,274.4,0.0,94.8,29.12,1750822.0,135.0,2412065.0
AB-100945,Obsidian Energy,Peace River,Oil Sands,Duvernay,56.3498,-117.0265,2001-11-18,2002-02-23,1707.7,Producing,38.3,0.0,83.7,23.58,257854.0,88.0,486564.0
AB-100946,Athabasca Oil Corp,Peace River,Heavy Oil,Bakken,56.9336,-117.2909,2016-10-08,2017-02-28,3230.1,Suspended,115.2,0.0,,7.73,192876.0,125.0,90659.0
AB-100947,Suncor Energy,Peace River,Heavy Oil,Cardium,56.1615,-116.9983,2016-01-18,2016-05-25,300.0,Producing,38.2,1.7,73.4,36.78,83481.0,591.0,73989.0
AB-100948,Cenovus Energy,Cold Lake,Heavy Oil,McMurray,54.5914,-109.9374,2015-07-16,2015-12-02,1450.5,Producing,43.2,1.1,55.9,4.6,117516.0,22.0,90720.0
AB-100949,Obsidian Energy,Cold Lake,Gas,Colorado Group,54.045,-109.8559,2020-04-04,2020-07-07,,Abandoned,150.9,0.0,25.1,28.92,4061.0,7925.0,5149.0
AB-100950,Baytex Energy,Cold Lake,Gas,Viking,54.2255,-109.8061,2013-03-16,2013-07-29,1254.9,Producing,42.2,3.0,68.4,5.99,4982.0,5708.0,7068.0
AB-100951,Cenovus Energy,Medicine Hat,Oil,Viking,50.4321,-111.069,2023-07-05,2023-12-02,2019.3,Suspended,162.5,0.0,27.9,1.79,84350.0,319.0,45804.0
AB-100952,Canadian Natural Resources,Athabasca,Gas,Duvernay,57.1689,-110.7254,2006-04-04,2006-06-16,504.7,Suspended,30.0,0.0,81.6,7.18,4893.0,1176.0,14643.0
AB-100953,Suncor Energy,Lloydminster,Gas,Colorado Group,53.008,-109.7357,2020-01-06,2020-06-04,1822.6,Producing,24.1,7.5,43.6,13.47,1632.0,6813.0,3456.0
AB-100954,MEG Energy,Medicine Hat,Oil,Bakken,50.1493,-111.1785,2005-07-22,2006-01-04,2208.5,Producing,13.4,0.0,46.1,3.37,57401.0,894.0,63816.0
AB-100955,Cenovus Energy,Athabasca,Oil,Duvernay,57.2902,-110.6347,2001-12-26,2002-04-10,1815.4,Producing,35.6,0.0,92.8,17.65,182750.0,452.0,370452.0
AB-100956,Canadian Natural Resources,Lloydminster,Heavy Oil,Duvernay,53.1368,-109.7373,2019-03-24,2019-04-12,1367.2,Suspended,37.1,0.0,55.7,19.42,51504.0,648.0,146735.0
AB-100957,MEG Energy,Grande Prairie,Oil Sands,Clearwater,55.1276,-118.8683,2012-10-01,2013-03-11,405.2,Abandoned,24.6,0.0,36.1,37.39,106106.0,697.0,174879.0
AB-100958,Athabasca Oil Corp,Medicine Hat,Oil,McMurray,49.8817,-110.8546,2004-08-08,2004-10-04,300.0,Abandoned,65.0,0.0,56.5,25.02,491575.0,63.0,794939.0
AB-100959,Baytex Energy,Medicine Hat,Oil Sands,Montney,49.9762,-111.0576,2020-05-20,2020-08-14,1065.7,Producing,174.9,50.0,54.9,3.18,204782.0,145.0,411438.0
AB-100960,MEG Energy,Peace River,Oil Sands,Cardium,56.2486,-117.1993,2016-01-21,2016-04-04,308.5,Producing,183.4,45.4,68.4,3.23,514323.0,72.0,466151.0
AB-100961,Suncor Energy,Cold Lake,Heavy Oil,Colorado Group,54.3491,-110.2092,2010-02-26,2010-03-15,1860.5,Producing,75.1,7.6,71.2,21.81,210945.0,1358.0,517274.0
AB-100962,MEG Energy,Peace River,Heavy Oil,Duvernay,56.4875,-117.3535,2000-09-17,2000-10-16,2471.9,Producing,300.8,8.3,,18.14,2367740.0,244.0,5935202.0
AB-100963,MEG Energy,Grande Prairie,Heavy Oil,McMurray,55.3224,-119.3144,2006-12-21,2007-03-26,2487.6,Abandoned,42.2,0.0,74.4,21.5,162065.0,1114.0,402186.0
AB-100964,Crescent Point Energy,Athabasca,Oil Sands,Clearwater,56.7622,-111.6678,2022-04-24,2022-06-18,,Producing,46.0,22.0,58.3,25.49,62179.0,11.0,108018.0
AB-100965,Crescent Point Energy,Grande Prairie,Oil,Duvernay,55.413,-118.8385,2007-04-16,2007-05-15,2424.1,Producing,85.4,3.3,75.0,35.86,333051.0,53.0,478053.0
AB-100966,Cenovus Energy,Grande Prairie,Gas,Duvernay,55.3451,-118.8941,2021-07-25,2021-09-14,1710.5,Producing,141.7,68.0,52.8,36.0,3106.0,4484.0,4682.0
AB-100967,Imperial Oil,Grande Prairie,Oil,McMurray,55.0588,-119.2475,2000-03-15,2000-04-14,1792.8,Abandoned,31.6,0.0,52.7,19.22,150291.0,3.0,256329.0
AB-100968,Cenovus Energy,Medicine Hat,Oil,Clearwater,50.2169,-110.7127,2020-03-02,2020-04-30,1737.4,Producing,66.4,10.4,96.4,37.0,74026.0,87.0,141840.0
AB-100969,Obsidian Energy,Cold Lake,Heavy Oil,Clearwater,54.0033,-109.8414,2018-06-17,2018-08-16,1931.1,Producing,16.3,4.9,66.2,6.15,42132.0,133.0,119279.0
AB-100970,Crescent Point Energy,Medicine Hat,Oil,Cardium,49.8018,-110.9,1998-12-26,1999-05-06,1392.9,Producing,11.0,0.0,89.9,15.04,46902.0,312.0,121326.0
AB-100971,Athabasca Oil Corp,Peace River,Heavy Oil,Colorado Group,56.0228,-117.2277,2011-12-16,2012-06-07,1055.5,Producing,94.8,6.3,70.8,17.45,319514.0,116.0,888392.0
AB-100972,Canadian Natural Resources,Cold Lake,Oil Sands,Duvernay,54.3336,-110.3434,2010-04-04,2010-05-12,1506.1,Producing,90.2,3.3,31.8,17.13,412288.0,54.0,1073818.0
AB-100973,Cenovus Energy,Athabasca,Gas,Colorado Group,56.2345,-111.0204,2000-09-26,2000-12-07,735.8,Producing,28.7,0.1,65.1,9.34,1308.0,5836.0,3127.0
AB-100974,Imperial Oil,Cold Lake,Oil Sands,McMurray,54.775,-110.0447,2006-10-21,2006-11-18,1587.3,Abandoned,49.5,0.0,36.5,2.53,268923.0,425.0,580948.0
AB-100975,Baytex Energy,Medicine Hat,Oil,Duvernay,49.8811,-111.0398,1999-01-11,1999-03-01,2442.3,Producing,36.3,0.0,62.5,4.92,157065.0,262.0,440292.0
AB-100976,Athabasca Oil Corp,Cold Lake,Oil Sands,Clearwater,54.0548,-110.0831,2019-07-12,2019-11-28,1994.5,Producing,82.8,9.8,53.2,35.32,111075.0,50.0,42037.0
AB-100977,Canadian Natural Resources,Lloydminster,Oil Sands,Duvernay,53.3967,-109.7435,2022-02-25,2022-07-04,495.6,Suspended,65.0,0.0,48.2,39.43,90007.0,13.0,168442.0
AB-100978,Imperial Oil,Medicine Hat,Gas,McMurray,49.925,-111.1151,2012-12-24,2013-05-13,1782.0,Suspended,70.6,0.0,64.7,22.92,2047.0,185321.0,4885.0
AB-100979,Baytex Energy,Medicine Hat,Gas,Clearwater,50.4921,-110.6283,2017-08-10,2018-01-18,2703.7,Suspended,369.3,0.0,37.6,1.51,2981.0,3712.0,7196.0
AB-100980,Baytex Energy,Athabasca,Oil,Colorado Group,57.1495,-110.5302,2000-02-09,2000-06-20,2213.9,Producing,22.5,0.0,45.9,27.58,94408.0,86.0,154457.0
AB-100981,Athabasca Oil Corp,Grande Prairie,Oil Sands,Montney,55.4937,-119.3384,2023-09-02,2024-01-01,951.8,Producing,37.8,28.0,22.0,33.86,32229.0,847.0,35295.0
AB-100982,Imperial Oil,Grande Prairie,Gas,Montney,55.5827,-119.0626,2015-12-27,2016-01-20,2918.4,Producing,144.3,57.6,51.1,6.24,1956.0,2705.0,5170.0
AB-100983,Canadian Natural Resources,Peace River,Oil,McMurray,56.0579,-116.621,2021-10-19,2021-12-10,1943.6,Producing,2360.3999999999996,130.0,19.3,31.66,221137.0,89.0,77954.0
AB-100984,Whitecap Resources,Athabasca,Gas,Colorado Group,56.4203,-110.8985,2023-06-08,2023-07-17,1724.0,Suspended,168.8,0.0,51.5,34.07,756.0,772.0,1052.0
AB-100985,Cenovus Energy,Athabasca,Oil Sands,Cardium,57.4324,-111.2937,2008-05-12,2008-07-24,1576.6,Producing,78.0,4.0,98.0,39.25,394325.0,44.0,1056933.0
AB-100986,Suncor Energy,Cold Lake,Oil,Viking,54.0678,-110.0798,2010-07-15,2011-01-04,2453.0,Producing,71.2,7.1,77.4,19.24,360517.0,38.0,440941.0
AB-100987,Baytex Energy,Lloydminster,Oil Sands,Bakken,52.823,-109.5893,1999-11-10,2000-01-23,2017.5,Producing,260.0,0.0,98.0,1.59,1971393.0,619.0,5264539.0
AB-100988,Suncor Energy,Athabasca,Gas,Viking,56.7794,-111.7206,2014-01-19,2014-04-08,2710.0,Suspended,84.9,0.0,33.4,4.39,2348.0,16527.0,5473.0
AB-100989,Athabasca Oil Corp,Medicine Hat,Gas,Cardium,50.4932,-110.5393,2009-10-03,2010-02-06,1715.6,Orphan,40.1,0.0,58.3,12.6,4528.0,405.0,8029.0
AB-100990,Canadian Natural Resources,Peace River,Heavy Oil,Clearwater,56.7808,-117.2812,2002-07-04,2002-11-28,1500.5,Producing,151.0,3.1,67.7,21.48,1201519.0,32.0,370731.0
AB-100991,Baytex Energy,Lloydminster,Gas,Viking,52.8755,-109.8538,2015-01-06,2015-01-26,788.1,Abandoned,30.2,0.0,64.7,1.6,576.0,8870.0,896.0
AB-100992,Canadian Natural Resources,Lloydminster,Oil,Clearwater,52.9723,-109.6082,2007-03-08,2007-06-21,1398.1,Producing,142.9,5.7,69.5,8.91,929805.0,7.0,1921837.0
AB-100993,Cenovus Energy,Lloydminster,Oil,Cardium,53.3643,-109.6322,2013-01-04,2013-03-06,1150.3,Suspended,320.1,0.0,47.4,30.66,1491829.0,1145.0,861968.0
AB-100994,Crescent Point Energy,Medicine Hat,Oil,Duvernay,50.3519,-110.6594,2015-07-04,2015-10-24,2583.8,Abandoned,18.7,0.0,59.7,34.98,32827.0,80.0,42497.0
AB-100995,Suncor Energy,Athabasca,Oil,Cardium,58.2266,-111.4377,2001-07-17,2001-12-20,1859.7,Abandoned,55.6,0.0,85.6,12.43,430894.0,223.0,575130.0
AB-100996,Cenovus Energy,Medicine Hat,Oil,Bakken,50.1205,-110.794,2007-07-17,2007-10-19,2421.3,Producing,110.1,4.6,66.4,1.47,452850.0,36.0,617003.0
AB-100997,Cenovus Energy,Grande Prairie,Oil Sands,Cardium,54.8388,-119.2161,2002-02-03,2002-04-24,2058.5,Abandoned,92.1,0.0,,21.18,516348.0,284.0,1540403.0
AB-100998,MEG Energy,Athabasca,Oil,Cardium,58.0341,-111.8929,2021-02-12,2021-02-28,3583.1,Suspended,24.2,0.0,19.1,28.92,32496.0,152.0,64744.0
AB-100999,Cenovus Energy,Athabasca,Oil Sands,Clearwater,56.0778,-110.5415,2003-12-08,2004-05-27,1106.0,Abandoned,30.2,0.0,87.2,33.18,177006.0,130.0,386593.0
AB-101000,,Cold Lake,Oil,McMurray,54.4171,-110.2412,2007-01-11,2007-02-26,3255.4,Producing,60.5,1.4,83.3,2.68,214316.0,166.0,435299.0
AB-101001,Cenovus Energy,Cold Lake,Gas,Bakken,54.5683,-110.3882,2000-01-13,2000-03-05,1597.8,Abandoned,32.6,0.0,98.0,31.32,1713.0,932.0,5104.0
AB-101002,Athabasca Oil Corp,Athabasca,Heavy Oil,Montney,57.4462,-110.5206,2009-06-10,2009-12-06,2026.2,Abandoned,248.3,0.0,63.1,11.25,690662.0,280.0,724467.0
AB-101003,Whitecap Resources,Lloydminster,Oil,Duvernay,52.8072,-109.5803,2001-06-26,2001-11-04,1739.4,Producing,61.0,0.1,72.0,13.86,248694.0,657.0,742092.0
AB-101004,Athabasca Oil Corp,Lloydminster,Oil,Colorado Group,52.8418,-109.7942,2011-12-11,2012-04-02,2309.8,Producing,135.0,19.3,35.8,18.86,541841.0,136.0,982880.0
AB-101005,Obsidian Energy,Cold Lake,Oil,Cardium,54.4282,-109.8611,2017-10-05,2018-03-11,2178.9,Producing,220.9,81.0,66.0,21.06,582940.0,2120.0,1485172.0
AB-101006,Suncor Energy,Lloydminster,Oil,Montney,53.0387,-110.0082,2008-05-06,2008-08-27,3188.3,Suspended,32.4,0.0,62.2,31.55,96601.0,209.0,186388.0
AB-101007,Crescent Point Energy,Athabasca,Gas,Montney,57.7897,-111.9236,2022-07-07,2022-09-12,1036.7,Producing,215.3,153.2,44.5,9.44,1913.0,339.0,3589.0
AB-101008,MEG Energy,Cold Lake,Heavy Oil,Duvernay,54.3659,-110.349,2015-01-09,2015-04-05,1092.4,Producing,79.9,1.6,29.3,33.76,146788.0,32.0,107808.0
AB-101009,Suncor Energy,Peace River,Oil Sands,McMurray,56.9822,-116.638,2021-05-09,2021-06-14,1029.8,Producing,58.0,11.0,41.1,5.64,69118.0,76.0,107690.0
AB-101010,MEG Energy,Peace River,Oil,Colorado Group,56.6996,-116.7782,2005-07-26,2005-12-29,1282.0,Abandoned,19.0,0.0,53.4,23.25,95444.0,459.0,35970.0
AB-101011,Cenovus Energy,Athabasca,Oil,Viking,57.127,-111.8053,2022-10-26,2022-12-27,1380.7,Producing,119.3,44.6,71.9,16.23,63840.0,13.0,79885.0
AB-101012,Suncor Energy,Lloydminster,Oil,Montney,53.3646,-110.0734,2007-04-04,2007-05-10,3097.4,Producing,255.1,24.5,71.1,20.02,1378159.0,167.0,941916.0
AB-101013,MEG Energy,Grande Prairie,Oil,Viking,55.23,-119.0015,2019-03-13,2019-04-17,3368.6,Suspended,487.9,0.0,78.6,24.64,1152710.0,40.0,1265996.0
AB-101014,Imperial Oil,Athabasca,Oil,Montney,56.9025,-110.6759,2012-03-17,2012-08-19,1078.4,Abandoned,40.1,0.0,72.9,20.65,178656.0,315.0,102377.0
AB-101015,,Cold Lake,Oil Sands,Colorado Group,54.7583,-109.9264,2004-10-27,2005-03-28,2175.5,Producing,38.2,0.1,74.9,14.99,286955.0,84.0,626850.0
AB-101016,Whitecap Resources,Lloydminster,Heavy Oil,Colorado Group,53.3419,-109.8416,2020-08-12,2020-12-04,2297.7,Producing,23.2,5.5,58.5,22.54,35381.0,650.0,89854.0
AB-101017,Imperial Oil,Grande Prairie,Gas,Clearwater,55.2531,-118.6129,2003-05-01,2003-10-22,826.7,Producing,29.7,1.6,59.8,13.61,4438.0,2439.0,9362.0
AB-101018,Canadian Natural Resources,Cold Lake,Gas,Cardium,54.5396,-110.2939,2000-12-11,2001-02-20,2118.0,Producing,53.9,0.1,69.9,31.19,2905.0,5649.0,3081.0
AB-101019,Crescent Point Energy,Lloydminster,Gas,Montney,53.0851,-110.1398,2011-05-17,2011-08-06,2294.6,Producing,69.3,0.5,46.2,10.61,4741.0,2245.0,10239.0
AB-101020,Baytex Energy,Athabasca,Heavy Oil,Duvernay,58.1428,-110.9001,2011-05-03,2011-06-10,2737.6,Suspended,88.9,0.0,47.0,6.75,263533.0,49.0,230398.0
AB-101021,Crescent Point Energy,Lloydminster,Gas,Clearwater,52.9266,-109.8092,2001-11-22,2002-02-10,1708.9,Producing,89.4,1.5,54.2,3.69,3506.0,1231.0,5959.0
AB-101022,Crescent Point Energy,Medicine Hat,Gas,Cardium,49.9619,-110.906,2011-09-13,2011-12-02,1437.3,Abandoned,87.3,0.0,67.3,26.72,3831.0,276.0,10587.0
AB-101023,Crescent Point Energy,Cold Lake,Oil,Colorado Group,54.5831,-110.201,2006-08-19,2006-11-18,2148.4,Producing,24.1,0.3,57.0,4.41,142159.0,11.0,386030.0
AB-101024,Baytex Energy,Grande Prairie,Heavy Oil,Montney,54.9966,-118.9274,2009-02-22,2009-06-15,2416.7,Producing,177.2,0.6,54.7,33.45,619820.0,250.0,1300814.0
AB-101025,Obsidian Energy,Peace River,Gas,Montney,56.8301,-117.3291,2022-10-21,2023-03-03,2287.7,Producing,56.1,37.9,38.3,2.87,3999.0,981.0,5459.0
AB-101026,Crescent Point Energy,Peace River,Gas,Clearwater,56.6216,-116.7708,2002-07-19,2003-01-05,1821.6,Producing,77.9,0.3,75.3,14.06,2538.0,1011.0,3308.0
AB-101027,Canadian Natural Resources,Cold Lake,Oil,Bakken,54.777,-109.8028,2002-07-27,2002-12-12,2399.1,Producing,51.4,0.1,49.3,9.32,302609.0,33.0,796143.0
AB-101028,Athabasca Oil Corp,Medicine Hat,Heavy Oil,Colorado Group,50.2564,-111.1572,2004-05-04,2004-06-02,3077.7,Producing,13.8,0.0,47.3,1.68,86222.0,684.0,68582.0
AB-101029,Crescent Point Energy,Cold Lake,Oil Sands,Bakken,54.7163,-110.0954,2000-08-09,2000-10-30,3065.2,Producing,27.0,0.0,88.6,16.23,148826.0,176.0,255060.0
AB-101030,Crescent Point Energy,Athabasca,Oil Sands,Colorado Group,56.2194,-110.7078,2000-07-04,2000-09-03,959.2,Suspended,71.4,0.0,69.5,1.27,502896.0,259.0,727554.0
AB-101031,Whitecap Resources,Peace River,Oil,Bakken,56.2708,-117.4332,2000-02-04,2000-07-09,2687.3,Producing,18.5,0.0,86.4,27.15,131890.0,163.0,117478.0
AB-101032,Imperial Oil,Medicine Hat,Heavy Oil,Bakken,50.1426,-111.1921,2020-04-27,2020-07-08,2327.8,Producing,10.5,1.3,60.4,9.48,18736.0,106.0,17426.0
AB-101033,Imperial Oil,Lloydminster,Oil Sands,Colorado Group,53.2232,-109.6262,2022-01-09,2022-06-26,2076.2,Producing,73.1,41.1,48.3,15.78,56317.0,205.0,164552.0
AB-101034,Athabasca Oil Corp,Peace River,Oil,Duvernay,56.7552,-117.4816,2005-11-10,2006-02-25,1275.4,Producing,124.1,2.0,43.9,19.18,896037.0,127.0,2018633.0
AB-101035,Obsidian Energy,Peace River,Oil Sands,Colorado Group,56.7209,-117.0407,2022-07-05,2022-11-21,1886.4,Producing,47.9,16.7,20.7,11.39,52078.0,29.0,112767.0
AB-101036,Obsidian Energy,Medicine Hat,Oil Sands,McMurray,50.0047,-110.8834,2003-01-20,2003-07-17,3561.3,Suspended,55.1,0.0,39.3,8.77,435902.0,46.0,770761.0
AB-101037,,Athabasca,Gas,Viking,56.1095,-110.9605,2015-01-20,2015-05-22,1048.8,Producing,44.9,4.2,78.0,8.11,110.0,3049.0,139.0
AB-101038,Canadian Natural Resources,Grande Prairie,Oil,McMurray,54.9827,-118.7968,2017-01-04,2017-02-10,1340.3,Suspended,301.4,0.0,,2.23,975765.0,51.0,1869198.0
AB-101039,Obsidian Energy,Athabasca,Gas,Montney,56.2592,-111.9959,2020-01-15,2020-06-25,2968.6,Producing,24.5,5.6,76.9,1.5,3307.0,42080.0,8556.0
AB-101040,Crescent Point Energy,Peace River,Oil Sands,Montney,56.5232,-116.8389,2001-04-09,2001-09-01,1722.1,Producing,53.2,0.1,88.1,9.67,252476.0,401.0,615414.0
AB-101041,Whitecap Resources,Lloydminster,Heavy Oil,Clearwater,52.9671,-110.0179,2001-05-16,2001-06-26,2466.6,Producing,101.2,1.8,79.4,26.41,703200.0,2154.0,1189978.0
AB-101042,Athabasca Oil Corp,Medicine Hat,Gas,Cardium,50.0418,-110.8585,1998-12-19,1999-04-18,2526.4,Abandoned,136.8,0.0,74.2,39.7,3702.0,468706.0,1516.0
AB-101043,Cenovus Energy,Peace River,Heavy Oil,McMurray,56.8631,-117.3195,2013-10-23,2014-04-07,1583.3,Suspended,17.9,0.0,40.8,13.47,43986.0,69.0,53867.0
AB-101044,Suncor Energy,Lloydminster,Gas,Montney,53.1443,-110.0296,2020-01-11,2020-06-02,2007.3,Suspended,77.0,0.0,60.5,29.04,1459.0,198.0,3260.0
AB-101045,MEG Energy,Peace River,Gas,McMurray,56.4762,-116.5794,2002-03-24,2002-05-06,1702.3,Producing,23.3,0.3,80.1,6.39,1862.0,26730.0,5206.0
AB-101046,MEG Energy,Lloydminster,Oil Sands,McMurray,53.0508,-109.7318,2013-01-10,2013-04-16,1032.3,Producing,98.8,4.9,62.0,5.54,439899.0,1188.0,301153.0
AB-101047,Cenovus Energy,Peace River,Heavy Oil,Cardium,56.6079,-116.53,2010-10-14,2011-03-16,2801.3,Orphan,49.4,0.0,59.8,36.69,175545.0,479.0,258505.0
AB-101048,Athabasca Oil Corp,Cold Lake,Gas,Cardium,54.3058,-110.21,2000-06-12,2000-10-21,1397.6,Suspended,211.0,0.0,98.0,26.14,4535.0,23048.0,13368.0
AB-101049,Imperial Oil,Lloydminster,Oil Sands,Viking,53.0598,-109.7414,2015-10-01,2015-11-07,2011.4,Producing,158.6,4.3,49.2,22.3,386418.0,1876.0,348495.0
AB-101050,Whitecap Resources,Lloydminster,Heavy Oil,Duvernay,53.0844,-109.8102,2023-01-13,2023-06-04,2378.6,Suspended,229.8,0.0,25.7,35.74,117356.0,59.0,183635.0
AB-101051,Whitecap Resources,Medicine Hat,Heavy Oil,Viking,49.9471,-110.9727,1998-05-13,1998-09-28,2289.0,Producing,185.1,3.8,89.9,7.29,989249.0,261.0,2594754.0
AB-101052,Suncor Energy,Athabasca,Gas,Montney,57.7983,-111.9065,2018-03-10,2018-07-07,1161.9,Producing,56.9,21.2,75.8,36.94,4994.0,1285.0,13336.0
AB-101053,Cenovus Energy,Cold Lake,Heavy Oil,Viking,54.2505,-110.4763,2008-11-23,2009-05-14,716.1,Producing,459.1,87.0,61.1,32.3,2712694.0,112.0,7950183.0
AB-101054,Canadian Natural Resources,Cold Lake,Oil Sands,Viking,54.1078,-109.9295,2005-06-09,2005-10-30,2293.7,Producing,128.9,6.7,62.1,4.41,633122.0,16.0,715914.0
AB-101055,MEG Energy,Cold Lake,Oil Sands,Cardium,54.0992,-110.4928,2005-02-27,2005-07-30,933.5,Producing,44.1,0.3,63.7,36.51,218049.0,17.0,381911.0
AB-101056,Crescent Point Energy,Medicine Hat,Gas,Bakken,50.3062,-110.7421,2000-07-02,2000-10-27,783.5,Producing,27.6,0.1,68.8,1.16,987.0,50492.0,1589.0
AB-101057,Cenovus Energy,Athabasca,Heavy Oil,McMurray,56.8217,-110.8177,2019-09-01,2020-02-16,1775.5,Abandoned,18.6,0.0,,11.28,23457.0,45.0,31570.0
AB-101058,Cenovus Energy,Medicine Hat,Oil,McMurray,50.4081,-110.711,2021-06-26,2021-09-06,2029.8,Producing,114.3,44.9,58.2,13.58,132399.0,723.0,211124.0
AB-101059,MEG Energy,Athabasca,Heavy Oil,Duvernay,57.8498,-110.9102,2010-04-17,2010-06-02,1249.0,Abandoned,10.0,0.0,48.7,26.73,25758.0,629.0,19285.0
AB-101060,Whitecap Resources,Athabasca,Oil,Colorado Group,58.2799,-110.8101,2015-10-23,2015-11-24,2357.5,Abandoned,203.7,0.0,58.4,5.19,345998.0,73.0,837059.0
AB-101061,MEG Energy,Athabasca,Oil Sands,Montney,57.9067,-110.7263,2003-11-26,2004-02-11,2347.9,Abandoned,31.9,0.0,85.5,15.18,226025.0,28.0,382104.0
AB-101062,Canadian Natural Resources,Medicine Hat,Gas,McMurray,50.3109,-110.8384,2019-05-03,2019-08-09,1218.1,Suspended,29.7,0.0,,7.21,3755.0,2957.0,8333.0
AB-101063,Cenovus Energy,Lloydminster,Gas,Duvernay,53.3812,-109.9522,2003-12-20,2004-05-09,1830.6,Producing,75.6,0.3,90.5,29.17,2175.0,542.0,3415.0
AB-101064,Crescent Point Energy,Peace River,Oil Sands,Clearwater,56.6364,-116.9244,2008-04-23,2008-08-30,2210.9,Producing,66.9,2.1,98.0,2.6,276605.0,7.0,565850.0
AB-101065,Cenovus Energy,Cold Lake,Oil,Clearwater,54.5249,-110.3174,2022-11-26,2023-01-01,1987.6,Abandoned,52.4,0.0,33.4,15.85,44819.0,374.0,69292.0
AB-101066,Whitecap Resources,Athabasca,Gas,Cardium,57.7835,-111.8882,2006-07-22,2007-01-13,3506.0,Producing,180.0,0.3,60.2,18.86,2200.0,1758.0,1700.0
AB-101067,Crescent Point Energy,Lloydminster,Oil,Bakken,52.9146,-109.7375,2000-12-01,2001-04-20,1801.5,Producing,55.0,2.4,72.4,2.82,361426.0,213.0,337646.0
AB-101068,Athabasca Oil Corp,Medicine Hat,Oil Sands,Montney,49.9567,-110.611,1999-09-07,1999-11-13,2451.1,Producing,67.5,0.3,88.0,17.89,329118.0,193.0,608911.0
AB-101069,Athabasca Oil Corp,Cold Lake,Oil Sands,Duvernay,54.6566,-109.8391,2007-10-10,2007-11-02,1782.4,Producing,131.9,5.8,93.8,28.4,687044.0,290.0,783120.0
AB-101070,Imperial Oil,Peace River,Oil Sands,Clearwater,56.2353,-117.3246,2013-02-03,2013-05-27,1370.1,Producing,15.1,0.3,48.7,26.48,69844.0,962.0,174287.0
AB-101071,Whitecap Resources,Lloydminster,Heavy Oil,Montney,52.8132,-109.6619,2011-10-15,2012-03-04,2017.6,Producing,86.1,1.4,93.7,27.43,233525.0,49.0,499031.0
AB-101072,Crescent Point Energy,Medicine Hat,Heavy Oil,Cardium,50.3004,-110.6555,2023-12-14,2024-03-08,1997.3,Producing,119.9,57.8,19.1,39.05,97110.0,45.0,57853.0
AB-101073,Whitecap Resources,Athabasca,Oil,McMurray,57.6649,-110.8273,2023-08-26,2023-11-22,548.2,Producing,17.2,12.2,75.3,8.59,13454.0,457.0,26745.0
AB-101074,Crescent Point Energy,Peace River,Oil,Cardium,56.2101,-117.3455,1998-05-20,1998-08-20,1607.8,Producing,187.2,0.0,98.0,37.6,1006157.0,320.0,1063003.0
AB-101075,Imperial Oil,Cold Lake,Heavy Oil,Cardium,54.5945,-110.149,2023-03-02,2023-03-21,2538.6,Suspended,218.3,0.0,35.6,30.43,113260.0,378.0,42260.0
AB-101076,Obsidian Energy,Lloydminster,Gas,Duvernay,52.9413,-109.511,2002-05-03,2002-10-21,1624.5,Producing,367.2,1.2,67.5,27.09,1638.0,351.0,4822.0
AB-101077,Suncor Energy,Medicine Hat,Gas,Viking,50.1429,-111.0242,2021-01-10,2021-04-25,1463.4,Orphan,55.0,0.0,29.1,1.64,412.0,304.0,410.0
AB-101078,Imperial Oil,Cold Lake,Gas,Colorado Group,54.5492,-110.1031,2014-10-15,2015-02-17,2818.8,Producing,161.1,59.5,67.8,11.66,191.0,6239.0,315.0
AB-101079,Baytex Energy,Peace River,Oil,Colorado Group,56.3993,-116.754,2010-10-17,2010-11-07,1060.9,Producing,8.8,0.3,62.0,37.66,48121.0,6589.0,128944.0
AB-101080,MEG Energy,Grande Prairie,Oil,Cardium,55.3859,-119.4207,2013-05-10,2013-09-18,1292.7,Suspended,32.7,0.0,74.4,36.67,130309.0,143.0,55271.0
AB-101081,Obsidian Energy,Peace River,Oil Sands,Viking,56.3552,-117.2207,2013-04-25,2013-08-21,3008.0,Producing,33.9,0.6,64.9,22.1,153083.0,358.0,365897.0
AB-101082,MEG Energy,Lloydminster,Heavy Oil,Bakken,53.3373,-110.1466,2012-09-01,2013-02-22,1010.2,Producing,237.1,9.6,44.9,32.2,809463.0,357.0,327398.0
AB-101083,MEG Energy,Athabasca,Oil,Colorado Group,56.6128,-111.6174,2001-06-23,2001-07-29,3009.2,Orphan,36.4,0.0,70.9,4.48,246257.0,210.0,506021.0
AB-101084,Cenovus Energy,Lloydminster,Heavy Oil,Montney,53.2774,-109.5018,2003-02-17,2003-06-19,1427.3,Producing,55.7,3.3,86.1,8.54,435160.0,154.0,886808.0
AB-101085,Obsidian Energy,Grande Prairie,Oil,Clearwater,55.0666,-118.9726,2010-02-17,2010-04-28,992.9,Suspended,71.7,0.0,87.9,5.24,179694.0,175.0,295997.0
AB-101086,MEG Energy,Lloydminster,Oil Sands,Cardium,53.0997,-109.8871,2016-09-21,2016-10-15,300.0,Producing,34.3,5.2,26.1,8.92,64050.0,461.0,60929.0
AB-101087,MEG Energy,Athabasca,Oil,Montney,57.552,-111.3291,2008-04-18,2008-05-18,2083.5,Producing,71.9,0.6,96.7,18.51,240468.0,29.0,133515.0
AB-101088,Athabasca Oil Corp,Lloydminster,Oil Sands,Cardium,53.3353,-109.8895,2014-11-19,2014-12-31,1505.0,Producing,13.0,0.2,73.3,25.72,31516.0,18.0,23267.0
AB-101089,MEG Energy,Athabasca,Heavy Oil,Bakken,57.5658,-110.7714,2012-11-08,2013-03-20,1694.3,Producing,319.4,25.0,,31.23,1217467.0,15.0,1135756.0
AB-101090,Imperial Oil,Peace River,Gas,Bakken,56.4505,-117.331,2006-12-26,2007-05-12,2889.2,Producing,85.6,0.3,81.3,28.14,3645.0,1027.0,7936.0
AB-101091,Suncor Energy,Medicine Hat,Oil,Colorado Group,50.2199,-110.4523,2017-03-13,2017-04-13,1985.5,Abandoned,64.4,0.0,30.7,35.58,168637.0,393.0,484632.0
AB-101092,Crescent Point Energy,Medicine Hat,Heavy Oil,Clearwater,50.1828,-110.4353,2015-01-01,2015-05-23,2140.4,Producing,38.1,3.0,86.1,9.62,123227.0,103.0,127615.0
AB-101093,Suncor Energy,Grande Prairie,Heavy Oil,Bakken,55.3789,-118.6705,2007-04-25,2007-10-15,2263.1,Producing,134.4,2.3,48.1,17.32,588134.0,7.0,1096724.0
AB-101094,MEG Energy,Cold Lake,Gas,Viking,54.638,-110.4166,2021-08-24,2021-12-04,2479.8,Producing,18.9,4.5,19.3,16.07,2679.0,411.0,2930.0
AB-101095,Crescent Point Energy,Peace River,Gas,McMurray,56.2842,-117.4379,2016-02-25,2016-05-08,2704.7,Suspended,23.0,0.0,46.6,24.27,3585.0,3655.0,10542.0
AB-101096,Crescent Point Energy,Lloydminster,Gas,Colorado Group,53.063,-110.0331,2023-05-07,2023-05-27,1583.1,Orphan,27.8,0.0,84.8,37.68,153.0,7937.0,161.0
AB-101097,Cenovus Energy,Medicine Hat,Oil,Cardium,50.4048,-110.5955,2016-02-22,2016-06-11,,Producing,160.5,5.4,45.3,9.78,340480.0,66.0,614497.0
AB-101098,Baytex Energy,Lloydminster,Gas,McMurray,52.9512,-109.6506,2013-11-15,2014-04-12,1379.7,Producing,93.3,16.9,87.9,1.25,711.0,992.0,494.0
AB-101099,MEG Energy,Athabasca,Gas,Viking,56.7757,-111.4849,2004-07-23,2004-10-30,1177.0,Producing,75.7,0.2,69.0,37.26,3719.0,33.0,3539.0
AB-101100,Whitecap Resources,Cold Lake,Heavy Oil,Clearwater,54.1121,-110.2491,2009-12-20,2010-06-15,411.5,Suspended,111.5,0.0,85.0,6.54,521912.0,16.0,1234426.0
AB-101101,Crescent Point Energy,Medicine Hat,Heavy Oil,Colorado Group,50.2487,-110.457,2014-05-11,2014-10-05,663.6,Producing,21.7,3.5,58.0,31.82,50340.0,901.0,51232.0
AB-101102,Suncor Energy,Cold Lake,Oil,Montney,54.3986,-110.257,2021-01-16,2021-03-06,2952.4,Abandoned,24.8,0.0,20.4,34.73,43530.0,3524.0,96584.0
AB-101103,Canadian Natural Resources,Grande Prairie,Oil,Viking,55.0876,-119.3206,2012-08-16,2012-10-21,2165.9,Abandoned,43.7,0.0,51.4,11.04,181082.0,197.0,399894.0
AB-101104,Crescent Point Energy,Cold Lake,Oil,Duvernay,54.0535,-110.1637,1999-09-17,1999-10-16,1141.8,Producing,15.6,1.4,98.0,37.73,61818.0,128.0,176184.0
AB-101105,Imperial Oil,Medicine Hat,Oil Sands,Montney,50.3605,-110.6277,2017-11-15,2018-05-11,2904.0,Producing,33.9,4.5,57.7,27.58,59100.0,309.0,135658.0
AB-101106,Whitecap Resources,Peace River,Gas,Viking,56.4273,-116.5195,2012-01-17,2012-05-31,326.0,Producing,48.9,0.9,25.6,15.25,237.0,19698.0,195.0
AB-101107,Cenovus Energy,Peace River,Gas,Clearwater,56.2578,-116.9139,2005-08-14,2005-12-20,2013.1,Producing,110.5,0.3,,32.24,2198.0,416.0,4809.0
AB-101108,,Cold Lake,Gas,Clearwater,54.1493,-110.151,2012-12-13,2013-03-05,1445.3,Suspended,303.1,0.0,98.0,36.29,894.0,11424.0,1047.0
AB-101109,Suncor Energy,Lloydminster,Gas,Duvernay,52.9268,-109.7762,2007-10-05,2008-01-02,1774.3,Abandoned,56.4,0.0,64.0,35.48,1481.0,569.0,2686.0
AB-101110,Whitecap Resources,Lloydminster,Oil Sands,Duvernay,52.8349,-109.8056,2014-01-08,2014-06-14,2192.2,Producing,258.2,43.7,60.9,23.64,547368.0,393.0,782806.0
AB-101111,Cenovus Energy,Grande Prairie,Heavy Oil,Cardium,55.2567,-118.6561,2012-03-15,2012-05-26,1766.9,Producing,43.0,5.3,67.5,6.98,151545.0,2312.0,310223.0
AB-101112,Athabasca Oil Corp,Grande Prairie,Oil Sands,McMurray,55.3684,-119.2894,2010-04-06,2010-07-04,1290.6,Producing,72.7,0.4,98.0,7.59,356773.0,230.0,209769.0
AB-101113,Baytex Energy,Grande Prairie,Gas,Viking,55.3522,-118.76,2001-09-11,2002-02-26,1986.1,Producing,148.6,14.7,86.4,10.09,1580.0,5782.0,2946.0
AB-101114,Obsidian Energy,Peace River,Oil,Cardium,56.1546,-117.2314,2013-06-24,2013-07-21,739.6,Producing,94.3,31.1,52.2,28.72,222919.0,43.0,528385.0
AB-101115,Crescent Point Energy,Peace River,Oil Sands,Clearwater,56.8176,-117.1734,2019-10-20,2019-11-09,1855.1,Producing,114.4,14.8,48.4,26.51,142777.0,409.0,249273.0
AB-101116,Suncor Energy,Cold Lake,Gas,McMurray,54.1339,-110.1833,2007-01-14,2007-07-09,2293.5,Suspended,23.4,0.0,45.9,36.54,2877.0,9664.0,8308.0
AB-101117,MEG Energy,Peace River,Gas,McMurray,56.4156,-117.428,2018-10-07,2019-02-01,2113.7,Abandoned,27.7,0.0,50.9,3.51,2084.0,12274.0,4419.0
AB-101118,MEG Energy,Medicine Hat,Heavy Oil,Viking,50.3164,-111.1847,2006-01-24,2006-07-20,1967.9,Producing,180.1,4.1,54.6,1.15,1276423.0,39.0,2787854.0
AB-101119,,Lloydminster,Oil,Colorado Group,53.2625,-109.6369,2000-08-09,2000-10-10,2637.4,Producing,46.6,0.1,82.0,37.84,252852.0,749.0,688255.0
AB-101120,Imperial Oil,Lloydminster,Oil Sands,Bakken,52.8477,-109.8885,2020-10-12,2021-03-01,2293.9,Producing,76.7,33.5,19.0,30.6,131904.0,123.0,390264.0
AB-101121,MEG Energy,Cold Lake,Heavy Oil,Duvernay,54.7991,-110.2901,2022-07-04,2022-07-26,2342.4,Suspended,134.0,0.0,58.9,35.72,177642.0,2120.0,208156.0
AB-101122,Imperial Oil,Peace River,Oil,Cardium,56.5084,-116.9141,2015-11-17,2016-04-04,,Abandoned,61.7,0.0,68.1,13.73,179928.0,187.0,106938.0
AB-101123,Athabasca Oil Corp,Grande Prairie,Oil Sands,Cardium,55.5969,-119.4954,2019-08-22,2020-01-20,1730.0,Abandoned,25.5,0.0,85.1,24.33,57865.0,24.0,24532.0
AB-101124,Suncor Energy,Grande Prairie,Oil,McMurray,55.3255,-118.9892,2022-07-10,2022-11-27,805.8,Abandoned,18.8,0.0,32.7,13.39,18427.0,121.0,28357.0
AB-101125,Obsidian Energy,Peace River,Gas,Clearwater,56.9144,-117.2462,2005-01-25,2005-04-21,1994.7,Producing,47.1,0.0,95.4,35.97,1687.0,799.0,2926.0
AB-101126,Suncor Energy,Peace River,Oil Sands,Bakken,56.0649,-116.9946,2012-01-05,2012-04-16,1383.9,Producing,23.8,2.5,77.6,38.16,95139.0,67.0,33662.0
AB-101127,Suncor Energy,Peace River,Oil Sands,Duvernay,56.3213,-117.0255,2002-01-19,2002-05-14,2983.3,Producing,88.4,0.0,72.2,22.41,583878.0,408.0,1176993.0
AB-101128,Canadian Natural Resources,Grande Prairie,Gas,Montney,55.2314,-119.3494,2008-06-23,2008-10-21,1823.6,Producing,94.0,9.1,81.5,39.55,3351.0,1473.0,5285.0
AB-101129,Crescent Point Energy,Medicine Hat,Oil Sands,Cardium,50.288,-110.4591,2014-09-21,2014-10-30,2024.4,Producing,7.5,0.2,54.4,10.04,13434.0,247.0,27731.0
AB-101130,Crescent Point Energy,Cold Lake,Oil,Colorado Group,54.3001,-109.9752,2017-06-12,2017-09-14,2554.4,Producing,62.8,3.0,39.2,19.53,89536.0,42.0,75057.0
AB-101131,Cenovus Energy,Lloydminster,Heavy Oil,Bakken,53.3022,-110.1569,2007-06-09,2007-10-23,2796.1,Producing,63.3,7.1,67.9,18.22,244006.0,971.0,112727.0
AB-101132,Whitecap Resources,Lloydminster,Oil Sands,Colorado Group,53.0931,-109.8147,2004-03-23,2004-05-18,1378.6,Producing,26.9,2.2,66.9,5.53,143137.0,318.0,74062.0
AB-101133,Whitecap Resources,Grande Prairie,Oil Sands,Bakken,55.1034,-118.7171,2000-09-21,2000-11-22,1464.6,Producing,169.2,0.8,89.7,38.49,1467994.0,356.0,3198042.0
AB-101134,Baytex Energy,Peace River,Gas,Cardium,56.0801,-116.7913,2019-04-02,2019-04-28,1481.9,Suspended,205.8,0.0,42.3,29.93,309.0,3558.0,558.0
AB-101135,Imperial Oil,Grande Prairie,Oil Sands,Duvernay,55.078,-119.0441,2013-05-12,2013-09-16,1608.5,Abandoned,39.8,0.0,98.0,16.94,153366.0,179.0,125674.0
AB-101136,Whitecap Resources,Lloydminster,Oil Sands,Montney,53.0664,-109.6594,2014-08-09,2014-12-17,2590.1,Producing,7.4,0.2,66.5,24.28,25922.0,647.0,59158.0
AB-101137,Baytex Energy,Athabasca,Gas,Montney,57.7129,-110.7917,2018-08-07,2019-02-02,581.7,Suspended,561.9,0.0,67.6,34.71,2907.0,321.0,6597.0
AB-101138,Athabasca Oil Corp,Grande Prairie,Gas,Cardium,54.9803,-118.812,2011-12-03,2012-05-28,1233.6,Producing,116.8,4.0,55.0,8.19,2613.0,1316.0,4864.0
AB-101139,Obsidian Energy,Peace River,Oil,Viking,56.7247,-116.8559,2015-11-07,2016-02-05,1955.6,Producing,33.9,11.4,32.1,23.18,78244.0,1233.0,176820.0
AB-101140,Whitecap Resources,Athabasca,Gas,Bakken,57.5449,-110.9755,2013-12-05,2014-04-12,1128.0,Suspended,17.6,0.0,73.8,36.1,1433.0,4536.0,4030.0
AB-101141,Canadian Natural Resources,Peace River,Gas,Montney,56.1179,-117.4386,2012-03-24,2012-09-12,2103.1,Suspended,66.7,0.0,28.3,10.36,4161.0,867.0,6444.0
AB-101142,Athabasca Oil Corp,Cold Lake,Heavy Oil,Montney,54.5719,-109.9666,2023-07-21,2023-10-23,2271.8,Producing,13.6,9.0,67.7,2.53,5789.0,238.0,13985.0
AB-101143,Crescent Point Energy,Grande Prairie,Heavy Oil,Duvernay,55.0752,-118.7485,2005-02-06,2005-04-15,2895.2,Producing,107.4,0.6,70.3,9.2,761118.0,379.0,1231104.0
AB-101144,Crescent Point Energy,Cold Lake,Heavy Oil,Montney,54.413,-110.2959,2023-08-02,2023-12-21,419.1,Producing,35.2,15.4,29.0,18.1,14082.0,1464.0,38403.0
AB-101145,Cenovus Energy,Grande Prairie,Oil,Duvernay,55.1794,-119.4403,2022-02-06,2022-05-04,2879.6,Abandoned,128.0,0.0,64.0,34.5,117123.0,274.0,204624.0
AB-101146,Crescent Point Energy,Peace River,Oil,Montney,56.588,-116.7151,2000-12-04,2001-02-13,1317.6,Producing,37.8,0.5,78.4,9.11,274669.0,33.0,176782.0
AB-101147,Suncor Energy,Grande Prairie,Oil,Montney,54.8204,-119.2422,2006-03-04,2006-03-24,1602.0,Orphan,8.8,0.0,78.3,11.56,32614.0,18.0,37191.0
AB-101148,Imperial Oil,Grande Prairie,Gas,Montney,54.923,-118.5523,1998-03-08,1998-08-28,1828.8,Suspended,62.3,0.0,69.8,14.24,4714.0,6493.0,2546.0
AB-101149,Imperial Oil,Grande Prairie,Heavy Oil,Bakken,55.3196,-118.9185,1999-09-08,1999-12-07,1802.2,Suspended,82.3,0.0,96.7,14.12,308555.0,33.0,834883.0
AB-101150,Imperial Oil,Lloydminster,Heavy Oil,Cardium,52.8774,-109.9353,2002-02-12,2002-06-30,3249.2,Producing,208.9,2.7,46.5,7.48,1231614.0,216.0,1379106.0
AB-101151,Baytex Energy,Medicine Hat,Heavy Oil,Clearwater,49.9806,-110.9195,2002-03-14,2002-07-27,1676.5,Producing,218.0,0.5,98.0,22.05,1867692.0,2721.0,2323963.0
AB-101152,Canadian Natural Resources,Peace River,Oil,Viking,56.425,-117.3741,2017-02-25,2017-07-16,2620.9,Producing,60.9,14.4,37.4,24.63,164913.0,63.0,152021.0
AB-101153,Imperial Oil,Cold Lake,Heavy Oil,Bakken,54.7482,-110.2642,2002-05-09,2002-07-07,1485.0,Producing,74.6,7.5,77.7,32.53,629270.0,1873.0,615301.0
AB-101154,MEG Energy,Cold Lake,Heavy Oil,Cardium,54.3673,-109.8248,2020-08-09,2021-01-06,1868.9,Abandoned,54.4,0.0,65.6,38.53,71863.0,266.0,32167.0
AB-101155,Suncor Energy,Lloydminster,Oil Sands,Clearwater,52.8895,-109.5128,2001-11-10,2002-04-17,3235.3,Producing,71.8,0.3,56.6,35.65,470226.0,382.0,910933.0
AB-101156,Athabasca Oil Corp,Cold Lake,Oil,Bakken,54.1515,-110.0907,2000-07-27,2000-11-09,2483.4,Producing,76.3,0.9,63.5,32.85,579857.0,59.0,1652307.0
AB-101157,Whitecap Resources,Lloydminster,Heavy Oil,Bakken,53.2354,-110.017,2021-06-04,2021-11-11,1205.2,Producing,54.0,29.0,61.3,36.03,71873.0,18.0,115420.0
AB-101158,Whitecap Resources,Athabasca,Oil Sands,Viking,56.9468,-111.9564,2007-07-01,2007-08-23,2559.2,Producing,50.9,1.2,60.2,33.56,252794.0,116.0,401189.0
AB-101159,Obsidian Energy,Athabasca,Gas,Cardium,57.3943,-111.4811,2011-10-18,2012-01-18,988.3,Producing,94.2,9.0,72.6,25.54,4372.0,7216.0,1325.0
AB-101160,Imperial Oil,Cold Lake,Oil Sands,Bakken,54.0754,-110.1276,2009-09-26,2010-01-08,1392.5,Abandoned,134.5,0.0,86.0,4.96,333668.0,481.0,954571.0
AB-101161,Obsidian Energy,Peace River,Oil,Duvernay,56.6118,-116.832,2023-04-20,2023-09-30,616.1,Producing,119.3,47.9,45.8,17.62,65244.0,108.0,67590.0
AB-101162,Imperial Oil,Lloydminster,Oil Sands,Bakken,53.2304,-110.0247,2010-07-12,2010-10-21,1470.4,Suspended,108.6,0.0,70.7,33.78,391727.0,193.0,729320.0
AB-101163,Obsidian Energy,Peace River,Oil Sands,Colorado Group,56.105,-117.0697,2023-09-27,2024-01-01,2042.9,Producing,78.4,51.0,64.0,20.35,67043.0,17.0,190022.0
AB-101164,Athabasca Oil Corp,Peace River,Oil Sands,Viking,56.3581,-117.0788,2004-03-16,2004-06-27,1183.5,Suspended,117.0,0.0,61.0,3.05,560189.0,68.0,855480.0
AB-101165,Obsidian Energy,Peace River,Oil,Montney,56.0997,-117.068,2014-07-24,2014-12-16,2060.7,Abandoned,120.7,0.0,69.7,26.22,473456.0,471.0,1306588.0
AB-101166,Athabasca Oil Corp,Cold Lake,Oil,Bakken,54.3516,-110.397,2023-03-10,2023-06-14,1074.0,Producing,46.0,22.8,49.3,27.28,41997.0,16.0,72652.0
AB-101167,Canadian Natural Resources,Medicine Hat,Oil,Clearwater,50.3666,-110.6383,2018-05-18,2018-10-12,2637.7,Producing,163.4,19.0,37.0,31.81,288815.0,3475.0,862895.0
AB-101168,Obsidian Energy,Lloydminster,Gas,Colorado Group,53.3374,-109.7236,2009-06-26,2009-08-16,895.1,Suspended,83.1,0.0,75.7,28.0,1697.0,10208.0,4951.0
AB-101169,MEG Energy,Grande Prairie,Heavy Oil,Clearwater,54.8773,-118.6966,2009-03-12,2009-04-17,1038.2,Producing,17.3,1.4,50.2,37.93,87157.0,68.0,75886.0
AB-101170,Imperial Oil,Grande Prairie,Heavy Oil,Colorado Group,54.9478,-118.9029,2019-10-14,2020-02-11,3198.6,Producing,27.7,4.4,74.1,12.44,56180.0,1854.0,158576.0
AB-101171,Baytex Energy,Grande Prairie,Oil Sands,Montney,55.0141,-119.3473,2021-11-12,2022-04-20,1102.8,Producing,62.2,27.5,71.3,34.61,50319.0,453.0,63528.0
AB-101172,Baytex Energy,Cold Lake,Oil,Bakken,54.1786,-110.4535,2005-03-20,2005-07-30,2372.5,Producing,83.0,0.1,56.7,10.42,518261.0,116.0,934458.0
AB-101173,Imperial Oil,Peace River,Oil Sands,Cardium,56.6173,-116.6,2013-12-16,2014-04-04,1750.9,Producing,24.3,1.1,33.0,5.49,71551.0,132.0,62446.0
AB-101174,Baytex Energy,Athabasca,Oil Sands,Cardium,57.3288,-111.0592,2015-11-14,2016-03-13,1324.6,Abandoned,60.3,0.0,64.6,1.4,147017.0,113.0,81064.0
AB-101175,Baytex Energy,Athabasca,Heavy Oil,Montney,56.4629,-111.3002,2013-09-11,2013-10-12,2274.0,Producing,14.1,2.0,85.4,5.41,36613.0,231.0,28567.0
AB-101176,Obsidian Energy,Medicine Hat,Heavy Oil,Viking,50.1945,-111.0592,2008-07-22,2009-01-10,1837.0,Abandoned,91.5,0.0,98.0,34.69,249813.0,324.0,484384.0
AB-101177,Athabasca Oil Corp,Lloydminster,Oil Sands,Viking,53.0827,-109.5252,2004-10-18,2005-03-25,300.0,Orphan,32.7,0.0,48.2,34.2,144185.0,117.0,274291.0
AB-101178,MEG Energy,Athabasca,Heavy Oil,McMurray,57.6692,-111.0281,2007-10-06,2007-10-23,1667.1,Producing,271.6,0.9,88.5,21.91,972741.0,252.0,2498864.0
AB-101179,,Cold Lake,Gas,Clearwater,54.4342,-110.4931,2018-10-05,2018-11-23,1644.2,Producing,282.3,68.6,33.1,2.25,2537.0,1627.0,5812.0
AB-101180,Suncor Energy,Medicine Hat,Oil,Colorado Group,50.1779,-110.84,2014-05-10,2014-10-11,2053.5,Suspended,41.6,0.0,60.5,15.88,91159.0,626.0,76733.0
AB-101181,Obsidian Energy,Athabasca,Gas,Colorado Group,56.448,-111.5379,2013-07-05,2013-10-04,2520.8,Producing,141.0,8.1,59.9,27.15,4381.0,1617.0,11302.0
AB-101182,Baytex Energy,Medicine Hat,Oil Sands,Viking,50.2738,-110.7694,2014-01-14,2014-05-13,1497.8,Producing,14.9,0.4,42.1,29.53,45080.0,55.0,121819.0
AB-101183,Baytex Energy,Peace River,Heavy Oil,Bakken,56.5079,-116.5654,2011-07-13,2011-08-07,2961.5,Producing,75.2,1.5,31.7,23.58,221667.0,18.0,114057.0
AB-101184,Obsidian Energy,Grande Prairie,Gas,Colorado Group,55.0829,-119.3972,2013-02-17,2013-07-02,1757.8,Producing,42.1,1.3,83.6,9.69,3419.0,2175.0,3490.0
AB-101185,Crescent Point Energy,Cold Lake,Heavy Oil,Viking,54.2216,-110.3305,2022-01-09,2022-04-29,1345.3,Abandoned,818.4,0.0,51.4,20.01,967773.0,63.0,561247.0
AB-101186,Whitecap Resources,Athabasca,Heavy Oil,McMurray,56.3381,-111.5646,2009-06-26,2009-09-07,2457.7,Producing,118.1,6.1,92.4,8.86,445824.0,113.0,186412.0
AB-101187,Imperial Oil,Athabasca,Oil Sands,Viking,56.0212,-110.5474,2021-03-18,2021-09-05,1667.5,Producing,52.3,16.4,40.9,32.13,76334.0,187.0,39763.0
AB-101188,MEG Energy,Athabasca,Oil,Clearwater,57.9228,-110.5058,2003-11-10,2004-03-06,2209.8,Producing,73.6,0.8,81.6,8.7,261118.0,29.0,694152.0
AB-101189,Obsidian Energy,Peace River,Oil Sands,McMurray,56.3091,-116.9964,2013-09-02,2014-01-21,1118.7,Suspended,18.1,0.0,37.4,3.87,39510.0,266.0,29030.0
AB-101190,Whitecap Resources,Grande Prairie,Heavy Oil,Cardium,55.5836,-119.3173,2004-12-20,2005-01-14,1355.3,Producing,28.0,0.6,84.9,18.7,202166.0,1576.0,185187.0
AB-101191,Baytex Energy,Grande Prairie,Oil,Montney,54.9026,-119.3282,2009-11-21,2010-03-05,1113.2,Abandoned,73.2,0.0,32.7,26.86,305406.0,92.0,367650.0
AB-101192,Athabasca Oil Corp,Lloydminster,Gas,Viking,52.9,-109.6308,2023-03-16,2023-09-04,2635.4,Abandoned,29.5,0.0,55.5,3.01,1106.0,952.0,462.0
AB-101193,Suncor Energy,Cold Lake,Oil,Duvernay,54.5367,-110.453,2016-02-13,2016-03-01,,Abandoned,35.3,0.0,98.0,5.03,76291.0,6.0,133617.0
AB-101194,Suncor Energy,Cold Lake,Oil Sands,Viking,54.7533,-109.9431,2015-07-22,2015-12-09,1903.0,Suspended,14.6,0.0,30.3,6.89,53733.0,457.0,24847.0
AB-101195,Suncor Energy,Grande Prairie,Oil,Duvernay,55.049,-118.9873,2010-01-24,2010-03-07,1465.6,Producing,31.0,0.1,69.8,34.27,164972.0,91.0,54639.0
AB-101196,Imperial Oil,Grande Prairie,Gas,Colorado Group,55.5885,-119.1318,2001-03-15,2001-07-18,2071.7,Suspended,271.1,0.0,98.0,35.71,1778.0,2159.0,1532.0
AB-101197,Athabasca Oil Corp,Athabasca,Oil,Bakken,56.3265,-111.5347,2020-08-12,2020-10-23,794.5,Abandoned,105.3,0.0,69.2,22.69,169342.0,144.0,503128.0
AB-101198,Baytex Energy,Athabasca,Gas,Cardium,57.8827,-111.9933,2017-07-24,2017-09-26,3141.3,Producing,13.6,2.1,51.2,11.68,3329.0,5694.0,1319.0
AB-101199,Imperial Oil,Lloydminster,Heavy Oil,Bakken,53.3622,-110.1678,2007-04-04,2007-05-18,1188.6,Abandoned,40.0,0.0,40.4,38.01,201406.0,5369.0,566148.0
AB-101200,Imperial Oil,Lloydminster,Oil Sands,Bakken,52.8487,-109.8843,1998-02-09,1998-05-15,2039.0,Abandoned,38.8,0.0,98.0,33.9,240320.0,1171.0,581490.0
AB-101201,Suncor Energy,Lloydminster,Oil Sands,McMurray,53.1157,-109.7269,2017-09-17,2018-02-01,1335.9,Suspended,39.3,0.0,51.4,20.29,82353.0,18.0,141674.0
AB-101202,MEG Energy,Medicine Hat,Oil Sands,Clearwater,50.0352,-110.6601,2011-10-23,2011-12-24,2080.2,Producing,22.0,1.0,98.0,30.32,90724.0,94.0,209018.0
AB-101203,Cenovus Energy,Cold Lake,Oil Sands,Viking,54.7804,-110.1657,2021-09-18,2022-02-14,,Producing,138.8,59.1,36.2,6.17,140938.0,92.0,78468.0
AB-101204,Cenovus Energy,Lloydminster,Oil,McMurray,53.1244,-110.0386,2015-12-05,2016-05-13,972.9,Producing,81.8,5.5,42.9,11.23,225379.0,5646.0,497526.0
AB-101205,Obsidian Energy,Athabasca,Heavy Oil,Duvernay,56.4735,-110.9632,2012-11-02,2013-03-08,824.9,Producing,171.8,2.8,87.5,11.05,479101.0,225.0,814365.0
AB-101206,Crescent Point Energy,Peace River,Oil Sands,Cardium,56.0374,-117.2629,2018-04-09,2018-08-07,1376.8,Abandoned,201.5,0.0,22.3,29.92,292067.0,129.0,573175.0
AB-101207,Obsidian Energy,Lloydminster,Heavy Oil,Colorado Group,52.9764,-110.0893,2007-03-18,2007-04-12,900.9,Producing,88.3,4.9,84.1,18.16,423976.0,2040.0,181257.0
AB-101208,MEG Energy,Medicine Hat,Oil,Clearwater,49.8293,-110.6031,1998-04-23,1998-09-25,2189.0,Producing,133.8,0.0,87.3,33.7,683852.0,91.0,739259.0
AB-101209,Canadian Natural Resources,Peace River,Heavy Oil,Viking,56.3442,-116.8335,2009-09-12,2010-01-23,1005.1,Suspended,45.6,0.0,93.4,21.41,172211.0,455.0,422488.0
AB-101210,Crescent Point Energy,Grande Prairie,Oil Sands,Cardium,55.4844,-118.9205,2020-04-16,2020-06-01,1250.0,Suspended,78.5,0.0,58.8,35.37,87807.0,164.0,124588.0
AB-101211,Baytex Energy,Grande Prairie,Oil,Duvernay,55.2499,-118.5038,2015-10-24,2016-03-08,1911.1,Orphan,30.1,0.0,59.1,38.87,57802.0,72.0,73592.0
AB-101212,Crescent Point Energy,Peace River,Gas,Cardium,56.6537,-117.4667,2023-11-25,2023-12-28,2783.3,Producing,75.1,37.0,61.9,26.98,3031.0,12695.0,6734.0
AB-101213,Imperial Oil,Peace River,Oil,Duvernay,56.6208,-117.0977,2006-05-21,2006-10-27,1676.8,Abandoned,134.4,0.0,56.9,10.98,601162.0,158.0,987139.0
AB-101214,Cenovus Energy,Grande Prairie,Oil Sands,McMurray,55.346,-119.0947,2003-11-11,2004-02-19,2012.8,Producing,34.0,0.0,63.2,4.7,204275.0,76.0,481418.0
AB-101215,Athabasca Oil Corp,Lloydminster,Gas,Duvernay,53.1153,-109.5997,2016-02-16,2016-08-07,,Producing,377.7,52.7,24.8,9.74,3407.0,209.0,6841.0
AB-101216,MEG Energy,Athabasca,Oil,McMurray,57.4247,-111.6762,2007-01-22,2007-05-25,394.6,Orphan,13.9,0.0,,24.69,78923.0,1071.0,66551.0
AB-101217,Suncor Energy,Athabasca,Oil,Viking,57.1146,-111.2716,2003-12-21,2004-03-07,1859.9,Suspended,54.8,0.0,59.2,30.0,405165.0,18.0,169204.0
AB-101218,Whitecap Resources,Athabasca,Oil Sands,Clearwater,57.5891,-110.9646,2021-11-26,2022-01-07,2645.1,Producing,1065.6,20.4,73.6,29.83,111080.0,1208.0,267268.0
AB-101219,Baytex Energy,Peace River,Oil,Colorado Group,56.3298,-116.9975,2011-01-25,2011-04-19,2259.8,Suspended,255.7,0.0,63.3,39.93,665716.0,131.0,1403841.0
AB-101220,Athabasca Oil Corp,Lloydminster,Gas,Colorado Group,52.8105,-109.9314,2019-07-22,2020-01-12,1849.7,Producing,76.4,13.1,47.0,5.6,4749.0,3753.0,13057.0
AB-101221,Cenovus Energy,Peace River,Oil Sands,McMurray,56.9205,-116.9151,2020-12-02,2021-04-02,1746.0,Producing,102.8,45.5,,4.82,135253.0,77.0,51120.0
AB-101222,Canadian Natural Resources,Medicine Hat,Gas,Cardium,50.2929,-111.0449,2018-12-10,2019-05-28,2635.6,Orphan,46.4,0.0,17.2,7.38,4265.0,2990.0,6826.0
AB-101223,Crescent Point Energy,Cold Lake,Gas,Viking,54.7771,-110.1439,2001-10-06,2002-03-03,1017.9,Producing,183.2,4.9,45.2,28.54,1309.0,22.0,3204.0
AB-101224,Suncor Energy,Peace River,Oil,Cardium,56.1795,-116.7372,2002-03-27,2002-07-20,,Orphan,312.2,0.0,86.8,21.74,2655326.0,83.0,5633140.0
AB-101225,Whitecap Resources,Peace River,Oil Sands,Duvernay,56.9642,-117.4836,2018-11-11,2019-03-14,1407.1,Producing,72.1,6.5,23.5,17.73,86593.0,256.0,210853.0
AB-101226,Whitecap Resources,Athabasca,Oil,Clearwater,58.1471,-111.9967,2002-11-16,2003-01-14,2154.0,Producing,65.5,4.5,88.3,13.01,441015.0,8.0,311333.0
AB-101227,Baytex Energy,Cold Lake,Oil,Montney,54.6262,-109.9285,2016-02-02,2016-05-02,2016.9,Producing,43.3,19.1,57.5,10.07,109210.0,29.0,207716.0
AB-101228,Athabasca Oil Corp,Lloydminster,Heavy Oil,Montney,53.0034,-110.1373,2021-01-18,2021-03-15,957.2,Producing,113.9,20.6,15.3,28.13,122719.0,34.0,44082.0
AB-101229,Imperial Oil,Athabasca,Gas,Duvernay,58.0602,-111.7463,2010-12-07,2011-04-11,1514.7,Abandoned,134.2,0.0,33.6,14.41,3184.0,945.0,4129.0
AB-101230,Suncor Energy,Lloydminster,Oil Sands,Clearwater,53.1556,-109.5799,1998-07-09,1998-10-08,1294.0,Orphan,138.5,0.0,80.1,31.79,744006.0,78.0,1761134.0
AB-101231,Canadian Natural Resources,Cold Lake,Gas,Colorado Group,54.2428,-110.3062,2001-11-17,2002-01-26,1590.1,Producing,26.2,0.0,98.0,21.86,4718.0,3109.0,11179.0
AB-101232,Crescent Point Energy,Lloydminster,Oil,Cardium,53.2986,-110.0223,2009-09-14,2010-03-08,1221.5,Producing,50.0,0.4,71.6,39.23,133931.0,812.0,193028.0
AB-101233,Baytex Energy,Medicine Hat,Oil,Bakken,50.2057,-110.4351,2006-11-22,2007-02-17,1550.0,Abandoned,98.0,0.0,55.6,4.21,576422.0,327.0,790584.0
AB-101234,MEG Energy,Athabasca,Heavy Oil,Colorado Group,56.3114,-111.3721,2020-04-26,2020-05-28,1636.6,Abandoned,140.0,0.0,53.1,1.44,242939.0,196.0,583574.0
AB-101235,Canadian Natural Resources,Peace River,Oil Sands,Colorado Group,56.8019,-117.1229,2021-04-21,2021-06-22,1652.7,Producing,14.8,9.8,52.2,33.7,22976.0,45.0,11488.0
AB-101236,Suncor Energy,Lloydminster,Heavy Oil,Bakken,53.0117,-110.0741,2009-06-21,2009-08-27,1821.7,Producing,65.7,0.4,73.0,16.74,355249.0,95.0,998374.0
AB-101237,Imperial Oil,Athabasca,Oil Sands,Montney,57.0634,-111.0953,2007-12-17,2008-05-22,1899.5,Abandoned,20.2,0.0,86.6,27.14,83385.0,174.0,117614.0
AB-101238,Suncor Energy,Grande Prairie,Heavy Oil,Clearwater,55.2506,-118.5766,2013-11-21,2013-12-21,1953.2,Producing,157.4,25.7,47.7,38.49,599985.0,240.0,922818.0
AB-101239,Athabasca Oil Corp,Peace River,Oil,Clearwater,56.4189,-116.668,2001-02-25,2001-04-22,2521.8,Suspended,8.4,0.0,75.5,6.65,55951.0,55.0,119286.0
AB-101240,Canadian Natural Resources,Medicine Hat,Oil,Clearwater,50.438,-110.7902,2020-10-27,2021-03-09,1578.3,Producing,15.0,2.7,58.4,19.07,25672.0,31.0,28930.0
AB-101241,Obsidian Energy,Athabasca,Oil Sands,Colorado Group,57.7057,-111.4211,2003-08-25,2004-02-03,687.9,Abandoned,171.2,0.0,67.5,38.56,688027.0,2201.0,287689.0
AB-101242,Canadian Natural Resources,Medicine Hat,Oil Sands,Colorado Group,50.4649,-110.5139,2000-10-20,2000-12-22,1957.4,Producing,70.3,0.4,72.3,28.1,608486.0,105.0,228399.0
AB-101243,Whitecap Resources,Medicine Hat,Heavy Oil,Clearwater,50.0365,-111.1205,1998-07-02,1998-11-04,1760.0,Producing,114.1,0.0,79.0,16.55,565501.0,3136.0,668372.0
AB-101244,Baytex Energy,Cold Lake,Oil Sands,Montney,54.5425,-110.2796,2012-06-20,2012-07-13,2388.0,Abandoned,108.8,0.0,52.6,18.49,295677.0,593.0,374921.0
AB-101245,Suncor Energy,Grande Prairie,Oil,Cardium,54.9352,-119.426,2017-05-17,2017-09-28,868.2,Suspended,194.4,0.0,43.7,24.39,510782.0,31.0,231501.0
AB-101246,Obsidian Energy,Peace River,Oil,Colorado Group,56.7591,-116.6273,2012-07-05,2012-12-31,2096.3,Orphan,11.3,0.0,54.8,30.73,24960.0,150.0,44168.0
AB-101247,,Grande Prairie,Oil,McMurray,54.8641,-118.5758,2002-05-07,2002-10-01,1890.3,Producing,113.5,1.8,50.9,22.95,825708.0,623.0,1659026.0
AB-101248,Suncor Energy,Peace River,Heavy Oil,Viking,56.911,-116.6829,2008-12-12,2009-05-16,2391.3,Suspended,168.6,0.0,72.8,18.88,979212.0,72.0,2438472.0
AB-101249,Obsidian Energy,Cold Lake,Gas,Cardium,54.3578,-110.0563,1998-02-03,1998-07-15,1914.5,Producing,25.9,0.0,98.0,7.9,4026.0,2252.0,10402.0
AB-101250,,Medicine Hat,Oil,Bakken,50.2642,-110.6235,2003-11-08,2004-02-11,2844.2,Producing,96.3,0.2,61.5,9.59,669614.0,111.0,1093863.0
AB-101251,Imperial Oil,Medicine Hat,Gas,Colorado Group,50.0232,-111.0442,2005-02-25,2005-07-02,2131.0,Suspended,23.1,0.0,98.0,34.83,1704.0,19946.0,3550.0
AB-101252,Canadian Natural Resources,Medicine Hat,Heavy Oil,Colorado Group,50.3806,-110.6368,2005-04-27,2005-05-18,2388.8,Suspended,198.3,0.0,55.7,17.8,972040.0,867.0,456538.0
AB-101253,Imperial Oil,Lloydminster,Oil Sands,Cardium,53.1472,-110.032,2014-11-09,2015-02-03,2326.6,Producing,29.6,5.6,29.1,9.84,101158.0,2166.0,112540.0
AB-101254,Athabasca Oil Corp,Cold Lake,Oil Sands,McMurray,54.2319,-110.1385,2011-02-12,2011-07-27,618.0,Suspended,135.1,0.0,79.4,34.57,481506.0,728.0,429688.0
AB-101255,Imperial Oil,Lloydminster,Gas,Colorado Group,53.0169,-109.6601,2009-09-01,2009-10-03,646.0,Producing,57.9,7.2,71.5,4.67,3084.0,5305.0,6568.0
AB-101256,Obsidian Energy,Athabasca,Oil Sands,Duvernay,57.4106,-111.4142,2000-10-03,2001-02-23,806.1,Producing,22.8,0.1,,34.14,113544.0,604.0,58407.0
AB-101257,Baytex Energy,Medicine Hat,Oil,Cardium,49.9159,-110.6368,2008-09-26,2009-02-04,1426.8,Producing,34.1,0.3,,8.59,98475.0,40.0,187276.0
AB-101258,Canadian Natural Resources,Grande Prairie,Gas,Clearwater,55.3618,-118.9611,2012-08-11,2012-09-11,2263.6,Producing,452.9,28.7,42.5,26.08,2892.0,10361.0,1077.0
AB-101259,Crescent Point Energy,Athabasca,Oil,Cardium,57.4013,-111.3969,2020-04-23,2020-06-29,1483.0,Producing,52.9,22.3,74.2,6.77,104466.0,452.0,48861.0
AB-101260,Athabasca Oil Corp,Athabasca,Gas,Montney,58.27,-111.8624,2008-05-19,2008-06-20,1225.4,Suspended,41.5,0.0,98.0,10.76,173.0,17933.0,500.0
AB-101261,MEG Energy,Grande Prairie,Oil,Cardium,55.206,-118.831,2018-07-02,2018-08-25,2154.1,Producing,63.6,6.8,40.1,14.93,103376.0,87.0,123761.0
AB-101262,Whitecap Resources,Cold Lake,Oil Sands,McMurray,54.5869,-109.8202,2007-05-08,2007-08-19,1892.3,Producing,60.6,3.3,72.5,3.99,315158.0,2509.0,832795.0
AB-101263,Cenovus Energy,Medicine Hat,Oil Sands,Montney,50.3081,-110.7789,2005-12-01,2005-12-20,1843.1,Producing,31.1,0.9,64.7,27.11,114981.0,498.0,336016.0
AB-101264,Cenovus Energy,Medicine Hat,Oil,Viking,50.2442,-110.9376,2003-04-03,2003-08-05,2714.9,Producing,94.7,1.8,98.0,38.12,554242.0,32.0,918276.0
AB-101265,Athabasca Oil Corp,Grande Prairie,Gas,Colorado Group,55.5457,-119.2704,2012-02-18,2012-04-01,1906.9,Producing,180.3,7.2,58.5,10.85,4920.0,2376.0,9956.0
AB-101266,Crescent Point Energy,Athabasca,Heavy Oil,Colorado Group,58.2724,-111.0934,2002-09-01,2002-10-11,862.6,Producing,45.7,0.0,92.9,39.27,203704.0,260.0,563859.0
AB-101267,Obsidian Energy,Cold Lake,Gas,Colorado Group,54.4551,-110.1793,2007-12-03,2008-03-03,2370.9,Suspended,13.6,0.0,75.6,27.08,3772.0,155.0,8422.0
AB-101268,Athabasca Oil Corp,Peace River,Gas,Montney,56.4712,-117.3266,1998-06-08,1998-11-21,1125.0,Suspended,31.8,0.0,88.3,27.32,1936.0,809.0,5696.0
AB-101269,Imperial Oil,Cold Lake,Oil,McMurray,54.4611,-109.9167,2021-07-21,2021-08-14,1681.4,Suspended,9.0,0.0,35.4,31.69,13598.0,142.0,32795.0
AB-101270,Crescent Point Energy,Grande Prairie,Oil,Bakken,55.5082,-119.3911,2009-11-17,2009-12-19,1810.4,Abandoned,86.6,0.0,48.0,17.13,306498.0,250.0,817656.0
AB-101271,Obsidian Energy,Grande Prairie,Gas,Colorado Group,55.3257,-119.081,2001-02-17,2001-03-28,1037.5,Producing,66.2,3.7,70.1,4.73,2840.0,11804.0,5899.0
AB-101272,Suncor Energy,Grande Prairie,Oil Sands,Bakken,55.5943,-119.4481,2001-07-23,2001-11-27,915.1,Abandoned,61.8,0.0,59.4,1.74,361784.0,42.0,411772.0
AB-101273,Whitecap Resources,Peace River,Gas,Montney,56.9373,-116.9823,2020-07-10,2020-12-01,881.0,Producing,110.3,19.3,15.2,8.19,2351.0,8289.0,6558.0
AB-101274,MEG Energy,Athabasca,Oil Sands,Bakken,58.0213,-111.081,2010-04-16,2010-05-03,3095.1,Suspended,65.4,0.0,41.9,39.35,223726.0,147.0,122766.0
AB-101275,Athabasca Oil Corp,Cold Lake,Oil Sands,Cardium,54.2793,-110.3304,2011-08-11,2011-11-28,2295.9,Producing,131.9,4.4,80.6,4.58,356522.0,627.0,739185.0
AB-101276,Cenovus Energy,Lloydminster,Oil,Bakken,53.3626,-109.7436,2023-03-06,2023-03-23,408.0,Abandoned,354.0,0.0,28.4,26.8,212359.0,192.0,240788.0
AB-101277,Imperial Oil,Grande Prairie,Oil Sands,Montney,54.818,-118.9408,2006-04-05,2006-05-09,2130.1,Abandoned,40.2,0.0,89.1,19.7,131931.0,956.0,112292.0
AB-101278,Baytex Energy,Peace River,Oil Sands,Montney,56.8062,-117.4734,2003-02-03,2003-04-05,3089.3,Producing,15.3,1.1,91.6,2.21,116675.0,37.0,160180.0
AB-101279,Crescent Point Energy,Athabasca,Oil Sands,McMurray,56.9595,-111.0534,2003-03-06,2003-04-30,2210.8,Abandoned,81.9,0.0,79.6,29.09,611961.0,78.0,671870.0
AB-101280,Crescent Point Energy,Medicine Hat,Oil,Clearwater,50.3357,-110.726,2012-10-04,2013-01-27,3223.7,Suspended,202.9,0.0,59.1,2.91,750481.0,21.0,1528407.0
AB-101281,Whitecap Resources,Grande Prairie,Oil,Viking,54.9774,-119.1981,2022-04-18,2022-09-23,2801.7,Producing,190.4,76.6,14.5,17.64,202788.0,24.0,470018.0
AB-101282,Canadian Natural Resources,Grande Prairie,Oil Sands,Colorado Group,55.1447,-119.1686,1999-04-12,1999-05-23,1335.0,Producing,161.1,5.2,76.9,13.71,1293310.0,937.0,1790655.0
AB-101283,MEG Energy,Peace River,Gas,Viking,56.2716,-117.2042,2002-01-11,2002-05-08,2432.0,Abandoned,26.4,0.0,64.5,29.69,4070.0,16478.0,3054.0
AB-101284,Suncor Energy,Grande Prairie,Heavy Oil,Colorado Group,55.3298,-119.3894,2000-09-21,2000-11-18,1742.9,Producing,18.7,1.1,82.3,18.66,93477.0,1173.0,272961.0
AB-101285,Athabasca Oil Corp,Grande Prairie,Oil,Viking,55.2263,-118.6747,2017-01-19,2017-02-22,,Producing,9.9,0.5,30.6,24.49,21387.0,154.0,62420.0
AB-101286,Suncor Energy,Lloydminster,Oil Sands,Cardium,53.188,-110.1798,2001-08-10,2002-01-30,2298.8,Producing,34.1,0.0,83.1,4.94,276491.0,135.0,102573.0
AB-101287,Cenovus Energy,Medicine Hat,Oil Sands,McMurray,50.0282,-110.9291,2000-07-14,2000-10-24,2267.0,Suspended,218.9,0.0,68.0,37.26,1882667.0,341.0,5462559.0
AB-101288,Baytex Energy,Medicine Hat,Oil Sands,Duvernay,49.8657,-110.4004,2001-03-09,2001-08-01,1994.2,Producing,60.4,2.3,70.5,38.29,369126.0,723.0,437327.0
AB-101289,Suncor Energy,Grande Prairie,Oil,Bakken,55.0237,-119.145,2010-12-07,2011-04-05,2335.0,Suspended,37.9,0.0,34.6,18.09,103469.0,395.0,235366.0
AB-101290,Athabasca Oil Corp,Cold Lake,Gas,Colorado Group,54.4484,-109.9375,2022-01-19,2022-03-19,1790.4,Producing,63.2,21.8,35.9,10.39,3874.0,196.0,2452.0
AB-101291,MEG Energy,Medicine Hat,Oil,Cardium,50.3029,-110.6066,2004-11-13,2004-12-31,2153.1,Abandoned,86.4,0.0,67.0,5.33,474013.0,332.0,957868.0
AB-101292,MEG Energy,Athabasca,Gas,Montney,57.6735,-110.6011,2013-06-16,2013-12-05,,Abandoned,24.0,0.0,,23.05,3019.0,9163.0,8534.0
AB-101293,Whitecap Resources,Athabasca,Oil,Duvernay,57.4547,-110.7496,2010-09-06,2010-09-26,2554.2,Producing,199.1,11.3,,22.0,889592.0,178.0,2389494.0
AB-101294,Baytex Energy,Medicine Hat,Oil,Colorado Group,49.8183,-111.0586,2016-01-25,2016-03-06,2054.6,Producing,290.1,10.9,28.9,31.18,778768.0,61.0,1164087.0
AB-101295,Obsidian Energy,Grande Prairie,Oil,Clearwater,55.1361,-119.3033,1999-07-09,1999-11-09,1292.2,Suspended,54.7,0.0,98.0,31.35,298373.0,186.0,104957.0
AB-101296,Athabasca Oil Corp,Cold Lake,Oil,Viking,54.7302,-110.0858,2012-06-06,2012-07-01,1034.5,Producing,38.1,6.4,67.6,10.08,114048.0,89.0,303386.0
AB-101297,Whitecap Resources,Lloydminster,Oil,McMurray,53.2372,-110.1505,2021-06-14,2021-07-09,2009.4,Suspended,50.8,0.0,55.1,25.35,45321.0,67.0,111951.0
AB-101298,Whitecap Resources,Lloydminster,Oil,McMurray,53.0596,-110.182,2001-07-18,2001-10-27,1647.6,Producing,54.4,0.3,57.1,36.39,252351.0,117.0,103255.0
AB-101299,Cenovus Energy,Medicine Hat,Oil Sands,Colorado Group,50.084,-111.1047,2006-07-15,2006-12-23,2036.6,Suspended,22.9,0.0,70.9,4.14,140063.0,939.0,236173.0
AB-101300,Canadian Natural Resources,Medicine Hat,Heavy Oil,Clearwater,49.8579,-110.7219,2006-03-22,2006-08-27,1511.1,Abandoned,28.3,0.0,70.4,4.41,96921.0,738.0,196717.0
AB-101301,Crescent Point Energy,Lloydminster,Heavy Oil,Montney,53.3763,-109.5433,2009-02-20,2009-05-25,1964.2,Producing,114.5,0.7,43.8,28.26,413639.0,1131.0,299185.0
AB-101302,Obsidian Energy,Medicine Hat,Heavy Oil,Cardium,50.1738,-110.4672,2001-01-10,2001-02-22,1800.2,Suspended,244.4,0.0,76.0,25.07,1841950.0,19.0,2224914.0
AB-101303,Crescent Point Energy,Cold Lake,Gas,Viking,54.4265,-110.3038,2006-02-12,2006-06-22,2153.3,Suspended,36.3,0.0,79.8,2.73,797.0,8496.0,1571.0
AB-101304,Cenovus Energy,Medicine Hat,Oil Sands,Colorado Group,50.4264,-110.4962,2001-11-15,2002-01-23,1830.7,Suspended,55.5,0.0,50.3,17.32,210727.0,287.0,607054.0
AB-101305,Obsidian Energy,Grande Prairie,Heavy Oil,Montney,55.1446,-118.6272,2001-01-22,2001-02-16,1135.9,Abandoned,14.6,0.0,52.2,22.79,74228.0,137.0,137024.0
AB-101306,Canadian Natural Resources,Athabasca,Oil Sands,Viking,57.9586,-111.9567,2012-11-22,2013-04-09,1690.4,Producing,87.8,4.4,25.6,31.01,196479.0,55.0,216637.0
AB-101307,Athabasca Oil Corp,Peace River,Oil,Viking,56.802,-117.1511,2023-09-18,2023-11-28,1369.9,Orphan,156.0,0.0,45.6,29.75,84255.0,1483.0,46716.0
AB-101308,Athabasca Oil Corp,Athabasca,Gas,Bakken,57.2605,-111.2309,2020-03-24,2020-07-27,2446.6,Producing,154.8,59.3,63.8,15.28,4214.0,939.0,12394.0
AB-101309,Imperial Oil,Cold Lake,Oil,McMurray,54.5704,-110.21,2019-04-08,2019-08-01,1327.3,Producing,59.2,10.2,40.7,21.51,120091.0,31.0,246059.0
AB-101310,Cenovus Energy,Cold Lake,Gas,Duvernay,54.1465,-110.3976,2015-07-16,2015-10-23,1708.3,Abandoned,18.1,0.0,51.1,33.22,1280.0,524.0,1217.0
AB-101311,Baytex Energy,Medicine Hat,Gas,Colorado Group,49.9526,-110.73,2020-02-05,2020-04-28,1162.2,Orphan,92.3,0.0,17.4,24.56,4773.0,10619.0,3349.0
AB-101312,Athabasca Oil Corp,Lloydminster,Oil,Bakken,53.232,-109.7801,2020-09-16,2020-11-27,1583.1,Producing,26.3,16.1,15.1,10.17,45920.0,309.0,16207.0
AB-101313,Cenovus Energy,Cold Lake,Gas,Colorado Group,54.3452,-109.9585,2003-01-07,2003-02-13,2540.7,Producing,91.8,2.8,98.0,21.41,179.0,2000.0,391.0
AB-101314,Athabasca Oil Corp,Athabasca,Oil,Bakken,56.7964,-111.2013,2006-06-25,2006-12-12,754.7,Producing,98.0,1.4,92.0,17.44,612289.0,226.0,1505872.0
AB-101315,Obsidian Energy,Peace River,Oil,Cardium,56.9609,-117.0945,2005-03-19,2005-07-10,2175.0,Producing,84.3,0.7,43.5,33.67,433455.0,42.0,379371.0
AB-101316,Canadian Natural Resources,Lloydminster,Oil Sands,Viking,52.8215,-110.0019,2022-01-07,2022-03-05,2537.1,Producing,295.3,144.0,43.1,38.4,292672.0,77.0,504314.0
AB-101317,MEG Energy,Grande Prairie,Gas,Cardium,55.02,-118.5562,2009-02-10,2009-03-03,1384.1,Producing,42.0,0.9,,11.05,2496.0,1420.0,2815.0
AB-101318,Canadian Natural Resources,Peace River,Gas,Colorado Group,56.2873,-116.7952,2016-03-15,2016-06-22,2470.6,Suspended,30.6,0.0,32.2,26.18,4582.0,6584.0,2097.0
AB-101319,Canadian Natural Resources,Cold Lake,Oil,Colorado Group,54.298,-110.2074,2022-07-18,2022-10-25,2255.7,Producing,87.0,62.9,57.0,2.66,68014.0,46.0,55427.0
AB-101320,Suncor Energy,Cold Lake,Oil Sands,Colorado Group,54.6553,-110.3801,2010-08-03,2010-10-18,1152.1,Suspended,71.4,0.0,63.4,6.41,369149.0,37.0,138140.0
AB-101321,Suncor Energy,Lloydminster,Heavy Oil,Cardium,53.3928,-109.7877,1999-10-17,1999-11-29,1536.9,Producing,85.2,0.2,69.1,34.11,732913.0,190.0,1720072.0
AB-101322,MEG Energy,Peace River,Heavy Oil,Duvernay,56.6817,-117.0559,2004-02-22,2004-05-30,2833.4,Suspended,48.5,0.0,83.9,38.71,296403.0,20.0,739966.0
AB-101323,Suncor Energy,Grande Prairie,Oil,Montney,55.0569,-119.4988,2011-07-09,2011-10-09,2314.7,Producing,24.4,0.2,74.5,27.6,106483.0,4.0,85475.0
AB-101324,Suncor Energy,Peace River,Gas,Colorado Group,56.5603,-116.7447,2015-10-08,2016-02-25,804.3,Producing,153.2,50.8,49.7,4.41,3810.0,5807.0,2988.0
AB-101325,Suncor Energy,Grande Prairie,Oil Sands,Bakken,55.5568,-118.9777,2002-05-14,2002-06-15,1384.2,Abandoned,128.8,0.0,74.4,13.9,572740.0,71.0,861867.0
AB-101326,MEG Energy,Peace River,Oil,Clearwater,56.8076,-116.7259,2013-01-03,2013-05-24,1290.6,Producing,29.1,1.2,81.1,20.78,87751.0,163.0,63651.0
AB-101327,Cenovus Energy,Cold Lake,Oil Sands,Montney,54.5647,-110.3963,2003-10-27,2003-12-26,2610.0,Producing,119.1,12.8,48.4,33.23,541573.0,35.0,1449494.0
AB-101328,Cenovus Energy,Medicine Hat,Oil,Bakken,49.9354,-110.6773,2001-09-23,2001-10-28,1919.7,Producing,32.7,0.4,98.0,15.06,230546.0,21.0,575123.0
AB-101329,Whitecap Resources,Cold Lake,Heavy Oil,Viking,54.3048,-109.9271,2017-07-03,2017-08-08,1358.9,Abandoned,99.0,0.0,51.5,39.53,279015.0,902.0,553267.0
AB-101330,Imperial Oil,Grande Prairie,Oil Sands,Montney,55.2554,-118.8308,2019-04-13,2019-05-29,472.1,Suspended,87.4,0.0,81.4,12.13,154428.0,23.0,124397.0
AB-101331,,Athabasca,Oil,Clearwater,57.9932,-110.7908,2019-09-09,2019-12-05,2058.5,Suspended,22.9,0.0,23.9,14.23,39181.0,17.0,93925.0
AB-101332,Baytex Energy,Athabasca,Heavy Oil,Duvernay,57.5484,-111.6802,2015-08-03,2015-09-16,1860.4,Producing,20.0,7.8,34.8,21.62,68011.0,31.0,158685.0
AB-101333,Baytex Energy,Cold Lake,Heavy Oil,Duvernay,54.7137,-110.2677,2020-11-16,2021-01-18,819.6,Suspended,256.8,0.0,72.3,18.82,449493.0,427.0,387857.0
AB-101334,MEG Energy,Lloydminster,Oil,Montney,52.9296,-109.6328,2004-03-04,2004-06-13,566.2,Suspended,216.8,0.0,98.0,8.15,1084511.0,934.0,3031160.0
AB-101335,Crescent Point Energy,Lloydminster,Gas,Montney,53.2484,-109.5584,2016-01-26,2016-04-16,2537.3,Orphan,185.7,0.0,62.6,37.32,3731.0,577.0,3775.0
AB-101336,Whitecap Resources,Medicine Hat,Heavy Oil,Duvernay,50.2247,-110.8153,2022-02-13,2022-05-13,2483.2,Producing,194.8,101.7,42.3,19.51,162649.0,1723.0,194187.0
AB-101337,Baytex Energy,Peace River,Oil,McMurray,56.7518,-117.0228,2016-04-22,2016-07-30,2216.2,Producing,654.5,32.7,54.2,20.46,2011930.0,71.0,3454666.0
AB-101338,Cenovus Energy,Cold Lake,Oil,Cardium,54.07,-109.8078,2009-09-11,2010-01-10,2247.0,Producing,37.2,0.2,59.4,34.52,107702.0,187.0,112040.0
AB-101339,Athabasca Oil Corp,Athabasca,Heavy Oil,Bakken,57.4364,-111.97,2004-06-03,2004-10-31,,Suspended,386.8,0.0,98.0,6.61,2866690.0,1271.0,7667063.0
AB-101340,Crescent Point Energy,Cold Lake,Oil Sands,Duvernay,54.2146,-109.8462,2023-10-14,2023-12-03,2136.7,Producing,134.2,71.9,40.4,20.89,76299.0,94.0,228284.0
AB-101341,Suncor Energy,Lloydminster,Gas,Cardium,53.3844,-109.7944,2017-09-27,2017-10-31,318.8,Producing,49.8,7.9,67.6,9.33,3657.0,10848.0,2235.0
AB-101342,Cenovus Energy,Cold Lake,Oil Sands,Montney,54.1059,-110.4271,2021-11-08,2021-11-23,2791.6,Producing,66.5,32.6,37.6,33.81,49935.0,42.0,142961.0
AB-101343,Baytex Energy,Cold Lake,Heavy Oil,McMurray,54.1925,-109.8784,2005-07-18,2005-08-06,1503.2,Orphan,55.0,0.0,69.0,5.24,325142.0,260.0,392897.0
AB-101344,Cenovus Energy,Grande Prairie,Oil,Viking,55.514,-119.1563,2013-10-27,2014-03-19,,Producing,58.1,3.4,37.9,30.3,213947.0,534.0,527839.0
AB-101345,Obsidian Energy,Lloydminster,Oil Sands,Bakken,52.8346,-109.9098,2009-09-02,2009-12-06,2024.3,Abandoned,63.4,0.0,71.3,2.26,338713.0,81.0,527916.0
AB-101346,Suncor Energy,Medicine Hat,Heavy Oil,Bakken,50.3411,-110.9054,2000-04-06,2000-08-12,1652.0,Abandoned,86.9,0.0,78.8,17.25,390446.0,96.0,725395.0
AB-101347,Whitecap Resources,Lloydminster,Oil,Duvernay,52.8422,-109.5772,2007-11-08,2008-02-15,,Producing,78.2,0.1,57.1,25.34,311153.0,332.0,646388.0
AB-101348,Athabasca Oil Corp,Athabasca,Heavy Oil,McMurray,56.2702,-111.9411,2023-02-04,2023-02-20,1125.1,Producing,49.1,30.5,32.6,22.01,46935.0,1278.0,95221.0
AB-101349,Imperial Oil,Athabasca,Oil Sands,McMurray,58.0227,-111.3954,2008-04-23,2008-06-03,2423.8,Producing,276.9,2.2,98.0,21.17,1012532.0,1529.0,1961833.0
AB-101350,Obsidian Energy,Lloydminster,Gas,Clearwater,53.265,-110.0374,2020-05-11,2020-09-22,2456.2,Producing,81.0,18.0,14.8,22.3,3994.0,1046.0,2407.0
AB-101351,Obsidian Energy,Athabasca,Oil Sands,Bakken,57.0579,-110.6204,2019-09-24,2019-10-31,2690.6,Producing,199.2,68.8,84.8,10.4,469749.0,13.0,788357.0
AB-101352,Suncor Energy,Grande Prairie,Oil Sands,Montney,54.8146,-118.8076,2017-04-02,2017-06-02,300.0,Producing,188.9,30.0,46.2,14.77,368653.0,241.0,1097197.0
AB-101353,Baytex Energy,Medicine Hat,Oil Sands,Bakken,50.226,-111.0297,2015-06-20,2015-08-04,1835.1,Producing,45.7,1.0,97.2,4.84,75007.0,956.0,22887.0
AB-101354,Whitecap Resources,Grande Prairie,Gas,Montney,55.334,-118.7733,2006-08-23,2007-01-15,1190.4,Abandoned,139.5,0.0,51.1,12.47,4405.0,2877.0,5366.0
AB-101355,Obsidian Energy,Athabasca,Gas,Montney,56.1143,-111.942,2021-05-26,2021-07-29,2676.8,Producing,102.9,21.3,89.8,32.67,4207.0,527.0,8875.0
AB-101356,Cenovus Energy,Peace River,Heavy Oil,Duvernay,56.3837,-116.6672,2003-10-25,2004-04-12,556.9,Producing,124.4,0.6,45.1,30.56,463736.0,3.0,560452.0
AB-101357,Imperial Oil,Athabasca,Heavy Oil,Colorado Group,57.0652,-110.5421,2009-08-16,2009-12-29,,Suspended,52.9,0.0,61.9,3.75,142996.0,70.0,415574.0
AB-101358,Athabasca Oil Corp,Athabasca,Gas,Cardium,58.2523,-111.8058,2001-09-11,2002-02-24,3105.1,Producing,20.5,0.1,81.1,39.29,3940.0,54248.0,9435.0
AB-101359,Canadian Natural Resources,Cold Lake,Oil,McMurray,54.7342,-110.342,2019-06-13,2019-08-04,1427.6,Producing,103.5,28.2,31.1,18.06,113301.0,58.0,297593.0
AB-101360,Canadian Natural Resources,Athabasca,Gas,Clearwater,56.514,-111.8262,1998-06-01,1998-08-20,1244.0,Orphan,178.7,0.0,91.9,20.41,2417.0,374.0,6901.0
AB-101361,Cenovus Energy,Grande Prairie,Oil Sands,Colorado Group,54.8419,-118.552,1999-05-03,1999-09-30,1240.1,Producing,62.2,0.5,98.0,22.32,554083.0,375.0,1416013.0
AB-101362,MEG Energy,Peace River,Oil Sands,Viking,56.1173,-117.1136,2023-05-12,2023-07-05,1357.7,Abandoned,142.6,0.0,36.7,32.9,115491.0,3642.0,180035.0
AB-101363,MEG Energy,Medicine Hat,Gas,Clearwater,50.3869,-110.6385,2017-08-13,2018-02-02,1458.2,Producing,131.2,56.1,73.7,14.46,4275.0,5391.0,12382.0
AB-101364,MEG Energy,Peace River,Gas,Cardium,56.4241,-117.0376,2012-11-16,2013-04-03,1598.4,Suspended,191.8,0.0,82.2,4.93,3182.0,7261.0,2881.0
AB-101365,Imperial Oil,Athabasca,Heavy Oil,Colorado Group,57.5486,-110.5751,2018-07-21,2018-11-01,2010.9,Producing,179.0,17.4,73.3,23.85,287734.0,61.0,576151.0
AB-101366,Baytex Energy,Athabasca,Oil Sands,Viking,57.4751,-111.1746,2013-04-26,2013-05-23,2133.9,Orphan,44.6,0.0,23.1,6.93,132594.0,73.0,301069.0
AB-101367,Whitecap Resources,Lloydminster,Gas,Bakken,52.9307,-109.6657,1999-08-21,1999-10-04,2126.9,Producing,76.4,0.0,46.9,7.02,2498.0,603.0,6081.0
AB-101368,Whitecap Resources,Athabasca,Oil Sands,Clearwater,56.9165,-111.2776,2009-03-26,2009-09-06,1918.5,Orphan,35.6,0.0,45.9,3.17,115787.0,21.0,295399.0
AB-101369,Imperial Oil,Peace River,Oil Sands,Cardium,56.9517,-117.1362,2022-04-02,2022-06-21,1926.0,Suspended,56.3,0.0,27.3,28.96,51305.0,1188.0,64319.0
AB-101370,Suncor Energy,Peace River,Oil Sands,Montney,56.5353,-116.5246,2013-07-26,2013-11-11,1827.7,Producing,49.5,2.0,27.7,39.49,151199.0,937.0,352025.0
AB-101371,Suncor Energy,Athabasca,Oil,Bakken,57.9098,-111.5301,2006-05-16,2006-11-04,503.1,Producing,78.7,0.2,82.6,13.97,413180.0,67.0,175682.0
AB-101372,Whitecap Resources,Grande Prairie,Oil,McMurray,55.0234,-119.3907,2005-01-03,2005-04-27,2121.5,Abandoned,49.2,0.0,63.1,9.73,278689.0,207.0,775574.0
AB-101373,Baytex Energy,Lloydminster,Gas,Bakken,52.9915,-109.5378,2010-08-12,2010-11-12,2440.5,Orphan,7.2,0.0,37.2,16.42,2821.0,10105.0,7642.0
AB-101374,MEG Energy,Athabasca,Gas,Cardium,56.1997,-111.3094,2018-11-23,2019-02-09,765.9,Producing,28.5,7.9,26.9,11.92,3384.0,4805.0,8024.0
AB-101375,Athabasca Oil Corp,Peace River,Heavy Oil,McMurray,56.0448,-117.2084,2013-10-09,2014-02-22,793.4,Producing,105.1,4.6,39.4,10.17,375299.0,136.0,693515.0
AB-101376,MEG Energy,Lloydminster,Oil,Clearwater,52.8362,-109.5747,2004-10-12,2005-02-08,1478.2,Producing,53.7,1.5,91.0,33.27,410288.0,229.0,786068.0
AB-101377,Athabasca Oil Corp,Cold Lake,Oil Sands,Montney,54.4802,-110.1451,2017-04-26,2017-09-14,2453.0,Producing,28.2,2.1,40.7,12.12,83165.0,90.0,146315.0
AB-101378,Canadian Natural Resources,Medicine Hat,Oil Sands,McMurray,49.9528,-111.1799,2020-12-05,2021-02-28,2071.4,Producing,139.6,70.1,55.4,2.55,251013.0,267.0,114817.0
AB-101379,Imperial Oil,Cold Lake,Gas,Clearwater,54.3585,-110.0758,2006-06-21,2006-11-27,2140.1,Producing,52.7,1.7,55.9,21.26,809.0,201981.0,480.0
AB-101380,Imperial Oil,Cold Lake,Oil Sands,Bakken,54.4706,-110.1639,2011-05-13,2011-09-15,1003.3,Producing,128.7,2.2,39.2,34.45,295814.0,153.0,587204.0
AB-101381,Athabasca Oil Corp,Medicine Hat,Heavy Oil,Bakken,50.4856,-110.9501,2005-03-21,2005-07-25,1779.6,Producing,33.3,2.9,98.0,10.16,169933.0,490.0,448929.0
AB-101382,Obsidian Energy,Cold Lake,Oil,Colorado Group,54.0804,-110.2289,2018-08-11,2018-08-31,1536.1,Abandoned,72.1,0.0,46.0,1.54,171461.0,464.0,366152.0
AB-101383,Whitecap Resources,Peace River,Oil,Viking,56.4492,-116.865,2022-08-10,2022-09-11,438.9,Producing,10.4,3.1,25.7,38.49,8662.0,90.0,15262.0
AB-101384,Baytex Energy,Lloydminster,Gas,Clearwater,53.1277,-110.0605,1999-03-25,1999-09-17,1754.8,Suspended,39.9,0.0,65.9,2.26,244.0,1066.0,452.0
AB-101385,Suncor Energy,Medicine Hat,Gas,Clearwater,50.1958,-111.176,2022-08-05,2022-09-16,,Producing,51.8,31.2,8.4,30.67,3306.0,8504.0,5427.0
AB-101386,Imperial Oil,Athabasca,Gas,Duvernay,57.3693,-111.09,1999-01-11,1999-06-07,1198.9,Producing,69.2,0.9,98.0,9.41,2237.0,1762.0,2564.0
AB-101387,Canadian Natural Resources,Peace River,Heavy Oil,Duvernay,56.488,-116.7168,2018-09-12,2018-11-28,2169.8,Producing,34.0,3.9,67.9,12.43,40494.0,304.0,93428.0
AB-101388,MEG Energy,Medicine Hat,Oil Sands,Cardium,50.0288,-110.5691,2018-08-24,2018-12-09,1176.9,Producing,35.1,16.1,45.1,16.13,75571.0,253.0,193866.0
AB-101389,Imperial Oil,Peace River,Heavy Oil,Bakken,56.98,-117.3465,2015-01-08,2015-04-16,2381.5,Producing,47.1,5.4,50.3,18.91,184427.0,111.0,504000.0
AB-101390,Canadian Natural Resources,Athabasca,Oil Sands,Clearwater,57.4032,-110.5794,1998-11-22,1998-12-10,1423.4,Producing,9.7,0.0,93.6,24.58,45772.0,28.0,20334.0
AB-101391,Whitecap Resources,Lloydminster,Oil Sands,Duvernay,53.1106,-109.643,1998-08-25,1998-10-08,1872.8,Producing,31.3,0.0,61.2,14.57,260262.0,31.0,711017.0
AB-101392,Cenovus Energy,Peace River,Oil,Viking,56.2926,-116.8111,1999-05-16,1999-09-20,1735.6,Suspended,55.0,0.0,75.0,4.56,324703.0,329.0,754092.0
AB-101393,Baytex Energy,Medicine Hat,Oil Sands,McMurray,49.9965,-110.9056,2022-10-21,2023-04-06,324.5,Producing,45.3,27.9,48.8,35.81,32836.0,603.0,70258.0
AB-101394,Whitecap Resources,Grande Prairie,Gas,Colorado Group,54.8365,-118.8678,2007-02-06,2007-07-24,1145.9,Suspended,128.0,0.0,67.9,2.16,4003.0,2708.0,9717.0
AB-101395,Whitecap Resources,Peace River,Gas,Montney,56.392,-117.0193,2017-06-21,2017-08-24,467.3,Suspended,18.2,0.0,58.3,14.98,3267.0,502.0,5895.0
AB-101396,Imperial Oil,Athabasca,Oil Sands,Viking,58.039,-110.7104,1998-11-18,1999-02-17,383.2,Producing,90.1,0.2,98.0,26.9,790795.0,554.0,1797594.0
AB-101397,Imperial Oil,Lloydminster,Oil,Viking,53.0075,-109.8205,2020-03-24,2020-08-08,1801.3,Suspended,11.4,0.0,71.6,18.27,15529.0,249.0,44066.0
AB-101398,Cenovus Energy,Grande Prairie,Oil,McMurray,54.8599,-119.4502,2005-05-14,2005-10-01,1648.7,Abandoned,46.9,0.0,98.0,1.31,316100.0,416.0,502929.0
AB-101399,MEG Energy,Grande Prairie,Heavy Oil,Duvernay,55.0878,-119.3333,2018-03-05,2018-04-20,1817.7,Producing,158.0,71.7,50.9,4.21,440015.0,361.0,1136651.0
AB-101400,Canadian Natural Resources,Athabasca,Gas,Bakken,58.3559,-111.1725,1998-09-18,1998-10-25,2322.3,Producing,70.8,0.8,98.0,17.68,366.0,5336.0,174.0
AB-101401,MEG Energy,Cold Lake,Heavy Oil,Montney,54.1425,-110.247,2021-01-16,2021-02-24,300.0,Producing,377.5,110.6,80.1,33.75,571676.0,562.0,428374.0
AB-101402,MEG Energy,Cold Lake,Oil Sands,Duvernay,54.1377,-110.0163,2020-04-26,2020-05-22,2574.8,Suspended,24.4,0.0,39.9,1.38,36678.0,97.0,53983.0
AB-101403,Canadian Natural Resources,Cold Lake,Oil Sands,McMurray,54.3777,-110.482,2004-12-12,2005-04-14,935.7,Producing,23.7,0.1,95.0,5.39,124735.0,1239.0,94332.0
AB-101404,Cenovus Energy,Cold Lake,Oil Sands,Colorado Group,54.1206,-110.0565,2020-06-26,2020-10-04,1747.6,Abandoned,9.6,0.0,23.2,9.37,14570.0,86.0,6732.0
AB-101405,Cenovus Energy,Peace River,Gas,Cardium,56.5016,-117.3344,2002-04-14,2002-07-21,1901.3,Producing,64.4,1.1,49.4,28.63,2328.0,12747.0,1643.0
AB-101406,Baytex Energy,Grande Prairie,Oil,Clearwater,54.8916,-119.4769,2004-01-09,2004-05-25,2870.5,Producing,100.2,3.1,63.2,34.38,673301.0,115.0,1984087.0
AB-101407,Athabasca Oil Corp,Peace River,Oil,Bakken,56.6494,-117.0225,2021-07-01,2021-09-02,776.0,Producing,218.3,42.0,35.6,33.01,241839.0,232.0,603079.0
AB-101408,Canadian Natural Resources,Lloydminster,Gas,Cardium,53.3369,-109.7816,2004-07-07,2004-10-27,1769.8,Producing,54.5,1.7,56.7,12.74,1495.0,274.0,4247.0
AB-101409,Imperial Oil,Medicine Hat,Oil,Bakken,50.0587,-110.9085,2010-07-03,2010-12-26,2063.3,Producing,121.3,0.6,78.5,39.19,424961.0,21.0,252198.0
AB-101410,Obsidian Energy,Lloydminster,Heavy Oil,Colorado Group,52.9833,-109.929,2012-02-06,2012-06-19,2456.0,Orphan,45.5,0.0,44.1,14.87,105794.0,2119.0,215107.0
AB-101411,MEG Energy,Cold Lake,Oil Sands,Cardium,54.4338,-110.125,2001-12-03,2002-02-11,836.2,Producing,116.0,0.4,38.8,17.42,900420.0,1982.0,952481.0
AB-101412,Whitecap Resources,Cold Lake,Gas,Duvernay,54.6312,-109.9191,2010-05-27,2010-10-15,1465.4,Producing,33.1,4.3,48.9,13.21,296.0,2692.0,845.0
AB-101413,,Medicine Hat,Heavy Oil,Cardium,50.4293,-111.1826,2003-10-15,2004-01-30,609.8,Producing,98.2,0.2,77.5,36.9,496812.0,11.0,1195101.0
AB-101414,Cenovus Energy,Medicine Hat,Gas,Bakken,50.3812,-110.9857,2022-08-25,2023-02-07,1552.6,Producing,41.2,18.4,28.0,20.91,3594.0,4255.0,7622.0
AB-101415,Imperial Oil,Peace River,Oil,McMurray,56.5827,-116.6578,1998-04-06,1998-06-17,2282.1,Producing,185.7,0.2,74.1,39.91,839644.0,606.0,1922088.0
AB-101416,Obsidian Energy,Athabasca,Heavy Oil,Colorado Group,57.4911,-110.5928,2010-05-14,2010-11-02,905.3,Producing,71.1,1.9,63.4,22.44,399608.0,22.0,264760.0
AB-101417,MEG Energy,Cold Lake,Oil,Montney,54.7579,-110.1347,2005-04-01,2005-04-21,901.0,Abandoned,168.9,0.0,96.1,9.34,1236048.0,82.0,447166.0
AB-101418,MEG Energy,Peace River,Heavy Oil,Viking,56.7747,-117.1015,2021-05-21,2021-07-11,2180.5,Producing,72.2,38.3,12.0,26.57,67892.0,367.0,126376.0
AB-101419,MEG Energy,Athabasca,Gas,Cardium,57.8093,-111.6613,2015-05-16,2015-10-14,2879.4,Suspended,51.9,0.0,67.4,36.05,3987.0,878.0,10901.0
AB-101420,Whitecap Resources,Athabasca,Heavy Oil,Bakken,58.4021,-110.7342,2008-12-10,2009-04-16,2411.1,Abandoned,45.0,0.0,43.7,14.79,226953.0,77.0,299167.0
AB-101421,Baytex Energy,Athabasca,Oil,Clearwater,57.6971,-111.5801,1998-12-04,1999-04-03,975.7,Suspended,35.7,0.0,49.1,38.18,304094.0,204.0,187893.0
AB-101422,,Peace River,Gas,Montney,56.681,-117.0429,2001-09-23,2001-12-27,1575.5,Producing,132.2,0.1,95.1,16.91,2230.0,1696.0,3082.0
AB-101423,Canadian Natural Resources,Medicine Hat,Oil,Montney,50.0354,-110.5569,2006-01-22,2006-04-27,1251.4,Suspended,424.0,0.0,61.0,29.64,3081407.0,931.0,4301255.0
AB-101424,Whitecap Resources,Peace River,Gas,Cardium,56.2965,-117.3293,2010-07-08,2010-12-19,1380.9,Producing,21.4,0.3,40.7,14.05,3288.0,1634.0,9564.0
AB-101425,Cenovus Energy,Medicine Hat,Oil,Viking,49.9601,-110.9739,2001-09-07,2002-02-21,959.5,Suspended,43.4,0.0,78.1,31.83,356505.0,10.0,821734.0
AB-101426,Whitecap Resources,Peace River,Heavy Oil,Montney,56.9194,-117.0628,2018-08-21,2018-11-15,300.0,Producing,30.4,3.3,23.6,15.8,43338.0,142.0,97967.0
AB-101427,Crescent Point Energy,Peace River,Oil,McMurray,56.402,-116.5005,2008-06-06,2008-10-09,1729.4,Producing,29.0,1.3,58.2,26.87,110039.0,149.0,237898.0
AB-101428,MEG Energy,Medicine Hat,Gas,Cardium,49.8709,-111.0268,2019-06-01,2019-06-20,1279.9,Abandoned,284.2,0.0,45.3,18.99,4116.0,404.0,6924.0
AB-101429,Athabasca Oil Corp,Grande Prairie,Gas,McMurray,55.1726,-119.2393,2002-03-05,2002-07-15,2758.0,Producing,63.4,1.6,79.2,9.54,2939.0,73900.0,6439.0
AB-101430,Whitecap Resources,Peace River,Oil Sands,Clearwater,56.0659,-116.7408,2012-07-01,2012-08-25,1381.8,Abandoned,17.8,0.0,,21.16,55832.0,424.0,47686.0
AB-101431,MEG Energy,Lloydminster,Gas,McMurray,53.1794,-109.5099,2013-06-02,2013-10-01,731.4,Producing,68.2,5.0,32.6,30.9,2910.0,352.0,8062.0
AB-101432,Athabasca Oil Corp,Athabasca,Oil,Duvernay,57.4396,-110.5399,2013-02-23,2013-04-30,2729.8,Producing,91.2,25.3,49.3,6.36,249613.0,200.0,154291.0
AB-101433,Obsidian Energy,Cold Lake,Heavy Oil,Duvernay,54.4573,-109.9543,2015-04-05,2015-06-15,1839.1,Producing,48.1,7.4,74.6,36.2,102199.0,65.0,240297.0
AB-101434,Obsidian Energy,Cold Lake,Heavy Oil,Cardium,54.4375,-109.9996,1999-05-24,1999-08-02,974.9,Producing,83.1,4.2,74.1,38.95,438494.0,1807.0,1045818.0
AB-101435,Suncor Energy,Cold Lake,Gas,Colorado Group,54.2952,-110.3095,2014-10-24,2014-11-12,2601.5,Abandoned,759.4,0.0,27.9,37.67,4047.0,4813.0,10932.0
AB-101436,Canadian Natural Resources,Cold Lake,Heavy Oil,Clearwater,54.7261,-109.8672,2018-06-09,2018-11-03,1405.7,Abandoned,60.4,0.0,52.8,23.48,126060.0,83.0,54864.0
AB-101437,Crescent Point Energy,Athabasca,Gas,Bakken,56.5846,-111.6597,2007-07-24,2007-11-30,2443.3,Orphan,105.7,0.0,63.6,35.73,4707.0,4878.0,7713.0
AB-101438,,Grande Prairie,Oil Sands,Montney,55.077,-119.1944,2006-12-04,2007-03-29,1437.1,Producing,25.9,3.6,98.0,19.64,153857.0,877.0,448017.0
AB-101439,Baytex Energy,Grande Prairie,Gas,McMurray,55.2636,-118.7836,2021-10-01,2021-11-08,1371.2,Abandoned,156.0,0.0,39.7,16.8,2848.0,6352.0,4846.0
AB-101440,Whitecap Resources,Athabasca,Gas,Montney,58.055,-111.9788,2018-11-10,2019-02-19,1335.7,Producing,25.0,4.7,22.7,35.59,293.0,2909.0,282.0
AB-101441,Suncor Energy,Grande Prairie,Oil,Colorado Group,55.3348,-119.2269,2004-12-18,2005-04-19,1039.3,Producing,197.9,1.1,51.3,10.0,685043.0,249.0,920703.0
AB-101442,Imperial Oil,Athabasca,Gas,Colorado Group,57.4349,-111.3389,2014-04-21,2014-10-08,3101.7,Producing,31.7,0.6,50.6,1.72,2989.0,3173.0,4592.0
AB-101443,Baytex Energy,Lloydminster,Gas,Bakken,53.2234,-110.1933,2022-05-05,2022-07-02,1452.8,Producing,214.8,62.6,63.7,35.97,4921.0,1759.0,6824.0
AB-101444,Baytex Energy,Peace River,Heavy Oil,McMurray,56.0902,-117.2179,2002-09-25,2003-01-31,1415.4,Producing,204.2,0.1,55.1,3.71,1339181.0,155.0,1330982.0
AB-101445,Canadian Natural Resources,Medicine Hat,Heavy Oil,Bakken,50.449,-110.6315,2003-10-24,2003-12-10,1423.5,Suspended,86.9,0.0,52.0,32.87,300110.0,33.0,599720.0
AB-101446,Athabasca Oil Corp,Medicine Hat,Heavy Oil,Cardium,50.1895,-110.8357,2009-11-20,2010-04-05,1138.9,Producing,19.7,0.5,38.2,27.39,80399.0,416.0,62972.0
AB-101447,Cenovus Energy,Cold Lake,Heavy Oil,Duvernay,54.4305,-110.2647,2010-09-14,2011-02-15,1150.5,Suspended,87.4,0.0,71.4,15.71,252371.0,106.0,413248.0
AB-101448,Whitecap Resources,Medicine Hat,Gas,McMurray,50.4234,-110.4072,2007-02-14,2007-05-20,1451.6,Abandoned,109.8,0.0,57.7,33.42,4179.0,42214.0,11656.0
AB-101449,Suncor Energy,Cold Lake,Heavy Oil,Cardium,54.0062,-110.4269,2016-05-21,2016-08-25,2638.2,Producing,14.7,1.3,48.9,29.07,48573.0,330.0,43077.0
AB-101450,Whitecap Resources,Cold Lake,Gas,Clearwater,54.5605,-109.9145,2000-01-21,2000-04-24,1360.4,Producing,113.7,0.0,69.5,12.12,3118.0,587.0,9345.0
AB-101451,Baytex Energy,Peace River,Gas,McMurray,56.3551,-116.7162,1999-10-26,2000-03-03,1338.4,Producing,128.9,1.3,98.0,20.59,3644.0,4474.0,8481.0
AB-101452,MEG Energy,Grande Prairie,Gas,Colorado Group,55.1076,-118.5818,2004-04-06,2004-05-31,2820.5,Orphan,59.1,0.0,95.9,34.16,4147.0,144518.0,9231.0
AB-101453,Imperial Oil,Medicine Hat,Heavy Oil,Montney,50.0963,-110.9524,2011-02-13,2011-06-18,976.9,Producing,203.0,23.5,68.4,14.75,652556.0,526.0,634655.0
AB-101454,Canadian Natural Resources,Peace River,Oil,Bakken,56.6242,-116.8835,2004-04-10,2004-08-31,2065.7,Suspended,19.5,0.0,98.0,9.95,143757.0,773.0,140548.0
AB-101455,Obsidian Energy,Cold Lake,Oil Sands,Clearwater,54.4893,-110.3826,2016-11-21,2017-04-18,1396.6,Producing,912.1,407.3,33.2,23.78,2430112.0,270.0,3273902.0
AB-101456,Cenovus Energy,Athabasca,Oil,Viking,56.6319,-110.6325,2023-08-20,2024-01-07,1812.1,Suspended,80.9,0.0,69.4,17.34,47811.0,121.0,118530.0
AB-101457,Whitecap Resources,Medicine Hat,Heavy Oil,Duvernay,50.1635,-110.8713,2013-04-27,2013-10-05,1147.0,Suspended,70.0,0.0,38.8,37.68,277491.0,548.0,808395.0
AB-101458,,Athabasca,Gas,Colorado Group,57.0368,-110.7956,2007-12-05,2008-05-15,1834.5,Orphan,42.7,0.0,57.1,17.83,2434.0,18410.0,6850.0
AB-101459,Canadian Natural Resources,Peace River,Heavy Oil,Viking,56.4251,-117.3766,2004-08-21,2004-12-28,1722.6,Abandoned,190.6,0.0,98.0,8.34,1065160.0,223.0,1792064.0
AB-101460,Athabasca Oil Corp,Grande Prairie,Oil Sands,Duvernay,55.4988,-119.0557,2005-12-20,2006-01-16,2930.0,Producing,195.5,10.9,54.8,23.35,934490.0,32.0,803348.0
AB-101461,Crescent Point Energy,Lloydminster,Oil,Duvernay,52.8744,-109.5362,2004-11-17,2005-02-12,996.3,Producing,49.9,0.6,47.9,35.37,201288.0,373.0,103176.0
AB-101462,Cenovus Energy,Medicine Hat,Gas,Duvernay,50.1624,-110.8595,2014-07-27,2014-12-23,1735.7,Producing,105.9,2.0,51.4,14.09,1941.0,3384.0,4485.0
AB-101463,Obsidian Energy,Medicine Hat,Heavy Oil,Viking,49.8815,-110.9035,1999-02-07,1999-07-09,939.5,Producing,353.6,0.0,98.0,31.41,1784064.0,328.0,2430021.0
AB-101464,Canadian Natural Resources,Peace River,Gas,Clearwater,56.5727,-117.278,2003-01-12,2003-06-01,2331.8,Producing,22.7,3.1,45.6,20.42,3981.0,18893.0,4498.0
AB-101465,Obsidian Energy,Peace River,Oil,Cardium,56.2976,-116.9562,2001-04-08,2001-05-30,2414.8,Producing,371.1,27.2,43.6,10.54,1431785.0,8749.0,1685377.0
AB-101466,Athabasca Oil Corp,Medicine Hat,Oil Sands,Cardium,50.4511,-111.0373,1999-07-27,1999-09-24,3107.8,Abandoned,71.8,0.0,65.1,32.93,395391.0,1096.0,445555.0
AB-101467,Athabasca Oil Corp,Lloydminster,Oil Sands,Montney,52.9101,-110.1711,2017-01-05,2017-02-26,2525.6,Suspended,104.3,0.0,94.2,7.38,160172.0,413.0,387679.0
AB-101468,Athabasca Oil Corp,Athabasca,Oil,Montney,57.7848,-111.9601,2007-05-12,2007-08-15,1507.6,Abandoned,24.0,0.0,78.3,10.54,156626.0,197.0,189208.0
AB-101469,Imperial Oil,Peace River,Oil Sands,Viking,56.6663,-117.3137,2010-03-17,2010-09-05,2666.1,Producing,880.4,4.3,63.9,34.02,3072260.0,177.0,7644754.0
AB-101470,Obsidian Energy,Peace River,Oil,Bakken,56.2576,-117.0145,2005-08-10,2005-11-18,1475.2,Producing,86.0,0.6,39.3,10.12,437976.0,77.0,181661.0
AB-101471,Whitecap Resources,Medicine Hat,Oil,Colorado Group,49.9667,-111.1465,2004-12-01,2005-01-19,3136.0,Suspended,17.6,0.0,94.2,11.53,73884.0,32.0,90638.0
AB-101472,MEG Energy,Athabasca,Oil,Cardium,56.5969,-110.7524,2003-10-12,2004-01-24,1999.8,Producing,164.2,0.5,49.7,35.19,1165147.0,211.0,1572690.0
AB-101473,Crescent Point Energy,Medicine Hat,Oil,Colorado Group,49.8724,-110.7431,1999-09-02,2000-02-04,1973.3,Orphan,203.0,0.0,92.4,15.03,949004.0,23.0,2170853.0
AB-101474,Baytex Energy,Grande Prairie,Oil Sands,Viking,55.2211,-118.73,1998-02-01,1998-05-30,4181.9,Producing,25.0,0.2,81.2,7.21,139840.0,180.0,206193.0
AB-101475,Obsidian Energy,Cold Lake,Oil,Bakken,54.6256,-110.438,2023-02-14,2023-05-10,300.0,Producing,67.3,40.6,11.1,27.26,68612.0,263.0,147945.0
AB-101476,MEG Energy,Athabasca,Oil,McMurray,56.9252,-110.7307,2015-04-08,2015-10-03,2288.6,Abandoned,78.6,0.0,60.4,18.83,138611.0,1071.0,311465.0
AB-101477,Crescent Point Energy,Athabasca,Gas,McMurray,57.3516,-110.9903,2023-10-08,2023-12-05,1941.0,Abandoned,77.3,0.0,22.4,15.75,210.0,5577.0,524.0
AB-101478,Suncor Energy,Grande Prairie,Gas,Clearwater,55.0581,-119.0017,2022-12-24,2023-03-27,2850.0,Producing,183.8,115.1,33.3,2.75,1780.0,1918.0,3568.0
AB-101479,Crescent Point Energy,Grande Prairie,Heavy Oil,McMurray,55.4727,-118.7201,2016-01-18,2016-05-11,1206.6,Producing,88.1,5.3,27.0,8.36,316951.0,368.0,872349.0
AB-101480,Imperial Oil,Lloydminster,Oil,Bakken,53.1165,-109.8125,2002-09-23,2002-10-25,1644.4,Producing,24.9,1.4,80.5,23.78,205287.0,126.0,609894.0
AB-101481,Whitecap Resources,Peace River,Gas,McMurray,56.3821,-116.9052,2000-12-07,2001-05-13,1357.0,Suspended,93.9,0.0,67.5,32.82,2801.0,13206.0,5662.0
AB-101482,Canadian Natural Resources,Peace River,Oil Sands,Clearwater,56.2853,-116.7058,2015-07-18,2015-11-03,2850.3,Producing,241.0,6.1,23.1,36.28,696032.0,63.0,1953863.0
AB-101483,Canadian Natural Resources,Medicine Hat,Oil Sands,Duvernay,50.1711,-111.0915,2005-06-20,2005-11-02,1782.9,Producing,208.2,11.4,75.2,32.16,968054.0,35.0,2416419.0
AB-101484,Cenovus Energy,Grande Prairie,Heavy Oil,Bakken,55.4916,-119.3608,2013-06-02,2013-10-16,2204.9,Producing,170.6,5.6,68.4,20.32,570081.0,30.0,1451124.0
AB-101485,Whitecap Resources,Medicine Hat,Heavy Oil,Montney,50.1848,-111.0992,2017-02-12,2017-03-25,1590.5,Producing,352.9,62.5,66.8,23.94,560791.0,626.0,188611.0
AB-101486,MEG Energy,Grande Prairie,Oil,Bakken,55.2062,-118.7683,2015-08-05,2015-09-01,658.4,Producing,128.0,6.6,85.4,14.35,414274.0,329.0,1054337.0
AB-101487,Cenovus Energy,Cold Lake,Oil,Montney,54.1748,-110.2402,2009-11-11,2010-04-15,2100.5,Producing,92.8,0.6,63.3,17.23,283885.0,217.0,483818.0
AB-101488,Athabasca Oil Corp,Peace River,Heavy Oil,Duvernay,56.6769,-116.7749,2000-10-16,2000-12-13,2291.1,Producing,211.1,2.5,62.4,34.2,1898836.0,29.0,1361689.0
AB-101489,Crescent Point Energy,Medicine Hat,Gas,Bakken,49.8987,-110.4484,2020-07-02,2020-12-03,695.5,Producing,25.0,13.3,24.8,19.37,4767.0,5371.0,4580.0
AB-101490,Whitecap Resources,Cold Lake,Oil Sands,Montney,54.0575,-110.4042,2007-10-18,2008-04-01,1526.1,Producing,53.4,2.6,39.9,13.57,318922.0,920.0,292701.0
AB-101491,Athabasca Oil Corp,Medicine Hat,Heavy Oil,Viking,50.3188,-111.0343,2015-03-14,2015-04-30,1277.1,Producing,16.5,0.5,32.7,15.49,43507.0,579.0,50363.0
AB-101492,Canadian Natural Resources,Medicine Hat,Heavy Oil,Bakken,50.0633,-110.8219,2000-12-09,2001-04-09,2718.3,Producing,130.9,11.0,75.7,34.33,887932.0,59.0,1683319.0
AB-101493,Athabasca Oil Corp,Cold Lake,Oil,Bakken,54.6422,-110.1192,2007-10-20,2007-11-04,1667.1,Producing,54.7,1.1,90.2,6.32,224494.0,364.0,237345.0
AB-101494,Baytex Energy,Athabasca,Oil Sands,Duvernay,56.414,-111.9615,2023-01-26,2023-05-03,2537.0,Producing,30.4,10.8,11.4,38.57,34295.0,47.0,34661.0
AB-101495,MEG Energy,Cold Lake,Oil,Bakken,54.2108,-110.1098,2019-07-12,2019-10-18,2030.4,Producing,79.2,26.5,59.0,30.52,113771.0,136.0,66690.0
AB-101496,,Cold Lake,Oil,Colorado Group,54.761,-110.1851,1999-09-04,1999-11-21,1849.8,Orphan,180.9,0.0,74.1,33.19,1465368.0,1637.0,2209104.0
AB-101497,MEG Energy,Peace River,Gas,Clearwater,56.6341,-117.1201,2003-03-17,2003-05-11,1390.6,Producing,173.3,0.2,66.0,37.49,1252.0,1231.0,943.0
AB-101498,Suncor Energy,Peace River,Gas,Clearwater,56.3636,-117.0305,2018-12-16,2019-02-10,2717.3,Orphan,177.7,0.0,75.9,36.26,434.0,3088.0,999.0
AB-101499,MEG Energy,Lloydminster,Gas,Montney,53.3371,-110.0757,2017-08-05,2017-10-02,1826.5,Suspended,28.2,0.0,40.7,35.2,2877.0,1439.0,5882.0
AB-101500,Baytex Energy,Medicine Hat,Gas,Bakken,50.3756,-111.0533,1998-10-08,1999-02-02,2159.2,Suspended,62.8,0.0,82.8,21.27,1263.0,7379.0,2122.0
AB-101501,Cenovus Energy,Lloydminster,Oil,Bakken,53.391,-109.5262,2017-09-02,2017-11-17,880.4,Abandoned,8.4,0.0,41.4,15.67,23681.0,60.0,43917.0
AB-101502,Baytex Energy,Lloydminster,Oil,Viking,53.0581,-110.1501,2017-06-06,2017-08-23,2698.3,Abandoned,121.5,0.0,30.7,34.39,320086.0,4424.0,552565.0
AB-101503,Athabasca Oil Corp,Cold Lake,Oil,Viking,54.4496,-109.9475,2012-11-27,2013-02-07,2468.9,Producing,6.2,0.1,82.1,28.72,12585.0,440.0,28578.0
AB-101504,Baytex Energy,Medicine Hat,Oil Sands,Viking,49.9066,-111.0006,2016-10-06,2016-10-22,1750.6,Producing,389.0,136.5,74.2,37.18,872705.0,1233.0,856553.0
AB-101505,Cenovus Energy,Athabasca,Heavy Oil,Duvernay,58.165,-111.0203,2023-05-09,2023-06-17,2035.6,Suspended,16.6,0.0,47.1,36.6,11563.0,22.0,15201.0
AB-101506,Crescent Point Energy,Cold Lake,Gas,Duvernay,54.1063,-109.8343,2014-09-08,2014-09-29,587.3,Producing,126.8,11.7,78.2,7.5,1414.0,38415.0,442.0
AB-101507,Crescent Point Energy,Lloydminster,Gas,Viking,53.2796,-109.9754,2003-11-22,2003-12-28,1000.4,Producing,22.0,0.1,98.0,21.91,4906.0,1585.0,4693.0
AB-101508,Imperial Oil,Peace River,Gas,Montney,56.7255,-116.8639,2004-10-07,2005-01-07,1084.2,Producing,103.2,18.5,,32.0,994.0,895.0,437.0
AB-101509,Canadian Natural Resources,Grande Prairie,Heavy Oil,Bakken,54.8182,-118.5278,2001-02-15,2001-05-16,1289.7,Producing,38.7,0.1,86.1,8.58,316457.0,75.0,323151.0
AB-101510,Suncor Energy,Peace River,Gas,Cardium,56.6439,-117.3988,2007-07-22,2007-10-21,3356.6,Producing,194.8,7.8,47.8,14.04,3991.0,11752.0,10941.0
AB-101511,Whitecap Resources,Medicine Hat,Heavy Oil,Viking,50.3054,-110.655,2010-12-03,2011-01-07,2340.2,Producing,95.1,0.9,85.3,5.12,375643.0,101.0,944664.0
AB-101512,Cenovus Energy,Cold Lake,Gas,Cardium,54.3047,-110.3668,2003-01-10,2003-04-27,1466.1,Producing,86.1,1.9,98.0,32.74,2393.0,18217.0,3504.0
AB-101513,Imperial Oil,Grande Prairie,Oil,McMurray,55.2635,-118.9882,2022-05-18,2022-07-16,1910.9,Producing,268.7,96.0,55.5,35.13,249847.0,53.0,444175.0
AB-101514,Imperial Oil,Cold Lake,Oil Sands,Bakken,54.5308,-110.1663,2014-01-24,2014-03-13,1922.8,Orphan,20.8,0.0,78.3,7.92,47885.0,36.0,128678.0
AB-101515,Imperial Oil,Cold Lake,Oil Sands,Colorado Group,54.292,-110.1318,2011-07-14,2011-09-11,1741.4,Producing,169.8,5.1,40.6,25.4,889678.0,66.0,1522954.0
AB-101516,Suncor Energy,Cold Lake,Oil Sands,McMurray,54.2813,-109.9935,2018-02-13,2018-04-12,1749.7,Producing,64.2,3.9,33.3,1.68,158974.0,159.0,290570.0
AB-101517,Cenovus Energy,Cold Lake,Oil,Cardium,54.143,-110.1397,1998-09-17,1999-01-15,1142.4,Producing,125.3,0.1,67.1,8.91,1084164.0,43.0,1868469.0
AB-101518,Imperial Oil,Peace River,Oil,Bakken,56.3337,-117.1098,2018-10-06,2018-12-22,1302.6,Producing,56.5,16.5,,22.65,70559.0,324.0,108126.0
AB-101519,MEG Energy,Grande Prairie,Gas,Clearwater,55.0599,-119.1283,2003-07-19,2003-10-09,1215.6,Suspended,499.20000000000005,0.0,56.8,30.77,1316.0,20661.0,1763.0
AB-101520,Whitecap Resources,Cold Lake,Gas,Duvernay,54.7133,-109.9081,2017-06-04,2017-07-07,2871.6,Producing,6.1,0.7,38.7,24.25,3270.0,6266.0,8291.0
AB-101521,Crescent Point Energy,Medicine Hat,Oil,Duvernay,50.113,-110.6684,2001-01-05,2001-05-25,,Abandoned,74.5,0.0,82.1,7.81,521677.0,165.0,1276948.0
AB-101522,MEG Energy,Athabasca,Gas,Colorado Group,57.3556,-111.815,2017-11-27,2017-12-17,2861.4,Producing,69.2,29.9,92.2,37.89,844.0,524.0,1921.0
AB-101523,Obsidian Energy,Lloydminster,Heavy Oil,Bakken,53.3976,-110.1296,1999-04-25,1999-09-18,1846.9,Orphan,70.2,0.0,98.0,25.43,546593.0,757.0,424272.0
AB-101524,Baytex Energy,Medicine Hat,Gas,Duvernay,50.2132,-110.6965,2011-08-11,2011-12-09,2116.4,Abandoned,49.7,0.0,39.7,38.16,4565.0,142.0,2074.0
AB-101525,Obsidian Energy,Cold Lake,Gas,Montney,54.4932,-110.0027,2009-03-11,2009-07-10,,Producing,37.2,0.3,72.6,32.31,1477.0,10538.0,2000.0
AB-101526,Obsidian Energy,Grande Prairie,Gas,Cardium,55.4303,-118.8241,2016-04-22,2016-09-18,918.4,Producing,112.8,7.5,57.0,24.11,2908.0,1684.0,6758.0
AB-101527,Athabasca Oil Corp,Medicine Hat,Oil,Duvernay,50.3873,-110.9267,2020-12-09,2021-01-11,2727.0,Producing,22.2,10.1,56.8,16.6,41190.0,177.0,106457.0
AB-101528,Imperial Oil,Medicine Hat,Heavy Oil,Cardium,50.3411,-110.9356,2016-09-26,2016-12-30,1276.0,Producing,162.0,18.2,72.0,9.96,489150.0,334.0,260495.0
AB-101529,Canadian Natural Resources,Grande Prairie,Gas,Duvernay,55.2616,-118.8543,2022-01-08,2022-05-17,,Suspended,61.2,0.0,26.2,14.59,4088.0,2207.0,5951.0
AB-101530,Baytex Energy,Medicine Hat,Gas,McMurray,50.3727,-110.6853,2015-08-05,2015-10-02,1153.0,Producing,18.7,0.6,98.0,24.75,2656.0,4431.0,3683.0
AB-101531,Baytex Energy,Peace River,Gas,Viking,56.5851,-117.4936,2013-01-27,2013-07-08,911.6,Producing,47.2,15.2,73.5,18.67,3938.0,1506.0,3410.0
AB-101532,Imperial Oil,Grande Prairie,Gas,Clearwater,55.0025,-118.7413,2009-07-01,2009-11-27,1617.4,Producing,88.7,2.2,98.0,1.02,1644.0,1726.0,1461.0
AB-101533,Obsidian Energy,Athabasca,Heavy Oil,Clearwater,56.9789,-111.3053,2005-04-21,2005-07-08,,Producing,29.8,0.6,95.8,32.66,214520.0,598.0,179577.0
AB-101534,Imperial Oil,Lloydminster,Heavy Oil,McMurray,52.811,-109.6112,2014-05-01,2014-08-09,1653.3,Suspended,518.3,0.0,32.7,9.32,2010404.0,64.0,4392062.0
AB-101535,Cenovus Energy,Cold Lake,Gas,Duvernay,54.4847,-110.1483,2014-12-17,2015-04-15,1313.4,Producing,17.8,0.9,53.9,29.55,3302.0,1108.0,9539.0
AB-101536,Whitecap Resources,Grande Prairie,Oil Sands,Montney,55.1784,-119.2026,2021-07-14,2021-08-06,1774.4,Producing,37.5,8.6,,4.41,57705.0,4432.0,41612.0
AB-101537,Whitecap Resources,Lloydminster,Oil,Cardium,52.8168,-109.5211,2016-11-25,2016-12-10,732.7,Suspended,187.6,0.0,29.5,25.92,456174.0,167.0,203538.0
AB-101538,Crescent Point Energy,Medicine Hat,Oil Sands,Duvernay,50.0151,-110.6212,1999-05-20,1999-10-23,1268.1,Suspended,647.8,0.0,98.0,1.4,5547617.0,59.0,11941018.0
AB-101539,Imperial Oil,Peace River,Oil Sands,Duvernay,56.6503,-116.9428,2020-10-12,2020-12-25,1703.7,Producing,24.9,10.9,22.0,15.32,38583.0,50.0,99733.0
AB-101540,Imperial Oil,Athabasca,Heavy Oil,Cardium,56.1043,-111.5577,2018-09-15,2018-12-26,1926.6,Suspended,26.4,0.0,45.8,4.55,51754.0,68.0,60610.0
AB-101541,Whitecap Resources,Grande Prairie,Oil,Viking,55.2823,-118.5994,2012-09-20,2012-10-24,,Producing,109.1,2.6,25.7,1.21,495334.0,1786.0,679239.0
AB-101542,Canadian Natural Resources,Athabasca,Oil,Viking,57.4485,-110.5296,2017-06-16,2017-07-25,978.6,Producing,17.8,1.9,66.0,7.53,46588.0,235.0,53915.0
AB-101543,Suncor Energy,Peace River,Oil Sands,Bakken,56.1987,-116.5613,2004-10-23,2005-01-09,1441.8,Producing,112.1,5.7,98.0,26.19,858869.0,1686.0,1558978.0
AB-101544,Obsidian Energy,Lloydminster,Heavy Oil,Clearwater,53.1265,-109.9082,1998-01-02,1998-03-13,2398.7,Producing,21.2,0.1,92.3,33.79,111564.0,227.0,225383.0
AB-101545,Suncor Energy,Cold Lake,Oil,Bakken,54.1349,-110.3059,2017-07-07,2017-12-12,2601.5,Abandoned,48.8,0.0,45.0,26.23,131639.0,15.0,120526.0
AB-101546,Obsidian Energy,Medicine Hat,Oil,Cardium,50.393,-110.5854,2018-10-06,2019-02-17,2171.3,Suspended,84.9,0.0,17.9,5.6,101933.0,71.0,265523.0
AB-101547,Whitecap Resources,Lloydminster,Gas,Bakken,52.8985,-109.515,2019-09-05,2019-10-19,2202.9,Orphan,380.7,0.0,31.9,34.68,977.0,2418.0,2496.0
AB-101548,MEG Energy,Cold Lake,Gas,Bakken,54.444,-110.1434,2001-11-05,2002-03-25,2590.5,Producing,11.8,0.0,62.5,26.4,3964.0,799.0,7945.0
AB-101549,Suncor Energy,Medicine Hat,Oil Sands,Clearwater,49.8837,-110.5764,2022-06-18,2022-11-23,1375.1,Producing,652.7,337.0,28.1,28.95,623230.0,61.0,1797862.0
AB-101550,Baytex Energy,Lloydminster,Oil,McMurray,52.8594,-110.0545,2008-03-08,2008-06-25,,Producing,173.2,3.1,51.3,38.41,1102776.0,211.0,3099274.0
AB-101551,Imperial Oil,Athabasca,Heavy Oil,Colorado Group,57.7479,-111.5759,2009-11-20,2010-01-24,1128.1,Producing,30.9,0.1,40.1,8.96,128754.0,4749.0,306988.0
AB-101552,Canadian Natural Resources,Athabasca,Gas,Montney,58.1624,-110.6416,1999-11-17,1999-12-07,1001.9,Abandoned,29.5,0.0,88.5,38.75,3488.0,1231.0,2186.0
AB-101553,Cenovus Energy,Peace River,Oil,Montney,56.3982,-116.5708,2007-11-24,2007-12-30,1223.5,Producing,94.5,1.5,45.8,35.88,311152.0,131.0,120972.0
AB-101554,Baytex Energy,Grande Prairie,Oil Sands,Duvernay,55.5316,-119.4567,2010-06-10,2010-10-21,300.0,Suspended,48.7,0.0,88.4,34.77,160641.0,272.0,428937.0
AB-101555,Whitecap Resources,Lloydminster,Oil,Montney,53.1841,-109.7918,2018-09-18,2019-02-17,2262.8,Producing,75.9,19.4,94.3,2.55,144559.0,396.0,326066.0
AB-101556,Whitecap Resources,Grande Prairie,Oil,Bakken,54.975,-118.8633,2021-09-27,2022-03-03,632.8,Producing,55.1,14.8,14.5,8.95,46739.0,156.0,109752.0
AB-101557,Baytex Energy,Lloydminster,Gas,McMurray,52.89,-109.7813,2017-02-24,2017-08-03,2266.3,Producing,183.4,76.5,17.8,19.08,3760.0,587.0,5812.0
AB-101558,Imperial Oil,Cold Lake,Heavy Oil,Cardium,54.1646,-110.2261,2004-01-26,2004-02-14,1578.8,Producing,80.6,1.1,,3.63,513197.0,6130.0,751610.0
AB-101559,Athabasca Oil Corp,Cold Lake,Oil,Duvernay,54.012,-110.4123,2023-05-02,2023-10-17,2258.4,Producing,99.6,62.4,26.1,36.64,63554.0,408.0,61046.0
AB-101560,Cenovus Energy,Peace River,Heavy Oil,McMurray,56.6646,-117.1548,2000-11-17,2001-02-23,1092.8,Producing,6.7,0.2,,26.97,40180.0,3.0,110261.0
AB-101561,Obsidian Energy,Athabasca,Oil Sands,Bakken,58.2527,-110.6597,2002-12-22,2003-03-12,1767.0,Producing,50.1,0.0,69.0,16.25,360632.0,45.0,484892.0
AB-101562,Crescent Point Energy,Lloydminster,Oil,Cardium,53.1863,-109.5641,1999-06-27,1999-09-09,1535.5,Producing,19.4,0.6,43.3,24.94,107017.0,48.0,244195.0
AB-101563,Imperial Oil,Cold Lake,Gas,Duvernay,54.6367,-110.3723,2010-05-24,2010-07-16,615.9,Producing,45.9,0.6,85.2,3.09,854.0,3072.0,2432.0
AB-101564,Imperial Oil,Cold Lake,Heavy Oil,Bakken,54.2968,-110.1465,2003-02-23,2003-07-09,1459.9,Suspended,35.5,0.0,67.2,21.27,213051.0,1128.0,470618.0
AB-101565,MEG Energy,Medicine Hat,Oil,Duvernay,49.8447,-110.8974,2003-07-27,2003-08-19,1226.5,Producing,206.2,0.6,68.2,5.69,1518526.0,4023.0,1152899.0
AB-101566,Canadian Natural Resources,Lloydminster,Oil,Clearwater,53.1288,-109.7083,2006-10-24,2006-12-29,2201.5,Producing,30.8,3.3,75.6,34.62,172494.0,402.0,107341.0
AB-101567,Suncor Energy,Lloydminster,Heavy Oil,Montney,53.006,-109.977,2020-03-04,2020-06-24,409.8,Orphan,52.7,0.0,46.5,9.31,91566.0,913.0,122327.0
AB-101568,Canadian Natural Resources,Medicine Hat,Gas,Viking,50.1562,-110.6362,2023-02-06,2023-05-06,885.3,Producing,33.9,14.4,46.2,6.92,2292.0,51934.0,6166.0
AB-101569,Imperial Oil,Peace River,Oil,Clearwater,56.7215,-117.1718,2017-07-02,2017-10-21,1621.5,Suspended,183.8,0.0,22.3,38.91,337295.0,148.0,379894.0
AB-101570,MEG Energy,Lloydminster,Heavy Oil,Cardium,52.8248,-109.8906,2002-04-02,2002-09-23,,Orphan,21.8,0.0,40.9,9.63,145097.0,102.0,258099.0
AB-101571,Canadian Natural Resources,Athabasca,Gas,Viking,57.4092,-111.2093,2007-01-03,2007-04-26,1438.4,Suspended,56.0,0.0,88.6,34.63,2112.0,7574.0,2549.0
AB-101572,Suncor Energy,Athabasca,Oil,Cardium,57.9734,-111.352,2002-02-01,2002-02-25,1268.7,Producing,25.6,1.6,79.9,17.38,219065.0,111.0,254237.0
AB-101573,Baytex Energy,Grande Prairie,Heavy Oil,Clearwater,54.8885,-118.8725,1998-12-02,1999-01-12,3060.2,Producing,20.1,0.1,98.0,9.32,102224.0,951.0,158214.0
AB-101574,Whitecap Resources,Athabasca,Gas,Clearwater,57.2864,-110.5553,2012-04-25,2012-07-20,2290.5,Producing,35.5,7.1,34.0,7.83,3535.0,288.0,2676.0
AB-101575,Crescent Point Energy,Athabasca,Oil,Bakken,56.0368,-111.5119,2020-05-15,2020-10-11,1248.1,Producing,122.8,48.6,97.3,17.67,245024.0,448.0,477973.0
AB-101576,MEG Energy,Peace River,Heavy Oil,Colorado Group,56.608,-116.6548,2010-07-27,2011-01-20,832.6,Producing,110.6,0.5,62.3,29.3,425697.0,16.0,993424.0
AB-101577,Imperial Oil,Medicine Hat,Heavy Oil,Duvernay,50.3585,-110.6506,2014-04-12,2014-05-20,1669.0,Producing,96.7,12.9,51.3,38.89,313244.0,67.0,804495.0
AB-101578,Crescent Point Energy,Grande Prairie,Gas,Viking,55.2309,-119.3315,1998-05-17,1998-09-13,1826.1,Producing,16.6,0.1,98.0,20.93,3625.0,2494.0,3376.0
AB-101579,Obsidian Energy,Athabasca,Oil,McMurray,56.0185,-111.4059,2003-10-04,2004-03-24,2692.2,Suspended,142.9,0.0,98.0,1.03,650178.0,113.0,963982.0
AB-101580,Whitecap Resources,Medicine Hat,Oil Sands,Viking,50.2281,-110.5002,2020-10-06,2020-11-07,2059.9,Producing,66.3,11.6,32.1,39.76,70419.0,223.0,54296.0
AB-101581,Obsidian Energy,Cold Lake,Oil Sands,McMurray,54.0184,-109.9249,2009-06-11,2009-07-03,,Producing,31.2,0.2,57.1,39.74,144359.0,17.0,202603.0
AB-101582,Whitecap Resources,Lloydminster,Oil Sands,Bakken,53.2624,-109.7626,2010-01-04,2010-06-19,2041.7,Producing,435.59999999999997,0.2,61.2,28.58,208534.0,78.0,113356.0
AB-101583,Cenovus Energy,Medicine Hat,Heavy Oil,Duvernay,50.2919,-110.5652,2001-09-23,2002-02-15,2790.0,Producing,24.0,0.0,98.0,18.1,109097.0,220.0,146346.0
AB-101584,MEG Energy,Athabasca,Oil Sands,Montney,56.8725,-111.8028,2021-01-21,2021-03-08,1442.5,Producing,104.1,44.5,55.8,11.01,112899.0,759.0,211619.0
AB-101585,Obsidian Energy,Athabasca,Heavy Oil,Montney,57.4015,-111.4018,2003-04-05,2003-06-18,2243.9,Abandoned,48.3,0.0,89.4,37.55,343602.0,631.0,376540.0
AB-101586,Suncor Energy,Athabasca,Oil Sands,Viking,57.8596,-110.6255,2008-12-06,2009-03-28,1110.5,Producing,67.7,1.1,55.4,24.67,183750.0,19.0,126122.0
AB-101587,MEG Energy,Medicine Hat,Oil,Colorado Group,50.1241,-111.0366,2017-02-20,2017-04-18,1578.3,Producing,6.1,0.5,53.6,14.2,18191.0,130.0,7306.0
AB-101588,Obsidian Energy,Athabasca,Oil Sands,Viking,57.462,-110.5095,2001-08-10,2001-12-31,1716.2,Producing,15.3,0.1,98.0,15.92,73748.0,236.0,51189.0
AB-101589,Suncor Energy,Grande Prairie,Oil,Bakken,55.5357,-119.0123,2020-02-03,2020-04-24,1692.9,Producing,31.7,4.9,65.2,9.02,54568.0,69.0,137823.0
AB-101590,Obsidian Energy,Cold Lake,Gas,Viking,54.7671,-110.3527,2008-08-27,2008-10-25,1944.3,Producing,79.9,0.2,54.3,30.37,1231.0,713.0,1227.0
AB-101591,Whitecap Resources,Cold Lake,Oil,Colorado Group,54.2547,-109.9232,2000-04-26,2000-07-26,1522.6,Producing,186.5,1.1,66.6,2.47,856824.0,94.0,854214.0
AB-101592,Suncor Energy,Cold Lake,Gas,Cardium,54.2776,-110.209,2021-10-07,2021-11-08,2040.2,Producing,138.5,89.7,50.3,17.98,2623.0,751.0,7394.0
AB-101593,Obsidian Energy,Athabasca,Heavy Oil,Viking,56.1306,-111.1318,2016-12-18,2017-02-02,2193.1,Producing,71.6,3.7,67.6,27.54,161041.0,650.0,342826.0
AB-101594,Imperial Oil,Lloydminster,Oil,Viking,52.8493,-110.1999,2013-03-06,2013-06-18,1389.6,Suspended,62.1,0.0,78.6,25.77,148658.0,184.0,53465.0
AB-101595,Cenovus Energy,Cold Lake,Gas,McMurray,54.7041,-110.2072,2001-07-03,2001-08-11,2462.8,Producing,15.7,0.1,96.1,36.75,3294.0,563.0,1349.0
AB-101596,Imperial Oil,Peace River,Oil,Bakken,56.6318,-117.4827,1999-12-10,2000-03-14,1951.6,Producing,45.1,0.4,54.8,3.58,293972.0,255.0,718164.0
AB-101597,Canadian Natural Resources,Lloydminster,Gas,Viking,53.0834,-109.5647,2012-07-05,2012-11-15,,Producing,38.5,6.4,68.9,35.82,1689.0,4436.0,1519.0
AB-101598,Suncor Energy,Athabasca,Heavy Oil,Viking,57.1565,-110.8999,2010-11-14,2011-01-22,2758.5,Producing,88.0,1.3,41.8,2.01,266074.0,3.0,531818.0
AB-101599,Whitecap Resources,Cold Lake,Oil,McMurray,54.5148,-110.1305,2022-07-18,2022-08-28,1495.2,Producing,67.0,36.3,36.7,34.81,69191.0,29.0,180404.0
AB-101600,Suncor Energy,Lloydminster,Oil Sands,Duvernay,53.1828,-109.8039,1999-10-07,2000-02-13,1948.9,Abandoned,156.7,0.0,53.3,7.37,1010899.0,296.0,2317597.0
AB-101601,Canadian Natural Resources,Athabasca,Heavy Oil,McMurray,57.5441,-111.5569,2013-10-22,2013-11-06,612.1,Producing,22.9,1.3,32.1,24.47,101506.0,1110.0,298569.0
AB-101602,Crescent Point Energy,Cold Lake,Oil Sands,Clearwater,54.3498,-110.248,2000-02-07,2000-03-20,1359.6,Producing,21.7,0.3,55.6,34.53,141229.0,16.0,268215.0
AB-101603,Athabasca Oil Corp,Athabasca,Gas,Bakken,56.0069,-111.1448,2003-10-20,2004-01-27,1836.3,Suspended,29.2,0.0,43.4,10.64,3896.0,140.0,8284.0
AB-101604,Baytex Energy,Grande Prairie,Oil Sands,Clearwater,55.1133,-119.308,2013-10-06,2013-12-01,2486.0,Suspended,233.3,0.0,39.1,27.96,878080.0,744.0,1134619.0
AB-101605,Imperial Oil,Grande Prairie,Heavy Oil,Viking,55.2824,-118.7499,2007-05-04,2007-10-05,913.1,Suspended,107.7,0.0,64.5,15.46,538377.0,32.0,203044.0
AB-101606,Athabasca Oil Corp,Cold Lake,Oil,Montney,54.0845,-110.0893,2012-02-20,2012-03-08,2138.7,Suspended,44.9,0.0,27.8,14.08,200736.0,179.0,77564.0
AB-101607,Cenovus Energy,Peace River,Heavy Oil,Bakken,56.1619,-116.7466,2012-04-20,2012-05-27,1671.8,Abandoned,39.6,0.0,32.8,6.0,140535.0,285.0,102053.0
AB-101608,Crescent Point Energy,Lloydminster,Heavy Oil,Duvernay,53.2447,-110.1556,2001-02-20,2001-05-18,844.6,Producing,423.8,6.0,71.1,29.66,2274496.0,2770.0,6597702.0
AB-101609,Imperial Oil,Lloydminster,Oil Sands,Bakken,53.3694,-109.9464,2010-10-07,2011-01-11,1503.4,Producing,34.5,0.2,68.0,21.04,90008.0,84.0,112697.0
AB-101610,Imperial Oil,Medicine Hat,Gas,Colorado Group,49.8303,-110.9009,2005-01-19,2005-04-07,1237.5,Producing,217.7,38.2,,36.93,4951.0,3636.0,3370.0
AB-101611,Crescent Point Energy,Cold Lake,Oil Sands,Viking,54.7998,-110.4111,2009-02-22,2009-05-12,3131.2,Producing,46.9,8.5,98.0,15.09,151277.0,40.0,345751.0
AB-101612,Cenovus Energy,Lloydminster,Oil Sands,Clearwater,52.976,-109.8325,2001-09-07,2001-11-26,1645.6,Producing,27.2,1.6,49.9,39.8,107015.0,117.0,284742.0
AB-101613,MEG Energy,Medicine Hat,Gas,Bakken,49.9342,-110.6956,2011-06-23,2011-09-26,1063.6,Producing,38.6,1.6,29.1,2.32,3543.0,4177.0,9246.0
AB-101614,Imperial Oil,Medicine Hat,Oil Sands,Duvernay,49.8657,-110.6462,2006-03-21,2006-06-22,1644.2,Producing,67.9,0.3,63.4,2.15,321245.0,56.0,588676.0
AB-101615,Athabasca Oil Corp,Lloydminster,Oil,McMurray,52.9153,-110.0492,2013-06-06,2013-08-04,2517.6,Abandoned,326.1,0.0,30.4,7.23,926234.0,53.0,1102654.0
AB-101616,Suncor Energy,Peace River,Heavy Oil,Duvernay,56.5483,-116.7171,2004-03-22,2004-05-31,1948.1,Producing,61.6,2.3,68.5,17.47,357665.0,108.0,407438.0
AB-101617,Suncor Energy,Cold Lake,Heavy Oil,Bakken,54.2937,-110.4722,2000-06-27,2000-11-07,685.6,Orphan,56.5,0.0,60.4,16.37,412844.0,1712.0,1002707.0
AB-101618,Suncor Energy,Cold Lake,Oil Sands,Clearwater,54.4144,-109.9871,2003-06-23,2003-11-02,1199.7,Abandoned,16.8,0.0,60.1,13.14,93359.0,14.0,101017.0
AB-101619,Baytex Energy,Medicine Hat,Oil Sands,Viking,50.2371,-110.8908,2002-06-19,2002-09-09,1451.6,Producing,257.0,13.3,66.9,25.32,2149798.0,26.0,5895303.0
AB-101620,Obsidian Energy,Peace River,Gas,Viking,56.3991,-116.9779,2003-06-27,2003-08-01,1884.4,Producing,123.1,5.0,77.2,1.09,545.0,1447.0,790.0
AB-101621,Suncor Energy,Grande Prairie,Oil Sands,Duvernay,55.3671,-118.5706,2010-09-18,2011-01-11,1886.7,Producing,27.4,0.1,45.9,23.41,151679.0,237.0,126605.0
AB-101622,Cenovus Energy,Peace River,Gas,Colorado Group,56.3325,-116.9513,2017-03-24,2017-07-23,1564.8,Abandoned,48.0,0.0,31.2,15.8,461.0,150.0,196.0
AB-101623,Cenovus Energy,Athabasca,Heavy Oil,Colorado Group,58.0862,-111.2717,2000-06-23,2000-07-28,2593.7,Producing,107.6,13.2,98.0,31.66,523169.0,77.0,1237195.0
AB-101624,Canadian Natural Resources,Peace River,Heavy Oil,Viking,56.1076,-117.0865,2001-04-27,2001-05-23,1300.3,Producing,214.9,0.6,92.1,26.36,1652537.0,188.0,2922438.0
AB-101625,Canadian Natural Resources,Peace River,Oil,Cardium,56.7572,-117.1695,2012-12-22,2013-05-23,2038.2,Orphan,49.6,0.0,57.0,19.94,178606.0,339.0,434436.0
AB-101626,Imperial Oil,Peace River,Oil Sands,Duvernay,56.9041,-116.5625,2008-10-26,2009-04-22,2130.5,Producing,102.3,1.5,76.5,35.99,318995.0,27.0,584777.0
AB-101627,Canadian Natural Resources,Medicine Hat,Oil,Bakken,50.333,-110.7784,2012-09-12,2013-01-10,2541.8,Producing,13.3,0.1,43.8,7.5,34318.0,116.0,49209.0
AB-101628,Athabasca Oil Corp,Athabasca,Oil Sands,Clearwater,57.967,-111.1526,2010-04-15,2010-10-08,1754.9,Producing,11.9,0.2,78.5,3.2,51304.0,50.0,42534.0
AB-101629,Crescent Point Energy,Cold Lake,Oil Sands,Viking,54.2021,-110.1583,2001-02-10,2001-03-18,2313.9,Producing,33.0,0.0,83.6,34.1,256577.0,79.0,212978.0
AB-101630,Suncor Energy,Peace River,Oil,Montney,56.4711,-116.5034,2001-12-18,2002-04-10,1327.9,Abandoned,46.4,0.0,63.5,24.29,368351.0,455.0,353406.0
AB-101631,Obsidian Energy,Grande Prairie,Oil Sands,Viking,55.0888,-118.9112,2006-08-01,2006-11-15,,Producing,68.5,0.8,50.0,6.53,341023.0,96.0,125941.0
AB-101632,Suncor Energy,Athabasca,Heavy Oil,Bakken,58.2833,-111.9361,2017-10-21,2018-04-06,1782.8,Producing,145.0,71.6,53.7,6.12,424024.0,117.0,634788.0
AB-101633,Crescent Point Energy,Lloydminster,Gas,Bakken,52.9499,-110.102,2006-05-04,2006-09-01,1054.4,Producing,27.2,0.6,98.0,6.22,2550.0,1236.0,2381.0
AB-101634,Baytex Energy,Grande Prairie,Oil,Viking,55.4497,-118.5719,1998-06-21,1998-07-14,1535.2,Suspended,94.5,0.0,51.9,14.94,652693.0,181.0,840329.0
AB-101635,Cenovus Energy,Cold Lake,Oil Sands,Viking,54.2199,-110.0063,2012-06-04,2012-11-17,1598.4,Producing,44.4,0.6,86.0,4.35,166846.0,210.0,62311.0
AB-101636,Whitecap Resources,Peace River,Oil,Montney,56.5919,-117.3783,2007-05-25,2007-11-19,2464.3,Producing,25.8,0.8,98.0,22.35,128981.0,25.0,355519.0
AB-101637,Obsidian Energy,Lloydminster,Gas,Clearwater,52.8016,-109.759,2018-02-17,2018-03-30,3077.6,Producing,16.1,1.7,32.9,23.88,3028.0,1635.0,7004.0
AB-101638,Suncor Energy,Medicine Hat,Gas,Viking,50.0398,-111.1181,2004-07-22,2004-11-28,985.4,Producing,298.9,5.6,98.0,9.85,2038.0,24770.0,2037.0
AB-101639,Whitecap Resources,Athabasca,Oil,Bakken,56.7844,-110.9963,2004-01-13,2004-02-09,1226.6,Producing,55.4,2.0,,18.77,246043.0,260.0,552928.0
AB-101640,Canadian Natural Resources,Grande Prairie,Oil,Viking,54.8282,-119.1833,2004-04-13,2004-05-05,1135.1,Producing,25.1,0.4,57.6,23.3,101515.0,78.0,131037.0
AB-101641,Canadian Natural Resources,Athabasca,Gas,Cardium,58.2798,-111.1328,2006-08-23,2007-02-12,2422.8,Producing,104.4,7.1,83.7,5.55,108.0,2957.0,87.0
AB-101642,,Athabasca,Gas,Duvernay,56.3461,-111.0195,2019-05-26,2019-09-17,2131.3,Abandoned,151.6,0.0,32.5,3.92,2790.0,17124.0,5361.0
AB-101643,Obsidian Energy,Cold Lake,Heavy Oil,Viking,54.1391,-110.3172,2023-10-14,2024-02-25,2605.9,Producing,98.7,67.8,51.1,39.05,44771.0,431.0,30593.0
AB-101644,Imperial Oil,Cold Lake,Oil,Duvernay,54.243,-110.0282,2015-08-14,2016-01-06,763.8,Producing,66.4,5.6,74.0,5.12,119981.0,1199.0,248437.0
AB-101645,Crescent Point Energy,Cold Lake,Oil Sands,Colorado Group,54.2509,-110.083,2020-10-06,2021-01-31,1550.9,Producing,330.2,156.3,82.1,1.95,316693.0,4544.0,818104.0
AB-101646,Canadian Natural Resources,Cold Lake,Oil Sands,Colorado Group,54.2812,-110.0563,2022-03-01,2022-05-25,1743.2,Producing,20.7,5.5,62.6,24.0,19660.0,195.0,42575.0
AB-101647,Baytex Energy,Lloydminster,Oil,McMurray,53.1086,-110.0504,2009-12-11,2010-04-05,1820.4,Producing,24.5,3.5,35.0,30.87,121416.0,357.0,192387.0
AB-101648,Athabasca Oil Corp,Peace River,Oil Sands,Viking,56.6794,-116.5407,2009-07-22,2009-10-30,2058.3,Abandoned,163.5,0.0,59.0,3.82,754993.0,80.0,464530.0
AB-101649,Athabasca Oil Corp,Lloydminster,Oil,Colorado Group,52.919,-110.0609,2001-07-03,2001-09-12,2000.7,Suspended,60.1,0.0,96.1,27.62,266459.0,885.0,291291.0
AB-101650,Suncor Energy,Lloydminster,Heavy Oil,Montney,52.9047,-109.6682,2021-09-11,2022-01-01,1134.3,Producing,13.0,3.3,97.0,1.1,19112.0,109.0,49162.0
AB-101651,Baytex Energy,Athabasca,Heavy Oil,McMurray,56.0925,-110.9689,2017-06-10,2017-09-19,587.2,Abandoned,126.8,0.0,27.6,12.4,229843.0,13.0,370912.0
AB-101652,Cenovus Energy,Grande Prairie,Heavy Oil,Montney,55.011,-118.5457,2000-08-07,2001-01-13,1547.2,Producing,74.0,1.6,88.0,24.33,631970.0,155.0,1022387.0
AB-101653,Imperial Oil,Lloydminster,Oil,Duvernay,52.8501,-109.8465,2021-05-18,2021-07-19,2840.3,Producing,50.0,24.6,64.5,33.89,47198.0,28.0,29953.0
AB-101654,Baytex Energy,Lloydminster,Gas,McMurray,53.1183,-109.5717,2015-04-01,2015-09-01,984.5,Producing,163.6,16.4,75.0,15.73,67.0,2124.0,145.0
AB-101655,Athabasca Oil Corp,Cold Lake,Oil Sands,Cardium,54.4194,-110.3845,1998-03-16,1998-07-07,619.3,Suspended,367.7,0.0,88.7,37.68,2481715.0,406.0,3585947.0
AB-101656,Baytex Energy,Lloydminster,Gas,Colorado Group,53.1472,-109.8543,2004-06-18,2004-08-24,3478.0,Producing,214.1,2.2,87.1,26.6,338.0,3298.0,702.0
AB-101657,Whitecap Resources,Grande Prairie,Oil,Clearwater,55.1138,-118.6886,2011-06-04,2011-10-12,2859.9,Abandoned,37.6,0.0,75.8,36.73,172087.0,479.0,194156.0
AB-101658,Imperial Oil,Grande Prairie,Gas,Montney,55.0342,-119.283,2013-03-19,2013-07-07,1916.0,Producing,33.1,0.8,91.9,5.28,2168.0,5648.0,3378.0
AB-101659,Whitecap Resources,Peace River,Oil,McMurray,56.1055,-116.6409,2012-07-07,2012-12-27,1756.3,Producing,33.8,1.1,37.7,4.35,141733.0,1530.0,240055.0
AB-101660,Cenovus Energy,Peace River,Gas,Cardium,56.2236,-117.2527,2015-09-15,2016-01-24,2158.8,Producing,74.8,3.2,93.5,35.5,48.0,1857.0,123.0
AB-101661,Suncor Energy,Lloydminster,Gas,Bakken,52.8853,-109.6157,2013-03-22,2013-05-15,897.6,Producing,80.9,2.0,45.2,27.01,2793.0,3841.0,4977.0
AB-101662,Obsidian Energy,Peace River,Oil Sands,Clearwater,56.3601,-117.1481,2020-01-03,2020-02-02,2121.3,Producing,36.8,7.4,50.6,4.34,44318.0,6.0,42139.0
AB-101663,Canadian Natural Resources,Athabasca,Oil Sands,McMurray,57.8246,-111.1171,2008-02-15,2008-06-16,2221.6,Producing,217.9,3.0,36.7,25.76,591119.0,25.0,1304663.0
AB-101664,Imperial Oil,Athabasca,Gas,McMurray,58.0263,-111.7565,2016-08-22,2017-01-27,908.7,Producing,167.9,15.9,74.4,39.5,1418.0,18680.0,2446.0
AB-101665,Imperial Oil,Medicine Hat,Oil,Duvernay,49.9435,-110.4462,2004-11-07,2005-03-22,2638.9,Abandoned,149.7,0.0,75.1,34.74,672086.0,883.0,984610.0
AB-101666,MEG Energy,Lloydminster,Gas,Cardium,53.1949,-110.0454,2004-04-08,2004-08-26,2469.0,Producing,52.3,5.5,40.4,12.42,1273.0,37833.0,3067.0
AB-101667,Canadian Natural Resources,Cold Lake,Heavy Oil,Colorado Group,54.7718,-109.8005,2009-04-02,2009-06-28,309.2,Producing,19.2,0.2,67.2,39.35,64836.0,441.0,50901.0
AB-101668,Athabasca Oil Corp,Cold Lake,Gas,Bakken,54.7905,-110.363,2021-05-10,2021-07-02,1143.5,Suspended,125.4,0.0,52.2,1.63,1955.0,4715.0,874.0
AB-101669,Imperial Oil,Grande Prairie,Heavy Oil,McMurray,55.4335,-119.0323,2002-01-05,2002-03-23,891.1,Abandoned,94.4,0.0,94.2,22.95,667502.0,2534.0,408455.0
AB-101670,Obsidian Energy,Grande Prairie,Oil,Bakken,54.9426,-118.8,1999-11-24,2000-04-20,2388.5,Producing,147.8,0.0,87.1,25.89,905900.0,80.0,2033233.0
AB-101671,MEG Energy,Medicine Hat,Oil,Duvernay,49.9822,-110.8084,2006-02-12,2006-05-23,999.4,Producing,60.5,1.6,60.9,31.26,307948.0,26.0,599953.0
AB-101672,MEG Energy,Grande Prairie,Gas,Viking,55.5923,-119.4875,2021-12-09,2022-05-18,2347.8,Producing,83.7,22.7,36.1,1.47,1762.0,1510.0,1969.0
AB-101673,Canadian Natural Resources,Athabasca,Oil,Cardium,57.5151,-111.1136,2023-01-01,2023-06-05,885.5,Producing,35.6,15.2,42.5,18.92,29113.0,39.0,25258.0
AB-101674,,Medicine Hat,Gas,Montney,49.9772,-111.0916,2007-08-27,2007-10-03,909.2,Producing,75.3,1.5,83.1,32.25,3593.0,10910.0,6702.0
AB-101675,Whitecap Resources,Athabasca,Oil Sands,Montney,56.2607,-111.6066,2013-03-04,2013-06-09,1161.2,Abandoned,25.5,0.0,37.3,38.52,113039.0,3839.0,270460.0
AB-101676,Whitecap Resources,Medicine Hat,Oil Sands,Colorado Group,50.3152,-110.5307,2009-07-17,2010-01-04,2723.6,Suspended,802.7,0.0,62.5,25.36,4363289.0,285.0,4045921.0
AB-101677,Canadian Natural Resources,Peace River,Gas,Colorado Group,56.1255,-117.0497,2020-09-23,2021-03-06,2458.3,Suspended,81.3,0.0,40.1,31.81,3695.0,569.0,9122.0
AB-101678,Canadian Natural Resources,Athabasca,Oil,Duvernay,56.8546,-111.989,2007-03-24,2007-08-22,1966.7,Abandoned,48.1,0.0,73.8,26.23,257460.0,259.0,155419.0
AB-101679,Canadian Natural Resources,Medicine Hat,Oil,Montney,50.0515,-110.9908,2016-05-23,2016-06-15,2899.9,Suspended,67.3,0.0,62.2,15.87,233414.0,660.0,547622.0
AB-101680,Imperial Oil,Peace River,Heavy Oil,Viking,56.6567,-117.4374,2012-08-16,2012-11-06,2857.1,Producing,94.2,24.9,69.4,15.67,235190.0,754.0,600956.0
AB-101681,Whitecap Resources,Cold Lake,Oil,Viking,54.7068,-110.4889,2023-01-07,2023-02-05,3531.8,Suspended,28.7,0.0,44.0,10.53,27212.0,1015.0,47575.0
AB-101682,Obsidian Energy,Lloydminster,Oil,Bakken,52.9358,-109.8153,2006-01-23,2006-02-18,1352.6,Abandoned,183.3,0.0,68.0,3.83,597493.0,522.0,1166670.0
AB-101683,Imperial Oil,Athabasca,Heavy Oil,Bakken,57.5843,-111.9614,2016-07-12,2016-07-27,2507.6,Producing,9.3,0.5,38.4,19.63,18087.0,124.0,42620.0
AB-101684,Imperial Oil,Lloydminster,Oil,Cardium,53.0242,-109.6869,2005-12-18,2006-02-20,607.4,Producing,87.8,0.6,,22.23,341786.0,25.0,688755.0
AB-101685,Whitecap Resources,Medicine Hat,Heavy Oil,Duvernay,50.3252,-110.6934,2008-03-19,2008-08-21,1538.8,Producing,65.4,0.8,91.9,6.22,287097.0,150.0,801123.0
AB-101686,Imperial Oil,Peace River,Oil,Bakken,56.701,-116.8562,2004-04-06,2004-08-09,1077.4,Producing,190.7,1.4,89.1,21.67,633303.0,401.0,243781.0
AB-101687,Imperial Oil,Lloydminster,Oil Sands,Colorado Group,52.8013,-109.8507,2017-06-03,2017-11-17,1347.7,Abandoned,40.0,0.0,40.8,16.43,87047.0,193.0,94344.0
AB-101688,Athabasca Oil Corp,Lloydminster,Gas,Bakken,53.1309,-109.8109,2009-12-04,2010-01-20,2142.7,Producing,85.3,0.6,88.7,15.97,4950.0,132421.0,3433.0
AB-101689,Athabasca Oil Corp,Lloydminster,Heavy Oil,Duvernay,53.3956,-109.9153,2021-09-17,2022-01-27,2078.4,Producing,27.0,7.0,75.6,17.32,23708.0,124.0,50130.0
AB-101690,Whitecap Resources,Lloydminster,Oil Sands,Bakken,52.8932,-109.7636,2017-09-21,2018-01-03,1936.5,Suspended,18.9,0.0,49.8,13.36,50985.0,6.0,151849.0
AB-101691,Cenovus Energy,Peace River,Oil,Viking,56.9294,-116.8424,2005-04-23,2005-10-14,1218.6,Abandoned,154.2,0.0,59.2,37.35,761896.0,34.0,1543422.0
AB-101692,Athabasca Oil Corp,Athabasca,Oil,Colorado Group,57.9081,-111.7157,2021-11-05,2021-12-19,1705.6,Producing,156.9,56.1,20.6,31.38,130239.0,26.0,225788.0
AB-101693,Whitecap Resources,Athabasca,Heavy Oil,Cardium,57.0184,-111.3472,2008-09-21,2009-03-18,2130.8,Producing,189.3,1.6,56.2,31.08,1025553.0,194.0,1832250.0
AB-101694,Canadian Natural Resources,Grande Prairie,Oil Sands,Duvernay,55.4258,-118.5908,2008-02-16,2008-07-12,3570.7,Producing,41.0,0.1,83.0,20.08,239807.0,615.0,234805.0
AB-101695,Obsidian Energy,Peace River,Heavy Oil,Viking,56.304,-117.1861,2010-05-05,2010-07-29,1248.3,Suspended,50.7,0.0,42.4,37.65,272043.0,833.0,411732.0
AB-101696,Canadian Natural Resources,Lloydminster,Oil,Viking,52.8952,-109.9264,1999-10-03,1999-12-06,300.0,Producing,25.9,0.0,89.7,14.25,152345.0,22.0,372911.0
AB-101697,Obsidian Energy,Cold Lake,Oil,Clearwater,54.016,-110.1446,2014-09-11,2014-11-08,1778.0,Producing,8.7,1.4,94.2,39.07,35422.0,99.0,93679.0
AB-101698,Obsidian Energy,Lloydminster,Oil,Bakken,53.3727,-109.7249,2015-06-27,2015-12-10,1485.9,Producing,363.8,59.8,39.6,11.59,885187.0,1380.0,1738843.0
AB-101699,Crescent Point Energy,Medicine Hat,Gas,Bakken,50.0845,-110.7732,2002-10-10,2002-10-31,,Suspended,37.8,0.0,,38.57,2557.0,12051.0,4883.0
AB-101700,Crescent Point Energy,Cold Lake,Oil,Cardium,54.6135,-109.978,2021-07-24,2021-10-25,1749.9,Producing,100.2,67.8,,14.82,116336.0,13.0,55071.0
AB-101701,Crescent Point Energy,Medicine Hat,Oil Sands,Colorado Group,50.2257,-111.1878,2016-09-14,2016-12-12,1569.9,Producing,345.8,105.2,65.8,38.69,610350.0,105.0,1319052.0
AB-101702,Crescent Point Energy,Peace River,Oil,Colorado Group,56.7174,-116.866,2018-11-01,2018-12-09,1016.4,Suspended,34.4,0.0,31.8,16.89,56161.0,172.0,103441.0
AB-101703,Cenovus Energy,Medicine Hat,Oil,Clearwater,50.3786,-110.9274,2001-05-17,2001-08-02,2013.7,Suspended,18.1,0.0,48.6,36.74,143478.0,98.0,357356.0
AB-101704,Obsidian Energy,Lloydminster,Oil Sands,Viking,52.8744,-109.8708,2003-11-20,2003-12-08,1422.3,Producing,11.8,0.2,66.2,28.74,81048.0,655.0,235183.0
AB-101705,Canadian Natural Resources,Peace River,Gas,Viking,56.9948,-116.7249,2019-06-16,2019-10-14,2019.7,Orphan,368.0,0.0,44.0,21.86,657.0,69.0,758.0
AB-101706,Athabasca Oil Corp,Lloydminster,Heavy Oil,Duvernay,53.3084,-110.1604,2006-11-27,2006-12-19,1609.9,Producing,88.0,8.7,75.1,9.37,300123.0,245.0,532134.0
AB-101707,Canadian Natural Resources,Grande Prairie,Heavy Oil,Cardium,55.2039,-118.6834,2018-04-08,2018-08-17,589.1,Producing,55.0,8.8,52.4,28.01,118633.0,108.0,328054.0
AB-101708,Crescent Point Energy,Grande Prairie,Oil,Montney,55.0058,-118.9791,2021-03-27,2021-06-22,2172.1,Producing,30.9,9.1,23.2,37.89,51990.0,182.0,154704.0
AB-101709,Crescent Point Energy,Lloydminster,Oil Sands,Colorado Group,53.3905,-109.9792,2015-09-25,2016-01-14,2013.4,Abandoned,130.9,0.0,29.3,2.31,405356.0,10.0,1114587.0
AB-101710,Athabasca Oil Corp,Athabasca,Heavy Oil,Bakken,57.0896,-111.8233,2018-01-06,2018-01-30,449.6,Producing,30.2,13.4,83.6,15.96,49815.0,27.0,27646.0
AB-101711,,Cold Lake,Heavy Oil,Cardium,54.395,-110.4994,2017-08-25,2017-12-12,2025.7,Abandoned,71.4,0.0,80.4,17.86,106456.0,209.0,61443.0
AB-101712,Suncor Energy,Athabasca,Gas,Montney,57.1098,-111.9316,2020-12-24,2021-05-10,992.3,Producing,17.6,8.6,22.1,24.24,2577.0,6259.0,4077.0
AB-101713,Athabasca Oil Corp,Grande Prairie,Oil,McMurray,55.2192,-119.4214,2012-10-13,2013-03-06,781.7,Producing,28.0,1.5,83.4,21.33,113579.0,193.0,258090.0
AB-101714,,Peace River,Gas,Viking,56.9479,-117.3215,2011-09-23,2012-01-15,1791.5,Producing,286.2,60.2,64.1,5.76,4177.0,4645.0,11589.0
AB-101715,Crescent Point Energy,Athabasca,Gas,Montney,56.8542,-110.8572,2005-08-17,2005-12-02,1391.3,Producing,134.8,2.9,80.0,32.75,2905.0,15444.0,4786.0
AB-101716,Obsidian Energy,Medicine Hat,Heavy Oil,Duvernay,50.3862,-110.7708,2002-06-26,2002-09-14,1327.7,Producing,21.7,0.2,,25.29,172755.0,322.0,100297.0
AB-101717,Obsidian Energy,Peace River,Heavy Oil,Bakken,56.3028,-117.3281,2001-10-03,2001-12-13,1899.1,Orphan,24.4,0.0,98.0,12.02,207123.0,155.0,206695.0
AB-101718,Suncor Energy,Cold Lake,Heavy Oil,Montney,54.2926,-110.4489,2004-04-18,2004-10-08,2415.1,Producing,8.4,0.0,98.0,25.84,40217.0,1291.0,119202.0
AB-101719,Canadian Natural Resources,Cold Lake,Gas,Bakken,54.6507,-110.3982,2010-05-26,2010-09-24,3032.6,Suspended,34.8,0.0,92.8,7.34,3127.0,1670.0,6185.0
AB-101720,Athabasca Oil Corp,Peace River,Oil,Montney,56.1771,-116.5483,2018-03-13,2018-05-23,807.6,Producing,43.2,5.3,73.8,14.86,99679.0,56.0,285319.0
AB-101721,Baytex Energy,Cold Lake,Oil,Viking,54.2449,-110.4267,2011-06-11,2011-11-27,2412.7,Producing,389.5,6.8,59.6,13.54,1034997.0,409.0,565126.0
AB-101722,Crescent Point Energy,Peace River,Heavy Oil,Viking,56.1916,-116.5191,2010-06-27,2010-11-16,1707.6,Producing,47.1,0.3,77.1,2.28,174320.0,16.0,443130.0
AB-101723,Canadian Natural Resources,Medicine Hat,Oil Sands,Cardium,50.4684,-110.987,2012-12-08,2013-04-01,1487.0,Producing,103.5,3.0,85.6,2.8,350672.0,62.0,486345.0
AB-101724,Crescent Point Energy,Lloydminster,Oil Sands,Montney,53.1632,-110.0273,2013-03-27,2013-05-15,1548.3,Producing,108.6,3.2,68.3,11.97,343298.0,375.0,626193.0
AB-101725,Baytex Energy,Peace River,Oil,Clearwater,56.9379,-116.5568,2000-07-07,2000-08-22,2684.3,Producing,34.0,0.0,90.8,20.44,140088.0,14.0,102583.0
AB-101726,Suncor Energy,Medicine Hat,Oil Sands,Viking,49.9662,-110.7427,1998-08-22,1998-11-12,926.8,Producing,14.1,0.0,84.3,4.31,110331.0,103.0,110063.0
AB-101727,Athabasca Oil Corp,Lloydminster,Gas,McMurray,53.0293,-110.1045,2023-05-17,2023-08-25,1904.8,Suspended,161.9,0.0,10.3,36.78,4133.0,10216.0,11132.0
AB-101728,,Lloydminster,Oil,Colorado Group,52.9826,-109.8068,2006-03-02,2006-03-20,1910.6,Producing,38.5,0.1,74.0,30.35,257307.0,2043.0,243207.0
AB-101729,Canadian Natural Resources,Lloydminster,Oil,Cardium,53.2338,-109.7314,2000-07-14,2000-12-09,769.6,Producing,110.8,0.3,58.2,30.89,587712.0,71.0,749837.0
AB-101730,Imperial Oil,Peace River,Oil Sands,Montney,56.3381,-117.0463,2005-09-17,2005-12-05,1954.4,Producing,52.6,0.2,59.4,26.48,270918.0,472.0,553664.0
AB-101731,Athabasca Oil Corp,Lloydminster,Oil,Duvernay,53.2061,-109.5527,2014-01-02,2014-06-11,1911.0,Suspended,392.5,0.0,81.0,28.94,874799.0,71.0,1773767.0
AB-101732,Cenovus Energy,Peace River,Oil,Cardium,56.2472,-116.5164,2006-04-15,2006-09-26,1700.0,Suspended,50.0,0.0,71.1,13.22,182259.0,85.0,338828.0
AB-101733,Imperial Oil,Peace River,Gas,Cardium,56.5023,-117.1713,2016-07-20,2016-11-28,1662.4,Suspended,51.2,0.0,36.1,17.6,921.0,1994.0,716.0
AB-101734,Canadian Natural Resources,Cold Lake,Oil,Clearwater,54.4753,-110.2419,2021-12-13,2022-01-28,1997.1,Producing,17.4,6.7,27.8,20.13,15386.0,138.0,25833.0
AB-101735,Imperial Oil,Lloydminster,Oil,Viking,53.2658,-110.0506,2003-01-21,2003-07-16,1281.6,Abandoned,65.4,0.0,82.2,17.39,314484.0,22.0,767879.0
AB-101736,Obsidian Energy,Lloydminster,Heavy Oil,Bakken,52.8084,-109.723,2019-12-10,2020-04-15,,Suspended,76.4,0.0,73.0,4.07,81858.0,171.0,27962.0
AB-101737,Baytex Energy,Athabasca,Heavy Oil,Montney,58.0955,-111.6949,2021-01-18,2021-03-02,300.0,Producing,127.2,23.0,62.7,4.58,147857.0,256.0,358071.0
AB-101738,Imperial Oil,Grande Prairie,Gas,Cardium,54.9271,-119.1828,2012-11-08,2013-03-24,2255.5,Producing,17.8,0.3,59.9,12.76,4653.0,208.0,5424.0
AB-101739,Canadian Natural Resources,Grande Prairie,Oil Sands,Viking,55.4265,-119.4389,2017-07-07,2017-11-04,2353.3,Abandoned,24.3,0.0,23.6,26.57,75018.0,70.0,139514.0
AB-101740,Cenovus Energy,Grande Prairie,Oil Sands,Clearwater,55.3216,-119.2977,2007-06-15,2007-08-23,2159.5,Producing,56.3,0.1,43.0,34.83,370753.0,23183.0,491686.0
AB-101741,Suncor Energy,Grande Prairie,Oil Sands,Montney,55.0944,-119.4717,2012-08-14,2013-01-27,1979.5,Producing,82.4,0.9,72.0,16.01,289997.0,193.0,671629.0
AB-101742,Canadian Natural Resources,Peace River,Heavy Oil,Clearwater,56.2874,-117.0185,2007-06-01,2007-11-20,453.1,Producing,129.6,5.4,38.4,24.58,863303.0,460.0,2557972.0
AB-101743,Athabasca Oil Corp,Peace River,Oil Sands,Montney,56.4665,-117.2451,2017-09-10,2017-11-08,1815.5,Producing,35.9,5.2,48.7,20.36,77998.0,395.0,222277.0
AB-101744,Suncor Energy,Medicine Hat,Heavy Oil,Clearwater,49.8263,-110.8795,2013-01-20,2013-03-09,1782.8,Suspended,135.1,0.0,81.4,28.11,431893.0,44.0,1231052.0
AB-101745,,Medicine Hat,Gas,McMurray,50.0206,-110.6731,2018-12-04,2019-02-26,1178.2,Abandoned,30.0,0.0,30.2,7.28,3909.0,1339.0,7731.0
AB-101746,Imperial Oil,Medicine Hat,Heavy Oil,Clearwater,50.1578,-110.9505,2006-05-14,2006-06-25,1982.0,Abandoned,72.7,0.0,66.0,2.25,417565.0,23.0,566545.0
AB-101747,Cenovus Energy,Medicine Hat,Oil Sands,Clearwater,49.9633,-110.6362,2000-04-22,2000-05-14,1211.6,Orphan,55.8,0.0,49.7,11.66,211135.0,89.0,429537.0
AB-101748,Baytex Energy,Lloydminster,Oil,Cardium,52.9578,-109.8209,2021-06-03,2021-11-08,2741.7,Producing,20.6,7.3,30.9,24.28,28495.0,9.0,66135.0
AB-101749,Cenovus Energy,Medicine Hat,Gas,McMurray,50.3529,-111.002,2019-02-13,2019-06-20,922.0,Producing,28.5,4.3,26.9,23.03,4974.0,1945.0,13324.0
AB-101750,MEG Energy,Grande Prairie,Heavy Oil,Colorado Group,55.2945,-118.7112,2020-06-01,2020-06-27,2604.4,Suspended,220.8,0.0,38.6,4.79,417156.0,525.0,620671.0
AB-101751,MEG Energy,Medicine Hat,Oil Sands,Clearwater,49.9389,-110.5106,1998-11-15,1999-03-17,838.9,Abandoned,26.0,0.0,66.7,3.66,156919.0,25.0,103678.0
AB-101752,Imperial Oil,Athabasca,Gas,Duvernay,58.1056,-110.5401,2003-06-03,2003-06-25,1522.8,Producing,123.8,3.5,,13.15,2142.0,16429.0,5315.0
AB-101753,Imperial Oil,Grande Prairie,Gas,McMurray,54.8612,-119.3053,2006-06-22,2006-12-01,1303.4,Producing,108.5,6.4,98.0,21.23,23.0,2443.0,19.0
AB-101754,Crescent Point Energy,Athabasca,Gas,Duvernay,57.6459,-111.1946,2009-11-10,2009-12-17,3138.8,Producing,59.9,0.5,98.0,26.37,213.0,1234.0,185.0
AB-101755,MEG Energy,Peace River,Oil Sands,Montney,56.8405,-116.5285,2007-05-18,2007-06-08,501.6,Producing,22.2,3.3,68.1,8.25,76992.0,46.0,177815.0
AB-101756,Whitecap Resources,Medicine Hat,Heavy Oil,Colorado Group,50.4862,-110.6668,2007-05-17,2007-09-29,697.5,Producing,38.2,0.6,98.0,34.74,114509.0,23.0,152039.0
AB-101757,Canadian Natural Resources,Cold Lake,Gas,Viking,54.2502,-110.4208,2013-04-23,2013-07-16,2388.6,Producing,28.2,6.3,31.2,1.17,1165.0,52099.0,3229.0
AB-101758,Cenovus Energy,Lloydminster,Gas,Cardium,52.9272,-109.9779,2023-04-09,2023-10-04,520.6,Suspended,36.5,0.0,32.4,6.41,2219.0,547.0,2528.0
AB-101759,Crescent Point Energy,Medicine Hat,Gas,Viking,49.9973,-110.7147,2020-02-22,2020-04-20,903.2,Suspended,107.3,0.0,59.6,21.76,3867.0,10947.0,7083.0
AB-101760,Baytex Energy,Medicine Hat,Oil,McMurray,50.0099,-111.1077,2012-12-05,2013-01-08,1204.0,Producing,804.6,10.3,74.4,38.69,1881082.0,675.0,1098908.0
AB-101761,Cenovus Energy,Grande Prairie,Gas,McMurray,55.1186,-119.4055,2006-05-12,2006-09-07,1190.3,Producing,84.9,0.3,46.1,23.08,2925.0,6783.0,6964.0
AB-101762,Crescent Point Energy,Grande Prairie,Oil Sands,Viking,55.2123,-119.147,2008-08-04,2009-01-11,937.8,Producing,69.3,0.2,60.4,39.97,203141.0,118.0,372543.0
AB-101763,Baytex Energy,Lloydminster,Oil,Cardium,53.3692,-109.7666,2021-09-23,2021-10-20,2051.4,Producing,62.8,33.2,38.9,21.73,59655.0,635.0,170337.0
AB-101764,Whitecap Resources,Athabasca,Gas,McMurray,57.5768,-111.2235,2002-08-18,2003-01-13,3036.3,Producing,14.2,0.0,98.0,5.52,980.0,772.0,1641.0
AB-101765,Suncor Energy,Athabasca,Oil,McMurray,58.165,-110.5829,2013-02-22,2013-06-29,2625.2,Suspended,447.9,0.0,98.0,36.99,1348400.0,246.0,1263752.0
AB-101766,Baytex Energy,Cold Lake,Heavy Oil,Duvernay,54.4839,-110.4718,2016-11-24,2017-03-20,2960.3,Suspended,152.7,0.0,49.4,29.31,463006.0,808.0,1217607.0
AB-101767,MEG Energy,Peace River,Heavy Oil,Bakken,56.1388,-116.8507,2001-05-09,2001-07-11,1119.5,Suspended,75.6,0.0,73.0,30.13,524837.0,55.0,228685.0
AB-101768,Athabasca Oil Corp,Peace River,Gas,Bakken,56.5118,-117.4215,2023-10-02,2024-01-28,1434.5,Suspended,54.3,0.0,31.2,19.8,2490.0,2614.0,1430.0
AB-101769,Whitecap Resources,Grande Prairie,Oil,Clearwater,54.9734,-118.6388,2000-02-02,2000-04-01,1950.5,Producing,436.2,0.6,98.0,16.24,1780383.0,13.0,790077.0
AB-101770,Whitecap Resources,Peace River,Gas,Colorado Group,56.964,-117.1999,2022-09-23,2023-01-31,1772.6,Producing,592.2,202.4,72.8,19.31,4485.0,5680.0,7637.0
AB-101771,MEG Energy,Cold Lake,Oil Sands,Bakken,54.7735,-109.8874,2010-08-23,2010-11-12,2098.1,Producing,243.8,4.8,80.4,1.68,959397.0,336.0,1586146.0
AB-101772,Whitecap Resources,Lloydminster,Gas,Duvernay,53.16,-109.592,2014-11-08,2015-03-24,1243.5,Producing,334.2,34.3,34.8,36.87,890.0,59801.0,1352.0
AB-101773,Athabasca Oil Corp,Lloydminster,Oil,Colorado Group,53.0134,-109.957,2010-11-16,2011-04-29,3351.0,Suspended,77.8,0.0,50.3,6.19,359803.0,598.0,818269.0
AB-101774,,Cold Lake,Gas,Montney,54.547,-110.3841,2020-07-05,2020-08-09,1857.9,Producing,137.0,41.6,57.5,20.99,4311.0,10939.0,9008.0
AB-101775,Whitecap Resources,Cold Lake,Gas,Duvernay,54.7751,-109.9394,2001-11-06,2001-12-25,1718.3,Suspended,22.4,0.0,,13.5,4587.0,5706.0,7418.0
AB-101776,Cenovus Energy,Athabasca,Oil Sands,Clearwater,56.3961,-111.7857,2020-03-26,2020-09-15,706.1,Producing,38.2,15.0,,19.88,76401.0,235.0,117718.0
AB-101777,Whitecap Resources,Medicine Hat,Oil Sands,McMurray,49.8181,-110.7358,2003-09-14,2003-10-22,1203.4,Suspended,11.3,0.0,68.2,15.71,39047.0,292.0,105077.0
AB-101778,Obsidian Energy,Grande Prairie,Gas,Montney,55.4407,-118.5252,2014-05-05,2014-10-30,1018.5,Suspended,9.7,0.0,70.8,1.09,3689.0,3104.0,6743.0
AB-101779,Obsidian Energy,Athabasca,Oil Sands,Clearwater,57.2425,-111.7098,2014-07-14,2014-08-11,2356.3,Suspended,33.4,0.0,53.3,37.27,111134.0,5.0,270025.0
AB-101780,Cenovus Energy,Medicine Hat,Heavy Oil,Clearwater,50.3077,-111.046,2008-08-08,2008-09-16,2135.8,Abandoned,78.3,0.0,67.1,33.99,383730.0,135.0,609279.0
AB-101781,Cenovus Energy,Medicine Hat,Gas,McMurray,50.3351,-110.9784,2021-07-21,2021-10-31,1144.5,Suspended,60.6,0.0,42.5,11.99,2230.0,11187.0,700.0
AB-101782,Imperial Oil,Medicine Hat,Heavy Oil,Montney,50.1875,-111.1941,1999-02-12,1999-07-27,874.3,Producing,42.3,0.0,64.3,4.49,295645.0,64.0,259313.0
AB-101783,Suncor Energy,Medicine Hat,Oil Sands,Cardium,50.3717,-110.8702,2000-01-18,2000-06-10,1655.6,Producing,44.2,0.0,98.0,13.17,258879.0,470.0,147382.0
AB-101784,Crescent Point Energy,Cold Lake,Heavy Oil,Viking,54.6454,-110.4873,2004-10-12,2004-12-20,2589.7,Producing,31.4,0.0,70.6,37.79,164829.0,24.0,437832.0
AB-101785,Whitecap Resources,Grande Prairie,Oil,Montney,55.5024,-118.5945,2022-05-21,2022-09-10,1753.9,Producing,203.3,62.9,50.0,27.02,212935.0,918.0,266459.0
AB-101786,Crescent Point Energy,Grande Prairie,Oil Sands,McMurray,55.4687,-119.0957,2005-04-27,2005-10-15,369.3,Producing,88.5,0.4,77.0,27.0,342471.0,50.0,368388.0
AB-101787,Suncor Energy,Cold Lake,Oil Sands,Clearwater,54.5346,-109.978,2008-01-03,2008-05-01,2358.9,Suspended,76.2,0.0,65.4,15.41,341270.0,55.0,816121.0
AB-101788,Crescent Point Energy,Lloydminster,Oil,Duvernay,52.9482,-109.7018,2015-06-05,2015-08-29,1695.8,Suspended,45.4,0.0,29.8,20.89,143944.0,48.0,156705.0
AB-101789,Athabasca Oil Corp,Medicine Hat,Gas,Clearwater,50.3018,-111.1213,1999-12-26,2000-05-29,1013.9,Producing,42.2,0.9,,33.82,4571.0,1588.0,12614.0
AB-101790,Crescent Point Energy,Athabasca,Oil Sands,Clearwater,58.4331,-110.9076,2002-06-14,2002-11-09,641.3,Producing,35.4,0.4,49.9,23.59,278250.0,1693.0,729952.0
AB-101791,Crescent Point Energy,Cold Lake,Gas,Montney,54.6721,-109.9314,2017-03-11,2017-08-30,2356.4,Producing,161.6,28.9,35.2,35.79,1686.0,62.0,2909.0
AB-101792,Suncor Energy,Grande Prairie,Oil,McMurray,55.5884,-118.6242,2008-10-18,2009-03-09,1294.4,Producing,180.2,2.0,57.3,21.53,544023.0,1481.0,1409998.0
AB-101793,Obsidian Energy,Cold Lake,Oil,Viking,54.5219,-110.074,2020-06-19,2020-11-10,3468.5,Abandoned,180.0,0.0,83.4,18.1,246956.0,91.0,613205.0
AB-101794,Suncor Energy,Athabasca,Oil,Duvernay,56.9032,-111.3481,2006-09-22,2007-02-15,1976.3,Producing,33.9,2.3,94.3,6.81,106314.0,602.0,204358.0
AB-101795,Whitecap Resources,Medicine Hat,Oil,Viking,50.3283,-110.8154,1998-03-07,1998-06-28,1154.2,Suspended,198.7,0.0,76.3,38.48,1332333.0,421.0,2426286.0
AB-101796,Obsidian Energy,Athabasca,Heavy Oil,Colorado Group,57.1883,-111.3705,2019-07-21,2019-08-23,2097.4,Producing,101.4,24.1,49.8,10.44,107430.0,12.0,228591.0
AB-101797,Cenovus Energy,Lloydminster,Oil,Montney,52.9377,-109.6201,1999-04-24,1999-05-11,1101.3,Producing,42.2,0.0,56.5,18.11,278777.0,348.0,612123.0
AB-101798,Suncor Energy,Peace River,Heavy Oil,Colorado Group,56.4251,-117.2912,2014-10-21,2015-03-29,2002.2,Suspended,65.7,0.0,27.0,39.85,197968.0,65.0,529673.0
AB-101799,Whitecap Resources,Grande Prairie,Gas,Bakken,54.9767,-118.7125,2004-01-17,2004-06-06,1235.1,Producing,293.7,4.3,49.2,14.37,2204.0,548.0,1739.0
AB-101800,Suncor Energy,Cold Lake,Gas,Colorado Group,54.6259,-109.9267,2015-07-05,2015-10-22,1713.9,Orphan,71.4,0.0,41.1,31.64,3615.0,6735.0,9190.0
AB-101801,Obsidian Energy,Grande Prairie,Oil,Colorado Group,55.3633,-119.0174,2009-10-17,2010-02-16,879.3,Producing,33.9,0.7,55.9,35.08,183699.0,74.0,304256.0
AB-101802,Obsidian Energy,Lloydminster,Gas,Clearwater,52.9727,-109.5172,2000-10-08,2001-02-13,1347.9,Producing,128.7,0.0,71.5,28.19,70.0,1086.0,45.0
AB-101803,Athabasca Oil Corp,Lloydminster,Oil Sands,Bakken,53.0772,-109.834,2006-03-19,2006-05-13,2905.8,Producing,184.6,1.9,46.0,13.42,1259590.0,261.0,490227.0
AB-101804,Cenovus Energy,Lloydminster,Oil Sands,Bakken,53.3109,-109.8885,2016-10-03,2017-02-16,378.8,Producing,113.2,6.4,19.6,29.62,369333.0,141.0,441753.0
AB-101805,Whitecap Resources,Grande Prairie,Oil,McMurray,55.3132,-118.9475,2008-08-13,2009-01-03,1284.5,Producing,45.6,2.8,62.7,1.24,277784.0,45.0,106902.0
AB-101806,Baytex Energy,Athabasca,Oil,Duvernay,56.595,-111.863,2015-07-22,2015-09-02,1904.8,Abandoned,7.4,0.0,57.5,38.83,22714.0,1489.0,43800.0
AB-101807,MEG Energy,Cold Lake,Oil,Duvernay,54.3523,-110.3249,1999-03-26,1999-09-10,1627.4,Producing,84.8,0.6,98.0,11.93,583194.0,128.0,1522595.0
AB-101808,Whitecap Resources,Cold Lake,Heavy Oil,McMurray,54.6809,-110.4089,2015-07-19,2015-09-09,2015.2,Producing,189.7,8.9,62.5,9.68,400287.0,45.0,280474.0
AB-101809,MEG Energy,Peace River,Oil Sands,Duvernay,56.2213,-117.1671,2006-04-19,2006-09-21,1277.3,Producing,92.3,1.8,72.2,39.44,567025.0,219.0,933998.0
AB-101810,Cenovus Energy,Athabasca,Heavy Oil,Cardium,57.0847,-111.2042,2020-11-01,2021-03-21,1617.1,Producing,125.9,27.1,48.2,19.22,156463.0,1223.0,308947.0
AB-101811,Crescent Point Energy,Athabasca,Gas,Colorado Group,57.8241,-111.9216,2005-11-20,2005-12-12,896.3,Producing,77.6,0.3,39.3,11.45,2327.0,335.0,1099.0
AB-101812,Whitecap Resources,Grande Prairie,Heavy Oil,Colorado Group,55.1806,-119.2001,2009-07-04,2009-12-17,2109.9,Producing,450.4,17.4,48.9,13.37,2642128.0,174.0,5552138.0
AB-101813,Imperial Oil,Lloydminster,Oil Sands,Cardium,52.9288,-109.63,2006-10-04,2007-01-31,1795.8,Producing,149.2,2.0,46.0,20.83,787908.0,320.0,1088585.0
AB-101814,Cenovus Energy,Cold Lake,Oil,Colorado Group,54.5759,-110.3033,2012-06-08,2012-12-02,768.1,Producing,32.0,0.3,64.8,20.85,85383.0,468.0,144990.0
AB-101815,Whitecap Resources,Grande Prairie,Oil,Viking,55.3564,-119.2617,2009-07-24,2009-11-12,2100.3,Suspended,21.5,0.0,89.6,1.81,90929.0,34.0,159162.0
AB-101816,Athabasca Oil Corp,Cold Lake,Gas,McMurray,54.598,-110.0497,2001-05-23,2001-06-14,2210.1,Producing,38.9,0.1,98.0,11.3,1699.0,677.0,4672.0
AB-101817,Obsidian Energy,Grande Prairie,Oil,McMurray,55.2281,-119.15,2007-09-04,2007-11-14,1564.4,Producing,279.1,30.1,81.3,12.51,1799197.0,934.0,555707.0
AB-101818,Whitecap Resources,Cold Lake,Oil Sands,Viking,54.2706,-109.9914,2011-09-17,2011-10-04,2158.7,Producing,77.2,1.3,80.4,36.45,287758.0,40.0,286598.0
AB-101819,Baytex Energy,Peace River,Oil Sands,Colorado Group,56.9272,-117.3838,2003-01-19,2003-03-13,1919.1,Producing,17.0,1.5,55.3,36.25,111605.0,50.0,217689.0
AB-101820,Suncor Energy,Athabasca,Gas,McMurray,56.8938,-111.7865,2013-04-06,2013-07-05,2824.9,Producing,72.7,9.9,69.7,24.1,4118.0,162.0,4559.0
AB-101821,Suncor Energy,Athabasca,Heavy Oil,Viking,57.5638,-111.4599,1998-03-09,1998-08-15,1346.2,Abandoned,55.3,0.0,72.5,26.17,412568.0,85.0,1175485.0
AB-101822,Suncor Energy,Medicine Hat,Oil Sands,McMurray,49.9543,-111.1768,2006-02-10,2006-04-15,2044.9,Producing,79.1,12.1,98.0,30.08,502196.0,104.0,1204234.0
AB-101823,Imperial Oil,Grande Prairie,Heavy Oil,Cardium,54.9231,-118.5082,2023-05-03,2023-10-11,2287.8,Suspended,59.6,0.0,29.8,28.51,24605.0,54.0,47409.0
AB-101824,Crescent Point Energy,Peace River,Gas,Clearwater,56.5155,-117.3697,2020-05-06,2020-08-06,474.3,Producing,124.2,66.1,23.8,18.23,4265.0,52.0,2207.0
AB-101825,Athabasca Oil Corp,Athabasca,Oil,Colorado Group,56.1249,-111.1688,2019-02-03,2019-06-10,2595.7,Producing,75.1,8.5,34.3,19.66,169579.0,630.0,286300.0
AB-101826,Suncor Energy,Athabasca,Heavy Oil,Montney,58.2671,-111.3339,2010-06-15,2010-10-15,1912.4,Abandoned,34.2,0.0,68.7,28.47,148980.0,192.0,320316.0
AB-101827,Whitecap Resources,Peace River,Oil Sands,Bakken,56.9982,-116.6311,2016-09-26,2016-11-03,1562.6,Producing,103.9,39.9,46.9,39.25,280376.0,147.0,158717.0
AB-101828,Imperial Oil,Grande Prairie,Gas,Cardium,55.339,-119.0022,1999-10-20,1999-12-07,300.0,Producing,50.0,3.6,60.9,12.54,3974.0,245.0,2885.0
AB-101829,Imperial Oil,Cold Lake,Gas,Colorado Group,54.2389,-110.3759,2009-04-02,2009-06-15,1819.0,Producing,94.1,4.4,45.9,10.18,366.0,1466.0,352.0
AB-101830,Baytex Energy,Athabasca,Oil,Cardium,56.0348,-111.4382,2012-10-16,2012-12-28,1022.2,Producing,16.1,4.0,47.2,32.21,40712.0,53.0,95349.0
AB-101831,Canadian Natural Resources,Athabasca,Oil,Cardium,57.1921,-111.0232,2018-07-14,2019-01-02,2147.9,Abandoned,62.4,0.0,38.1,37.67,164389.0,68.0,113065.0
AB-101832,Canadian Natural Resources,Cold Lake,Oil Sands,Clearwater,54.3397,-110.0158,2005-04-15,2005-09-22,2565.7,Producing,114.5,6.1,90.2,37.23,640303.0,153.0,476955.0
AB-101833,Cenovus Energy,Athabasca,Heavy Oil,Colorado Group,57.6098,-111.3669,2019-10-16,2020-02-15,1028.3,Producing,296.0,61.7,35.0,24.63,612547.0,12.0,1332366.0
AB-101834,Cenovus Energy,Athabasca,Gas,Duvernay,56.4959,-111.5247,2006-11-22,2007-03-19,1867.2,Producing,129.5,0.5,65.3,38.35,1360.0,1574.0,1399.0
AB-101835,Imperial Oil,Medicine Hat,Oil Sands,Duvernay,50.3195,-110.8704,2009-11-16,2010-05-06,1731.8,Suspended,20.2,0.0,71.3,18.14,100900.0,196.0,217139.0
AB-101836,Cenovus Energy,Grande Prairie,Heavy Oil,Colorado Group,55.3842,-118.6576,2005-03-11,2005-04-07,,Orphan,64.6,0.0,90.7,20.4,423266.0,162.0,459619.0
AB-101837,Athabasca Oil Corp,Athabasca,Oil,Colorado Group,58.372,-110.6001,2007-06-14,2007-09-26,2331.8,Producing,59.7,2.9,,28.99,280773.0,115.0,658165.0
AB-101838,Canadian Natural Resources,Athabasca,Oil,Viking,57.0148,-111.6543,2010-12-24,2011-04-18,1924.2,Abandoned,49.6,0.0,,9.21,268118.0,8.0,645733.0
AB-101839,Baytex Energy,Medicine Hat,Oil,McMurray,50.4545,-110.652,2004-03-16,2004-07-05,1798.5,Producing,101.0,0.1,92.6,1.9,436852.0,2324.0,793820.0
AB-101840,MEG Energy,Peace River,Oil,Montney,56.5905,-116.9287,2012-04-24,2012-08-28,1296.4,Producing,31.2,0.8,75.8,36.73,114075.0,53.0,114492.0
AB-101841,Crescent Point Energy,Cold Lake,Gas,McMurray,54.5899,-110.4897,2022-03-13,2022-05-09,1900.0,Producing,203.4,64.0,74.7,20.65,4778.0,3670.0,8828.0
AB-101842,Obsidian Energy,Medicine Hat,Oil Sands,Bakken,50.3753,-110.8179,2007-06-10,2007-08-18,1812.2,Abandoned,106.6,0.0,43.9,9.46,547741.0,17.0,1383922.0
AB-101843,Imperial Oil,Cold Lake,Heavy Oil,Viking,54.7236,-109.944,2021-01-04,2021-02-06,2457.0,Suspended,50.1,0.0,60.4,9.89,53962.0,185.0,152594.0
AB-101844,Imperial Oil,Medicine Hat,Oil,Clearwater,50.4244,-110.4106,2001-04-09,2001-08-06,2860.5,Suspended,156.6,0.0,74.7,14.16,985686.0,1988.0,2182055.0
AB-101845,Athabasca Oil Corp,Medicine Hat,Oil Sands,McMurray,50.1823,-111.1407,2014-12-10,2015-04-25,1045.6,Producing,327.4,7.5,,32.83,1315935.0,153.0,2937688.0
AB-101846,Baytex Energy,Lloydminster,Oil,Duvernay,53.2401,-109.5839,2020-07-24,2020-10-13,1992.0,Producing,70.8,32.4,41.8,39.86,91987.0,140.0,130099.0
AB-101847,MEG Energy,Lloydminster,Oil Sands,Cardium,53.258,-109.8391,2017-10-24,2018-02-09,2110.4,Abandoned,43.1,0.0,23.4,5.79,73887.0,287.0,157823.0
AB-101848,Athabasca Oil Corp,Grande Prairie,Oil Sands,McMurray,54.8255,-118.5734,2009-11-02,2009-12-19,1524.1,Abandoned,122.9,0.0,98.0,15.45,606810.0,62.0,303685.0
AB-101849,Whitecap Resources,Athabasca,Oil,Montney,57.5397,-111.5342,2015-01-03,2015-06-04,2468.7,Producing,36.0,0.9,38.7,7.84,133489.0,27.0,387845.0
AB-101850,Imperial Oil,Grande Prairie,Gas,Colorado Group,54.8982,-119.0265,2000-06-12,2000-12-08,1396.6,Producing,95.8,2.1,80.7,15.95,4061.0,382.0,1246.0
AB-101851,Suncor Energy,Medicine Hat,Oil,Duvernay,50.1737,-110.696,2012-10-03,2012-12-25,302.5,Abandoned,30.8,0.0,36.5,33.0,103227.0,293.0,133774.0
AB-101852,Baytex Energy,Cold Lake,Gas,Bakken,54.4668,-110.3769,2005-10-19,2006-03-06,1733.0,Producing,22.5,0.0,53.9,23.07,4654.0,8898.0,5271.0
AB-101853,Whitecap Resources,Athabasca,Gas,Viking,57.2292,-111.907,2014-01-02,2014-02-14,1236.3,Abandoned,67.9,0.0,46.7,38.07,4901.0,2027.0,5298.0
AB-101854,Whitecap Resources,Cold Lake,Oil Sands,Montney,54.2729,-110.3965,2004-09-05,2005-02-09,1183.9,Producing,199.2,32.0,86.5,15.03,866685.0,22.0,859502.0
AB-101855,Baytex Energy,Cold Lake,Oil,Colorado Group,54.3014,-110.2616,2007-06-12,2007-07-01,1675.1,Suspended,50.6,0.0,,11.37,214645.0,255.0,119199.0
AB-101856,Imperial Oil,Lloydminster,Oil Sands,McMurray,52.9471,-109.8197,2011-05-22,2011-10-10,3015.5,Producing,17.9,0.1,98.0,28.98,43813.0,4390.0,47378.0
AB-101857,Crescent Point Energy,Grande Prairie,Gas,McMurray,55.0494,-118.5677,2007-06-15,2007-07-09,1313.2,Producing,154.8,25.2,85.7,3.35,1781.0,1309.0,2238.0
AB-101858,Whitecap Resources,Peace River,Gas,Duvernay,56.3415,-117.3535,1999-12-25,2000-05-05,989.9,Producing,26.4,0.0,66.7,8.91,4567.0,36458.0,10686.0
AB-101859,Crescent Point Energy,Cold Lake,Oil Sands,Cardium,54.3863,-110.0491,2005-08-03,2006-01-05,2382.4,Producing,104.5,18.7,39.1,37.71,502244.0,290.0,851357.0
AB-101860,Crescent Point Energy,Lloydminster,Oil,Duvernay,53.3682,-109.5474,2010-04-08,2010-08-16,1431.5,Producing,28.3,0.1,43.9,17.0,126349.0,106.0,65576.0
AB-101861,Imperial Oil,Athabasca,Oil,Colorado Group,56.1513,-111.1743,2020-07-11,2020-11-30,1263.0,Producing,359.4,76.6,39.3,29.41,301475.0,31.0,637280.0
AB-101862,Obsidian Energy,Medicine Hat,Oil Sands,Bakken,49.9147,-110.6611,2001-07-08,2001-11-13,1879.8,Suspended,471.2,0.0,98.0,19.37,2725079.0,43.0,5926610.0
AB-101863,MEG Energy,Grande Prairie,Heavy Oil,Montney,55.4717,-119.1816,2015-11-21,2016-04-12,1938.6,Abandoned,99.9,0.0,44.5,17.47,158836.0,138.0,459740.0
AB-101864,MEG Energy,Cold Lake,Oil,Clearwater,54.5839,-109.9498,2001-07-17,2001-10-27,2555.1,Suspended,22.1,0.0,89.2,12.08,114781.0,432.0,282555.0
AB-101865,Imperial Oil,Cold Lake,Oil,Cardium,54.5584,-110.2988,2006-06-16,2006-11-21,1844.8,Producing,137.1,6.9,32.8,28.99,414978.0,865.0,404829.0
AB-101866,Cenovus Energy,Lloydminster,Oil,Colorado Group,53.3859,-110.1551,2010-06-21,2010-07-19,1566.4,Producing,152.4,1.9,38.8,13.43,480616.0,74.0,1396021.0
AB-101867,MEG Energy,Medicine Hat,Oil,Clearwater,50.3864,-110.7203,2017-09-25,2017-12-17,2422.4,Producing,42.5,4.7,92.2,6.44,76641.0,68.0,114374.0
AB-101868,Suncor Energy,Cold Lake,Oil Sands,Cardium,54.573,-110.0932,2011-03-11,2011-08-17,2243.5,Suspended,30.0,0.0,38.0,12.12,88933.0,18.0,181558.0
AB-101869,Athabasca Oil Corp,Athabasca,Oil Sands,Montney,56.5499,-111.9863,2009-01-09,2009-06-13,2550.0,Suspended,31.2,0.0,79.0,27.48,148188.0,209.0,239916.0
AB-101870,Baytex Energy,Peace River,Oil Sands,Duvernay,56.943,-117.0649,2018-01-24,2018-04-25,1394.6,Producing,45.8,3.7,81.6,3.45,91318.0,1308.0,110386.0
AB-101871,MEG Energy,Grande Prairie,Oil Sands,Bakken,55.4457,-119.2331,2022-07-19,2022-11-21,2621.5,Suspended,18.8,0.0,89.6,35.95,11352.0,197.0,15621.0
AB-101872,Suncor Energy,Grande Prairie,Oil Sands,McMurray,55.0347,-118.5633,2011-11-02,2012-02-29,1537.1,Producing,41.5,0.7,45.4,9.85,161232.0,40.0,469479.0
AB-101873,Baytex Energy,Grande Prairie,Oil,Montney,55.5312,-118.8497,2011-11-27,2012-01-12,1064.1,Producing,14.0,0.1,83.1,13.06,46725.0,6638.0,87633.0
AB-101874,Obsidian Energy,Cold Lake,Oil,Cardium,54.7094,-109.9839,2005-01-11,2005-07-04,1766.0,Producing,104.5,4.7,96.2,29.2,336915.0,311.0,684415.0
AB-101875,Whitecap Resources,Athabasca,Oil,McMurray,56.1904,-110.7713,2011-12-06,2012-04-11,2254.8,Producing,54.1,3.9,71.4,27.15,273344.0,16.0,148396.0
AB-101876,Imperial Oil,Grande Prairie,Heavy Oil,Cardium,55.5288,-118.7121,2016-06-19,2016-08-11,1178.2,Producing,17.1,2.3,,13.13,37948.0,18.0,93737.0
AB-101877,Suncor Energy,Lloydminster,Oil Sands,Viking,53.2816,-109.5632,2014-04-06,2014-07-12,2424.4,Abandoned,863.8,0.0,,36.4,2788135.0,8.0,4997131.0
AB-101878,MEG Energy,Grande Prairie,Oil Sands,Viking,54.9042,-119.1366,2001-02-23,2001-05-06,1633.0,Producing,48.7,0.9,50.3,34.51,252504.0,90.0,418761.0
AB-101879,Whitecap Resources,Grande Prairie,Oil,Duvernay,55.3959,-119.375,2022-07-09,2022-12-21,2302.9,Abandoned,28.0,0.0,25.4,1.2,28990.0,33.0,37645.0
AB-101880,Canadian Natural Resources,Peace River,Oil Sands,McMurray,56.9296,-116.9799,2011-03-04,2011-07-27,1929.1,Producing,99.2,2.3,,9.01,223133.0,64.0,653154.0
AB-101881,Baytex Energy,Peace River,Gas,Montney,56.8944,-117.3594,2001-06-02,2001-08-31,2077.4,Suspended,75.5,0.0,98.0,37.97,1152.0,15553.0,2062.0
AB-101882,Canadian Natural Resources,Grande Prairie,Gas,Clearwater,55.4484,-119.0857,2003-03-05,2003-05-12,1704.6,Producing,161.0,0.8,98.0,26.42,4591.0,2407.0,8667.0
AB-101883,MEG Energy,Medicine Hat,Oil,Viking,49.9303,-110.5974,2001-08-15,2001-12-22,1918.6,Orphan,40.6,0.0,67.2,39.27,313075.0,141.0,699841.0
AB-101884,Baytex Energy,Lloydminster,Oil,Montney,53.1801,-109.7369,2006-02-27,2006-06-01,,Producing,191.0,5.2,,26.07,786249.0,50.0,1339480.0
AB-101885,Crescent Point Energy,Lloydminster,Heavy Oil,Viking,52.9742,-109.8831,2004-01-05,2004-04-30,2653.0,Abandoned,51.9,0.0,86.9,17.29,339466.0,22.0,762791.0
AB-101886,MEG Energy,Peace River,Oil,Montney,56.3603,-116.8288,2020-02-01,2020-05-19,2934.1,Producing,61.5,25.5,59.7,20.85,77546.0,1249.0,105342.0
AB-101887,MEG Energy,Grande Prairie,Heavy Oil,Colorado Group,55.5677,-119.4575,2019-02-26,2019-03-17,2414.9,Producing,16.2,1.4,41.8,18.83,22474.0,533.0,21607.0
AB-101888,Cenovus Energy,Grande Prairie,Oil,McMurray,54.989,-118.848,2005-07-11,2005-09-14,2419.5,Producing,44.3,0.0,73.3,10.44,208790.0,19.0,476504.0
AB-101889,Obsidian Energy,Medicine Hat,Oil,Clearwater,50.1038,-111.025,2020-09-17,2021-02-18,1371.2,Suspended,10.0,0.0,51.4,38.28,14602.0,145.0,11651.0
AB-101890,Athabasca Oil Corp,Medicine Hat,Oil Sands,Montney,50.3341,-110.4705,2022-07-14,2022-10-11,1249.7,Producing,100.1,29.0,36.2,9.83,62475.0,79.0,45148.0
AB-101891,Athabasca Oil Corp,Cold Lake,Oil,Colorado Group,54.5803,-110.1588,2021-06-15,2021-07-26,1507.8,Suspended,203.0,0.0,54.0,30.54,255471.0,375.0,523945.0
AB-101892,Suncor Energy,Athabasca,Heavy Oil,Cardium,57.2498,-111.689,2018-10-12,2018-12-29,1416.6,Producing,33.2,3.1,44.9,13.79,69422.0,20.0,187969.0
AB-101893,Whitecap Resources,Grande Prairie,Gas,McMurray,55.5927,-119.3126,2006-08-04,2006-11-21,1474.5,Producing,15.8,0.0,98.0,35.93,3131.0,535.0,2367.0
AB-101894,Baytex Energy,Medicine Hat,Gas,Clearwater,50.1773,-110.5231,2021-09-25,2021-11-10,1700.2,Producing,106.4,43.6,27.2,34.35,621.0,96.0,1517.0
AB-101895,Crescent Point Energy,Cold Lake,Oil,Colorado Group,54.5306,-110.1861,2013-08-06,2014-01-13,2726.4,Producing,62.5,1.3,40.3,26.54,140175.0,946.0,61118.0
AB-101896,Whitecap Resources,Athabasca,Oil,Clearwater,57.3242,-111.2184,2014-09-25,2015-02-08,404.6,Suspended,68.5,0.0,65.9,1.44,150004.0,2789.0,209318.0
AB-101897,Suncor Energy,Athabasca,Oil,Clearwater,56.4817,-110.7091,2020-07-12,2020-11-27,847.4,Producing,273.8,107.7,22.4,36.6,310222.0,9.0,483544.0
AB-101898,MEG Energy,Peace River,Oil,Clearwater,56.64,-117.2982,1999-01-05,1999-06-20,1442.4,Producing,59.4,0.0,96.4,38.09,241740.0,13.0,251801.0
AB-101899,,Grande Prairie,Oil,Clearwater,55.2801,-118.8483,2022-04-08,2022-08-09,1271.5,Suspended,18.2,0.0,22.5,8.95,23051.0,40.0,56315.0
AB-101900,Crescent Point Energy,Lloydminster,Oil,McMurray,52.9499,-109.6651,1998-07-20,1998-10-12,587.7,Producing,43.7,0.2,63.5,6.62,324297.0,272.0,191284.0
AB-101901,Imperial Oil,Peace River,Oil,Montney,56.7679,-117.1356,2019-03-02,2019-05-28,2531.2,Producing,131.0,18.3,22.3,38.91,266618.0,104.0,437428.0
AB-101902,Suncor Energy,Grande Prairie,Oil,Montney,55.2119,-118.8196,2022-09-20,2023-02-26,836.9,Producing,15.2,10.5,45.2,1.31,10399.0,1382.0,6183.0
AB-101903,Baytex Energy,Athabasca,Oil,McMurray,58.1757,-111.0358,2014-07-02,2014-07-27,1767.7,Suspended,214.8,0.0,43.6,8.22,561798.0,257.0,1663022.0
AB-101904,Baytex Energy,Athabasca,Gas,Bakken,57.8652,-111.6636,2003-07-05,2003-10-23,1458.6,Abandoned,291.5,0.0,,30.95,1185.0,3176.0,3073.0
AB-101905,MEG Energy,Cold Lake,Oil,Viking,54.7388,-109.8898,2013-05-10,2013-09-10,914.4,Producing,158.3,2.6,95.0,26.1,521224.0,253.0,1493372.0
AB-101906,Canadian Natural Resources,Cold Lake,Oil Sands,Bakken,54.1291,-110.1074,2011-07-20,2011-12-16,1631.1,Suspended,41.3,0.0,23.7,10.96,147505.0,66.0,247195.0
AB-101907,Canadian Natural Resources,Medicine Hat,Oil,Cardium,49.873,-110.4535,2003-04-14,2003-09-13,442.2,Producing,29.9,0.0,62.4,11.18,138598.0,81.0,210246.0
AB-101908,MEG Energy,Medicine Hat,Gas,Bakken,50.2162,-110.7374,2016-10-15,2017-01-10,2584.6,Producing,63.8,3.7,30.8,1.04,638.0,121171.0,1081.0
AB-101909,Suncor Energy,Grande Prairie,Oil,Clearwater,54.8863,-118.5301,1999-07-19,1999-12-14,855.8,Suspended,19.8,0.0,98.0,3.57,123641.0,428.0,78953.0
AB-101910,Cenovus Energy,Grande Prairie,Oil Sands,Cardium,55.1108,-119.3247,2004-07-23,2004-09-25,364.4,Producing,81.8,1.4,,17.19,538616.0,1079.0,478478.0
AB-101911,Canadian Natural Resources,Peace River,Gas,Montney,56.7241,-117.1988,2011-06-19,2011-12-07,2321.0,Abandoned,59.3,0.0,35.6,32.2,4401.0,11144.0,6557.0
AB-101912,Athabasca Oil Corp,Grande Prairie,Heavy Oil,McMurray,54.842,-118.8287,2023-03-17,2023-04-28,1608.0,Producing,74.4,53.2,29.4,3.52,52483.0,35.0,150577.0
AB-101913,Imperial Oil,Athabasca,Gas,Colorado Group,58.4274,-111.9403,2018-07-08,2018-09-07,2533.4,Abandoned,64.1,0.0,21.5,27.34,4631.0,9507.0,6328.0
AB-101914,Crescent Point Energy,Medicine Hat,Oil,Clearwater,49.9227,-110.9553,2018-10-09,2019-01-18,,Producing,38.3,13.1,28.2,36.31,74397.0,651.0,96884.0
AB-101915,Cenovus Energy,Peace River,Heavy Oil,Bakken,56.9671,-116.9173,2007-03-02,2007-05-03,2131.9,Producing,6.4,0.5,98.0,4.88,27975.0,869.0,59908.0
AB-101916,MEG Energy,Peace River,Gas,Montney,56.5448,-117.0912,2009-05-17,2009-11-10,831.5,Suspended,145.7,0.0,91.3,6.37,3237.0,2511.0,1383.0
AB-101917,Crescent Point Energy,Peace River,Oil,Clearwater,56.6159,-117.3674,2002-05-08,2002-08-04,2129.1,Abandoned,81.8,0.0,87.3,33.55,482318.0,2547.0,655561.0
AB-101918,Obsidian Energy,Medicine Hat,Oil Sands,Duvernay,49.8813,-111.0502,2000-05-26,2000-07-05,2031.0,Suspended,89.8,0.0,47.1,7.26,369914.0,211.0,685242.0
AB-101919,Canadian Natural Resources,Cold Lake,Heavy Oil,Bakken,54.5425,-110.0702,2005-12-26,2006-05-23,,Producing,28.7,4.8,36.6,23.93,201355.0,87.0,319666.0
AB-101920,Suncor Energy,Athabasca,Oil Sands,Duvernay,56.2216,-111.5331,2023-06-13,2023-10-08,,Producing,44.8,22.7,30.8,34.04,43670.0,188.0,89440.0
AB-101921,Athabasca Oil Corp,Lloydminster,Oil Sands,Bakken,52.9891,-109.8087,2018-01-23,2018-05-12,652.8,Producing,41.4,2.6,43.2,37.34,77857.0,38.0,226281.0
AB-101922,Obsidian Energy,Athabasca,Oil Sands,Cardium,57.4882,-111.8379,2022-05-15,2022-09-04,1887.0,Abandoned,147.0,0.0,52.4,32.48,94204.0,46.0,141432.0
AB-101923,Whitecap Resources,Lloydminster,Oil,McMurray,53.3361,-110.0666,2021-03-18,2021-05-09,2857.9,Producing,73.8,48.7,81.2,11.68,106807.0,292.0,153933.0
AB-101924,Canadian Natural Resources,Peace River,Oil Sands,Cardium,56.5637,-116.903,2014-07-23,2014-09-06,1293.3,Producing,80.4,1.8,93.6,21.3,208499.0,84.0,480640.0
AB-101925,MEG Energy,Lloydminster,Heavy Oil,Colorado Group,53.2613,-109.6732,2022-01-26,2022-05-14,1831.8,Producing,135.9,72.2,73.0,37.2,114273.0,36.0,315236.0
AB-101926,Suncor Energy,Grande Prairie,Heavy Oil,Viking,55.1519,-118.6931,2015-07-19,2015-11-24,3208.6,Producing,94.4,7.0,32.4,1.65,181088.0,4072.0,468076.0
AB-101927,Whitecap Resources,Cold Lake,Oil Sands,Cardium,54.4159,-110.2264,2009-09-26,2010-01-11,1372.9,Abandoned,70.5,0.0,84.1,9.86,286184.0,61.0,718600.0
AB-101928,Athabasca Oil Corp,Peace River,Oil Sands,McMurray,56.8655,-117.311,2005-02-05,2005-04-26,2108.8,Abandoned,37.9,0.0,,23.34,200058.0,1698.0,76039.0
AB-101929,MEG Energy,Athabasca,Oil,Duvernay,57.8126,-111.9524,2021-12-14,2022-03-10,1231.6,Suspended,60.8,0.0,38.7,14.95,64801.0,107.0,176614.0
AB-101930,Crescent Point Energy,Medicine Hat,Gas,Bakken,50.118,-110.8988,1999-01-22,1999-06-09,2692.8,Suspended,64.7,0.0,94.0,39.71,3186.0,499.0,2758.0
AB-101931,Obsidian Energy,Cold Lake,Oil Sands,Montney,54.7072,-110.0495,2004-02-08,2004-05-05,1246.9,Abandoned,41.0,0.0,84.2,25.46,304546.0,87.0,337773.0
AB-101932,Crescent Point Energy,Grande Prairie,Gas,Montney,55.1424,-118.9476,1999-01-01,1999-01-31,1523.1,Abandoned,116.6,0.0,90.3,10.49,1046.0,1862.0,491.0
AB-101933,Baytex Energy,Medicine Hat,Oil,Cardium,49.946,-110.5751,2012-08-05,2012-11-14,661.8,Producing,459.7,18.6,54.1,29.98,1005411.0,485.0,847833.0
AB-101934,Athabasca Oil Corp,Medicine Hat,Gas,Montney,49.8387,-110.8558,2008-04-10,2008-07-13,2857.2,Orphan,44.6,0.0,98.0,4.06,146.0,1550.0,238.0
AB-101935,Whitecap Resources,Medicine Hat,Oil,Montney,50.3425,-110.9217,2012-10-08,2013-02-24,467.8,Producing,81.3,0.9,50.4,10.52,316952.0,70.0,178032.0
AB-101936,Imperial Oil,Athabasca,Gas,Montney,57.7402,-110.6262,2000-03-07,2000-06-11,2215.3,Abandoned,5.8,0.0,45.4,12.56,2104.0,2545.0,4272.0
AB-101937,Whitecap Resources,Peace River,Gas,Clearwater,56.3848,-116.5845,2010-07-06,2010-10-20,2680.8,Abandoned,8.5,0.0,59.7,28.38,4717.0,4677.0,4980.0
AB-101938,Athabasca Oil Corp,Medicine Hat,Gas,Cardium,49.9761,-111.0695,2006-02-17,2006-06-25,2426.2,Producing,89.9,2.9,91.4,37.38,4632.0,103825.0,4270.0
AB-101939,Crescent Point Energy,Grande Prairie,Oil,Clearwater,55.46,-119.2467,2007-05-25,2007-10-06,1027.7,Producing,34.3,3.6,60.9,31.72,173810.0,112.0,509481.0
AB-101940,Baytex Energy,Lloydminster,Oil Sands,Montney,53.3889,-110.0461,2010-04-09,2010-09-21,1133.9,Producing,88.6,7.6,53.4,13.96,263054.0,4.0,421804.0
AB-101941,MEG Energy,Medicine Hat,Oil,Montney,49.9491,-110.8065,2017-11-14,2018-04-29,1947.7,Producing,91.7,7.8,35.9,29.35,167296.0,202.0,271372.0
AB-101942,Crescent Point Energy,Cold Lake,Gas,Cardium,54.5264,-110.2442,2019-11-23,2020-04-14,1911.7,Abandoned,31.8,0.0,49.8,27.95,2112.0,87921.0,1496.0
AB-101943,Crescent Point Energy,Grande Prairie,Oil Sands,Clearwater,54.9197,-118.9877,2012-01-22,2012-04-12,2555.2,Abandoned,50.1,0.0,82.7,37.36,174196.0,199.0,179200.0
AB-101944,Obsidian Energy,Grande Prairie,Oil,Bakken,55.505,-119.0477,2014-08-18,2014-09-08,1765.5,Producing,21.7,0.7,24.3,20.22,62241.0,743.0,96073.0
AB-101945,Whitecap Resources,Cold Lake,Oil,Cardium,54.7936,-110.2717,2022-09-07,2023-01-04,476.5,Producing,57.8,23.7,69.9,7.88,59875.0,347.0,113266.0
AB-101946,Suncor Energy,Grande Prairie,Oil,Colorado Group,55.5258,-119.2863,1998-05-05,1998-10-01,1427.1,Producing,40.2,0.1,78.4,26.52,352054.0,119.0,811915.0
AB-101947,Obsidian Energy,Cold Lake,Gas,Cardium,54.0504,-109.8585,2013-06-14,2013-10-09,925.0,Producing,39.2,5.0,42.0,38.25,4367.0,4533.0,12967.0
AB-101948,Athabasca Oil Corp,Grande Prairie,Oil,Clearwater,55.5657,-119.2296,2007-02-04,2007-04-20,1797.1,Orphan,25.9,0.0,83.3,16.68,169226.0,3.0,343006.0
AB-101949,Suncor Energy,Medicine Hat,Heavy Oil,Duvernay,49.8859,-110.6624,2006-12-14,2007-04-27,1207.1,Producing,88.1,9.0,82.8,12.0,583625.0,73.0,549777.0
AB-101950,Canadian Natural Resources,Peace River,Oil Sands,Cardium,56.8945,-116.9924,2011-12-04,2012-04-14,1320.7,Abandoned,121.8,0.0,98.0,28.44,304874.0,2111.0,92974.0
AB-101951,Athabasca Oil Corp,Grande Prairie,Oil,Viking,54.9975,-118.5365,2014-11-06,2014-12-06,2251.1,Producing,103.4,6.6,40.8,10.06,365661.0,63.0,789566.0
AB-101952,MEG Energy,Lloydminster,Heavy Oil,Montney,53.1221,-109.6025,2014-03-17,2014-08-15,3623.1,Producing,29.2,0.7,50.4,39.54,106184.0,26.0,76757.0
AB-101953,Cenovus Energy,Grande Prairie,Heavy Oil,Clearwater,55.5764,-119.0733,1998-02-07,1998-06-13,1287.5,Producing,134.0,3.2,51.8,19.03,1173422.0,161.0,1031630.0
AB-101954,Baytex Energy,Peace River,Heavy Oil,Duvernay,56.8532,-117.3699,2013-07-14,2013-12-01,1918.0,Producing,17.7,0.8,,12.98,53764.0,224.0,26130.0
AB-101955,Baytex Energy,Medicine Hat,Oil Sands,Montney,50.38,-110.9002,2007-07-03,2007-12-15,1799.3,Producing,43.9,2.7,79.9,2.66,126079.0,1935.0,363708.0
AB-101956,MEG Energy,Cold Lake,Oil,Viking,54.3844,-110.3169,2018-11-11,2019-03-17,1371.3,Abandoned,693.5,0.0,94.1,2.99,1719048.0,10857.0,579386.0
AB-101957,Athabasca Oil Corp,Cold Lake,Oil,Colorado Group,54.4635,-110.2381,2014-02-17,2014-07-04,2554.9,Producing,36.4,10.9,44.2,18.96,105510.0,2030.0,187392.0
AB-101958,Imperial Oil,Medicine Hat,Heavy Oil,Duvernay,50.4035,-110.8913,2016-10-23,2017-01-10,2566.3,Abandoned,72.1,0.0,63.3,11.37,128455.0,80.0,244938.0
AB-101959,Baytex Energy,Lloydminster,Oil Sands,Bakken,53.1739,-110.1312,1998-11-23,1999-02-14,661.6,Abandoned,33.3,0.0,81.7,31.94,236634.0,23.0,527574.0
AB-101960,Baytex Energy,Cold Lake,Gas,Colorado Group,54.7756,-110.2011,2003-03-03,2003-05-14,539.4,Producing,113.9,0.8,66.7,28.21,2162.0,2997.0,3870.0
AB-101961,Imperial Oil,Grande Prairie,Oil,Viking,55.5241,-119.0476,1998-08-23,1999-02-02,2360.3,Producing,168.9,5.1,68.5,19.6,661256.0,70.0,710912.0
AB-101962,Canadian Natural Resources,Athabasca,Oil,Montney,57.0785,-111.584,2001-10-12,2002-03-03,2093.9,Producing,92.3,0.0,91.6,26.09,399827.0,132.0,293058.0
AB-101963,Imperial Oil,Cold Lake,Oil,Cardium,54.5326,-110.4857,2021-03-18,2021-04-26,1448.1,Producing,23.2,11.9,62.5,6.57,21027.0,581.0,55444.0
AB-101964,Athabasca Oil Corp,Athabasca,Oil,Montney,56.5752,-111.4401,2014-11-12,2014-12-24,1285.4,Producing,120.0,27.2,68.6,38.9,431721.0,36.0,651200.0
AB-101965,Cenovus Energy,Medicine Hat,Gas,Viking,49.9206,-110.5731,2014-03-16,2014-05-10,1299.4,Abandoned,27.8,0.0,89.4,14.4,2756.0,13572.0,1217.0
AB-101966,Crescent Point Energy,Cold Lake,Oil Sands,Viking,54.3132,-110.0071,2012-12-04,2013-01-03,1972.3,Abandoned,182.1,0.0,52.7,33.35,848466.0,578.0,988481.0
AB-101967,MEG Energy,Lloydminster,Oil,McMurray,53.2716,-109.721,2007-10-02,2007-10-24,2360.8,Producing,58.9,0.1,98.0,11.12,366446.0,418.0,740819.0
AB-101968,Canadian Natural Resources,Cold Lake,Oil Sands,Clearwater,54.2892,-110.0283,2020-09-04,2020-09-25,1823.2,Suspended,1.2,0.0,28.8,31.78,1107.0,499.0,3294.0
AB-101969,Obsidian Energy,Medicine Hat,Oil,Bakken,49.9024,-110.5271,2002-09-13,2002-11-15,1754.9,Producing,131.2,3.3,,39.19,958814.0,316.0,831883.0
AB-101970,Athabasca Oil Corp,Lloydminster,Oil,Colorado Group,53.3339,-110.1235,2017-05-12,2017-06-18,2092.4,Producing,130.4,39.1,45.2,7.47,325054.0,1699.0,830208.0
AB-101971,Obsidian Energy,Medicine Hat,Oil,Cardium,50.4926,-111.1671,2011-02-17,2011-08-09,1857.9,Producing,38.7,0.3,48.7,5.04,107689.0,192.0,280814.0
AB-101972,Baytex Energy,Peace River,Gas,Colorado Group,56.7086,-116.5023,2004-11-10,2005-04-28,2020.8,Abandoned,51.2,0.0,36.9,3.12,2970.0,1020.0,8439.0
AB-101973,Canadian Natural Resources,Athabasca,Oil,Duvernay,56.5163,-110.9264,2012-01-09,2012-04-01,1489.7,Producing,38.2,0.3,29.4,11.75,124403.0,103.0,72219.0
AB-101974,Suncor Energy,Lloydminster,Gas,Clearwater,53.3015,-109.7913,2006-04-19,2006-09-02,2121.1,Orphan,63.5,0.0,62.6,28.47,1398.0,4570.0,2106.0
AB-101975,MEG Energy,Cold Lake,Heavy Oil,Cardium,54.6802,-109.9754,2005-05-25,2005-08-24,2637.1,Producing,126.1,0.2,71.4,30.69,401414.0,218.0,1170133.0
AB-101976,Cenovus Energy,Athabasca,Oil,Montney,56.6779,-111.3079,2004-07-13,2004-10-11,1219.1,Producing,23.1,0.0,98.0,23.05,150031.0,40.0,391170.0
AB-101977,Imperial Oil,Cold Lake,Oil,McMurray,54.5284,-110.3358,2011-08-19,2011-09-27,1952.5,Producing,35.6,0.8,89.6,24.22,180240.0,175.0,415236.0
AB-101978,MEG Energy,Athabasca,Oil,Colorado Group,58.133,-110.7309,2005-06-22,2005-10-22,1084.0,Producing,93.8,3.4,96.5,13.71,476166.0,137.0,1172092.0
AB-101979,Imperial Oil,Peace River,Gas,McMurray,56.2661,-116.6165,2003-09-27,2004-01-02,2068.1,Suspended,77.4,0.0,52.4,3.12,4473.0,16544.0,5293.0
AB-101980,Canadian Natural Resources,Lloydminster,Heavy Oil,Montney,53.2113,-110.016,2020-01-07,2020-03-15,3314.1,Producing,71.5,11.9,32.7,15.21,123265.0,579.0,102875.0
AB-101981,,Athabasca,Oil Sands,Duvernay,56.4482,-111.0723,2010-11-02,2011-03-15,2159.7,Producing,247.0,24.2,63.3,29.42,1289353.0,147.0,3121948.0
AB-101982,MEG Energy,Cold Lake,Oil,Colorado Group,54.1918,-110.1089,2002-09-22,2002-12-14,2026.6,Producing,75.1,0.0,66.8,15.29,358413.0,24.0,534778.0
AB-101983,Baytex Energy,Lloydminster,Heavy Oil,McMurray,53.1086,-110.0716,2002-11-12,2003-01-25,793.6,Orphan,22.4,0.0,57.1,11.45,136210.0,62.0,401034.0
AB-101984,MEG Energy,Grande Prairie,Heavy Oil,Bakken,55.3298,-118.8659,2002-02-04,2002-05-13,2108.6,Producing,47.7,2.7,60.1,33.69,223038.0,35.0,542138.0
AB-101985,Imperial Oil,Athabasca,Heavy Oil,Clearwater,58.0235,-110.9294,2001-01-01,2001-05-26,2391.7,Producing,73.5,0.2,59.9,22.77,445930.0,408.0,593458.0
AB-101986,Crescent Point Energy,Athabasca,Oil Sands,Duvernay,56.6392,-110.5726,2018-07-18,2018-09-23,1485.4,Abandoned,61.4,0.0,39.4,8.81,155526.0,161.0,153627.0
AB-101987,Cenovus Energy,Athabasca,Oil,Viking,56.5599,-111.532,2014-02-10,2014-07-07,3982.5,Suspended,10.7,0.0,44.3,22.43,27034.0,637.0,41812.0
AB-101988,Whitecap Resources,Peace River,Gas,Cardium,56.5122,-117.4926,2000-03-02,2000-05-02,3244.5,Producing,204.8,0.4,56.3,18.12,2575.0,2157.0,7322.0
AB-101989,Crescent Point Energy,Grande Prairie,Heavy Oil,Duvernay,55.1393,-119.4965,2023-08-09,2024-01-27,1566.4,Producing,11.1,7.0,34.0,11.27,6645.0,613.0,2049.0
AB-101990,Crescent Point Energy,Cold Lake,Oil Sands,Cardium,54.4351,-109.8719,2021-05-14,2021-08-16,2023.5,Suspended,39.5,0.0,49.5,23.88,58878.0,202.0,166000.0
AB-101991,Canadian Natural Resources,Medicine Hat,Gas,Bakken,50.3549,-110.82,2010-01-22,2010-07-01,2552.3,Producing,66.8,8.2,52.6,5.31,2755.0,133.0,3146.0
AB-101992,Cenovus Energy,Lloydminster,Heavy Oil,Colorado Group,53.3056,-109.5009,2009-12-19,2010-03-25,2408.5,Producing,63.9,16.9,,21.46,287994.0,28.0,653116.0
AB-101993,Obsidian Energy,Peace River,Heavy Oil,Cardium,56.0527,-117.3771,2012-07-05,2012-12-26,525.7,Producing,81.8,16.3,32.0,33.62,184943.0,639.0,220166.0
AB-101994,Cenovus Energy,Cold Lake,Heavy Oil,Duvernay,54.4508,-110.4683,2013-10-09,2014-01-25,1770.2,Producing,73.6,5.3,49.2,32.3,258893.0,130.0,477663.0
AB-101995,Imperial Oil,Peace River,Oil Sands,Duvernay,56.2847,-116.8435,2015-05-12,2015-10-22,2206.7,Producing,250.4,32.2,36.1,25.1,899288.0,153.0,1299940.0
AB-101996,Cenovus Energy,Peace River,Heavy Oil,Cardium,56.161,-117.0418,2021-11-24,2022-02-09,886.1,Abandoned,47.5,0.0,31.6,1.07,69588.0,82.0,35684.0
AB-101997,,Medicine Hat,Heavy Oil,Clearwater,49.9676,-110.5631,2015-06-26,2015-10-18,2283.4,Abandoned,126.9,0.0,81.5,8.66,262547.0,129.0,438899.0
AB-101998,MEG Energy,Peace River,Oil Sands,Montney,56.3868,-116.8759,2000-08-04,2001-01-18,1220.1,Producing,70.8,0.1,,36.81,629423.0,123.0,924157.0
AB-101999,Crescent Point Energy,Cold Lake,Oil,McMurray,54.2565,-110.3761,2005-10-18,2006-01-04,1178.0,Suspended,31.4,0.0,92.4,24.61,183626.0,605.0,152671.0
AB-102000,Obsidian Energy,Lloydminster,Oil Sands,Montney,53.3334,-110.1092,2019-07-07,2019-10-16,1963.0,Orphan,32.3,0.0,40.5,15.61,42245.0,183.0,19251.0
AB-102001,Imperial Oil,Lloydminster,Gas,Duvernay,53.0857,-109.6168,2015-04-06,2015-07-16,2147.8,Producing,41.9,5.6,37.7,27.05,3728.0,6010.0,1635.0
AB-102002,Whitecap Resources,Peace River,Oil Sands,Colorado Group,56.3742,-116.8006,2000-02-16,2000-07-19,1353.6,Suspended,26.9,0.0,68.1,38.61,145906.0,43.0,240265.0
AB-102003,Athabasca Oil Corp,Medicine Hat,Oil,Clearwater,50.3308,-110.823,2019-06-15,2019-07-12,1658.7,Producing,116.7,47.8,75.0,26.68,267141.0,68.0,367829.0
AB-102004,Baytex Energy,Medicine Hat,Gas,Colorado Group,49.9482,-110.6909,2003-06-02,2003-09-19,2123.6,Producing,9.0,0.0,62.4,15.42,437.0,936.0,167.0
AB-102005,Suncor Energy,Cold Lake,Heavy Oil,Clearwater,54.681,-109.8181,2011-07-09,2011-07-30,2749.6,Producing,124.4,1.6,38.6,22.25,282672.0,298.0,196271.0
AB-102006,Baytex Energy,Peace River,Gas,Cardium,56.1973,-117.2565,2021-07-08,2021-09-22,2241.5,Suspended,115.2,0.0,42.6,8.73,3926.0,10326.0,3602.0
AB-102007,Athabasca Oil Corp,Grande Prairie,Heavy Oil,Duvernay,55.5944,-119.0524,2006-08-15,2006-09-17,1482.2,Abandoned,33.0,0.0,64.4,3.39,98172.0,117.0,277432.0
AB-102008,Imperial Oil,Cold Lake,Gas,Duvernay,54.0198,-110.4044,2002-02-16,2002-04-13,1963.8,Producing,120.8,0.1,68.1,5.5,1126.0,1136.0,3024.0
AB-102009,Cenovus Energy,Cold Lake,Oil Sands,Colorado Group,54.6684,-110.2205,1998-10-24,1999-01-11,1776.2,Producing,27.4,2.6,,19.35,215801.0,645.0,441451.0
AB-102010,Cenovus Energy,Athabasca,Oil,Cardium,57.9407,-110.7643,2012-04-04,2012-06-11,2190.5,Producing,81.2,4.0,34.5,36.32,353969.0,124.0,138880.0
AB-102011,Athabasca Oil Corp,Medicine Hat,Oil Sands,Duvernay,50.4551,-110.4935,2010-11-25,2011-02-14,2253.9,Abandoned,16.1,0.0,98.0,31.07,72185.0,378.0,136953.0
AB-102012,Athabasca Oil Corp,Athabasca,Heavy Oil,Cardium,56.934,-111.8295,2016-08-12,2016-10-08,3275.0,Producing,17.6,1.2,60.2,25.16,35555.0,455.0,91224.0
AB-102013,Imperial Oil,Grande Prairie,Gas,Bakken,55.5537,-118.5519,2003-06-20,2003-09-09,,Producing,116.1,0.1,80.2,36.61,3330.0,12572.0,2195.0
AB-102014,Crescent Point Energy,Athabasca,Oil Sands,Cardium,58.2464,-111.5802,2002-11-17,2003-04-20,2761.0,Producing,94.4,0.1,81.3,29.28,679719.0,4686.0,1331424.0
AB-102015,Suncor Energy,Athabasca,Heavy Oil,Bakken,56.9355,-111.7042,2017-05-13,2017-10-01,2553.6,Orphan,170.3,0.0,19.2,29.42,302001.0,239.0,850606.0
AB-102016,Imperial Oil,Athabasca,Gas,Duvernay,57.1749,-111.5338,2007-04-10,2007-05-02,1421.3,Producing,48.4,1.4,38.8,6.27,2180.0,4510.0,6451.0
AB-102017,Crescent Point Energy,Peace River,Gas,Duvernay,56.3551,-116.6841,2002-07-08,2002-10-08,2114.9,Producing,39.9,0.4,55.3,28.02,3117.0,1986.0,6039.0
AB-102018,Baytex Energy,Peace River,Oil,Bakken,56.0792,-116.825,2015-03-25,2015-05-13,984.0,Suspended,13.1,0.0,97.9,12.82,37029.0,1404.0,23457.0
AB-102019,MEG Energy,Athabasca,Oil Sands,Viking,56.0268,-111.7998,2010-11-05,2011-03-20,1816.8,Abandoned,10.3,0.0,,23.24,52548.0,156.0,119994.0
AB-102020,Crescent Point Energy,Athabasca,Oil Sands,Montney,56.7057,-111.4088,2018-09-08,2018-12-07,629.2,Suspended,38.7,0.0,68.1,13.86,82547.0,3530.0,194471.0
AB-102021,Cenovus Energy,Grande Prairie,Heavy Oil,Colorado Group,55.585,-119.0461,2002-03-02,2002-04-04,1629.3,Orphan,42.6,0.0,67.7,17.77,334210.0,31.0,637220.0
AB-102022,Whitecap Resources,Athabasca,Heavy Oil,Clearwater,57.548,-111.6284,2000-03-27,2000-08-23,,Orphan,54.5,0.0,78.6,2.48,330492.0,121.0,878601.0
AB-102023,Canadian Natural Resources,Lloydminster,Oil,Clearwater,53.0522,-109.6452,2016-05-24,2016-11-12,2838.8,Producing,88.3,17.8,53.5,6.87,133348.0,175.0,134352.0
AB-102024,Crescent Point Energy,Athabasca,Oil,Clearwater,56.6131,-110.5078,2022-12-17,2023-03-22,2350.0,Orphan,151.8,0.0,60.4,7.41,149110.0,494.0,174606.0
AB-102025,MEG Energy,Grande Prairie,Gas,Viking,55.3857,-118.6162,2022-12-25,2023-06-17,,Producing,19.1,13.1,17.1,35.13,1218.0,157050.0,2045.0
AB-102026,Crescent Point Energy,Medicine Hat,Oil Sands,Clearwater,50.4922,-110.4742,2013-12-20,2014-01-26,1254.7,Producing,29.0,2.4,49.2,8.63,79824.0,505.0,159355.0
AB-102027,Obsidian Energy,Grande Prairie,Oil,Clearwater,54.8638,-119.3705,1999-01-04,1999-05-08,1845.2,Producing,65.3,2.9,98.0,36.29,415878.0,1122.0,554737.0
AB-102028,Cenovus Energy,Peace River,Oil,Colorado Group,56.8477,-117.1055,2023-09-01,2023-09-26,2600.9,Abandoned,163.3,0.0,42.9,10.87,121140.0,11.0,137818.0
AB-102029,Canadian Natural Resources,Peace River,Oil,Cardium,56.6393,-117.2273,2017-05-24,2017-11-14,1062.7,Producing,187.4,20.0,51.9,38.28,576920.0,41.0,1168585.0
AB-102030,Obsidian Energy,Cold Lake,Oil,Viking,54.762,-110.0869,2011-05-11,2011-06-26,668.0,Producing,310.2,21.9,98.0,31.47,995302.0,121.0,860606.0
AB-102031,Obsidian Energy,Lloydminster,Gas,Bakken,53.0072,-109.9535,1998-05-05,1998-07-24,1824.8,Suspended,126.5,0.0,67.3,6.28,4471.0,37057.0,1854.0
AB-102032,Crescent Point Energy,Peace River,Gas,Bakken,56.3476,-116.628,2021-06-27,2021-08-28,2229.6,Producing,49.5,9.1,74.8,10.95,3376.0,14393.0,2886.0
AB-102033,MEG Energy,Cold Lake,Gas,McMurray,54.6459,-110.3309,2007-10-10,2008-03-13,,Suspended,47.9,0.0,74.5,10.0,1503.0,1150.0,961.0
AB-102034,MEG Energy,Athabasca,Gas,Clearwater,56.9653,-111.8597,2010-09-09,2010-12-01,3252.8,Producing,112.7,0.8,98.0,7.89,1396.0,2305.0,2482.0
AB-102035,Canadian Natural Resources,Lloydminster,Oil Sands,Viking,53.3179,-109.8722,2018-01-01,2018-06-17,2908.6,Producing,36.9,2.7,25.8,26.6,86121.0,2.0,126520.0
AB-102036,Baytex Energy,Grande Prairie,Oil Sands,Clearwater,55.4117,-118.6851,2017-09-24,2017-12-30,1983.5,Producing,135.0,45.3,45.6,39.6,282123.0,4.0,661918.0
AB-102037,Athabasca Oil Corp,Athabasca,Gas,McMurray,57.3079,-111.0728,2006-06-03,2006-07-11,2919.5,Producing,42.2,0.3,56.8,11.9,4248.0,348.0,11460.0
AB-102038,Canadian Natural Resources,Peace River,Heavy Oil,McMurray,56.3447,-116.969,1998-11-26,1998-12-12,2722.0,Producing,3.0,0.0,71.5,26.97,19558.0,88.0,27503.0
AB-102039,MEG Energy,Cold Lake,Oil,McMurray,54.3983,-110.4866,2006-12-19,2007-05-30,2471.5,Producing,122.8,2.2,83.3,23.93,741895.0,44.0,1378230.0
AB-102040,,Medicine Hat,Oil Sands,Clearwater,49.9005,-110.6214,2007-02-05,2007-06-24,1835.7,Producing,243.5,0.5,57.2,31.23,1215866.0,21.0,1007264.0
AB-102041,MEG Energy,Grande Prairie,Oil Sands,Clearwater,55.3918,-119.3599,2010-06-20,2010-10-09,2434.2,Producing,217.3,32.6,88.8,9.15,622416.0,73.0,304112.0
AB-102042,Suncor Energy,Grande Prairie,Gas,Colorado Group,54.8237,-119.4357,1998-02-19,1998-05-07,1999.2,Producing,141.1,1.2,54.1,8.2,3931.0,2914.0,10582.0
AB-102043,Canadian Natural Resources,Peace River,Gas,Cardium,56.0111,-116.8313,2007-04-24,2007-06-10,3069.8,Producing,25.6,1.9,98.0,9.67,928.0,22303.0,964.0
AB-102044,Suncor Energy,Cold Lake,Oil,Colorado Group,54.0671,-110.2799,2001-03-04,2001-06-01,2496.2,Suspended,243.8,0.0,57.2,28.1,1849693.0,328.0,2751884.0
AB-102045,Canadian Natural Resources,Grande Prairie,Heavy Oil,McMurray,55.113,-118.5207,2000-07-10,2000-10-05,2151.1,Producing,190.6,0.1,54.5,12.84,1173680.0,48.0,805081.0
AB-102046,Athabasca Oil Corp,Athabasca,Oil,Duvernay,57.8312,-110.7259,2017-10-01,2018-01-31,1293.6,Abandoned,73.8,0.0,45.7,30.76,147360.0,86.0,53858.0
AB-102047,Suncor Energy,Medicine Hat,Oil Sands,Bakken,50.1999,-111.0165,2004-06-05,2004-08-25,2174.4,Producing,319.4,0.5,98.0,5.3,1088048.0,4.0,2101733.0
AB-102048,Suncor Energy,Medicine Hat,Gas,Viking,50.2279,-110.4334,2012-09-12,2013-02-03,3574.8,Producing,154.8,3.3,62.4,2.39,55.0,1365.0,110.0
AB-102049,Whitecap Resources,Peace River,Oil Sands,Duvernay,56.3292,-117.4899,2016-10-05,2017-03-13,1696.8,Abandoned,38.7,0.0,44.0,20.34,62129.0,679.0,35219.0
AB-102050,Canadian Natural Resources,Medicine Hat,Oil,Viking,50.4268,-110.4618,2022-09-12,2023-02-08,3035.0,Producing,391.0,163.6,36.3,8.49,393434.0,199.0,148557.0
AB-102051,Canadian Natural Resources,Cold Lake,Oil,Viking,54.3449,-109.9767,2019-01-12,2019-02-20,1593.3,Producing,25.2,6.5,52.2,1.4,61851.0,215.0,112201.0
AB-102052,Cenovus Energy,Cold Lake,Oil Sands,Colorado Group,54.3217,-110.4147,1998-07-16,1998-11-04,2197.8,Producing,44.9,1.8,77.3,11.49,395037.0,92.0,616227.0
AB-102053,Whitecap Resources,Medicine Hat,Heavy Oil,Colorado Group,50.2049,-110.532,2021-08-23,2021-10-09,2359.2,Abandoned,27.6,0.0,71.0,34.17,30961.0,31.0,53044.0
AB-102054,Canadian Natural Resources,Grande Prairie,Gas,Colorado Group,54.8451,-118.5244,2001-10-24,2002-01-12,2165.5,Suspended,28.3,0.0,66.3,10.07,2431.0,1520.0,3258.0
AB-102055,Athabasca Oil Corp,Athabasca,Gas,Viking,56.5004,-111.5385,2020-09-10,2021-03-02,1252.3,Abandoned,33.4,0.0,44.5,24.08,1887.0,12636.0,1963.0
AB-102056,Athabasca Oil Corp,Cold Lake,Oil Sands,McMurray,54.1169,-110.3052,2006-07-23,2006-11-05,2089.0,Orphan,151.3,0.0,80.0,31.28,543569.0,195.0,1262249.0
AB-102057,Baytex Energy,Cold Lake,Oil,McMurray,54.594,-109.9108,2017-08-05,2017-12-21,2498.5,Producing,90.5,6.0,64.3,34.6,255958.0,7.0,357797.0
AB-102058,Athabasca Oil Corp,Athabasca,Oil,Cardium,56.3634,-111.2266,2010-09-14,2011-03-08,1742.6,Producing,98.0,1.8,67.7,13.08,331726.0,331.0,157805.0
AB-102059,Obsidian Energy,Athabasca,Oil Sands,Montney,56.0096,-110.683,2014-03-08,2014-07-28,1506.5,Producing,18.1,0.9,52.7,8.35,48143.0,848.0,140721.0
AB-102060,Baytex Energy,Athabasca,Heavy Oil,Cardium,58.4092,-111.5502,2012-09-14,2013-02-11,667.2,Producing,333.4,14.3,98.0,38.46,1283975.0,22.0,2039381.0
AB-102061,MEG Energy,Athabasca,Oil,Bakken,58.4205,-110.5623,2020-06-11,2020-07-21,963.5,Abandoned,41.6,0.0,48.3,8.21,38735.0,1264.0,28557.0
AB-102062,Crescent Point Energy,Cold Lake,Oil Sands,Clearwater,54.724,-109.8636,2011-08-14,2011-09-15,2064.0,Producing,27.4,8.2,34.8,7.32,63421.0,108.0,28815.0
AB-102063,Athabasca Oil Corp,Athabasca,Gas,Clearwater,56.6942,-111.8569,2013-02-17,2013-06-01,991.0,Orphan,98.2,0.0,23.0,4.24,3734.0,39645.0,2569.0
AB-102064,Cenovus Energy,Grande Prairie,Gas,Bakken,55.5109,-118.9556,2004-07-06,2004-10-23,839.9,Orphan,37.1,0.0,47.5,30.77,380.0,5325.0,688.0
AB-102065,Imperial Oil,Athabasca,Heavy Oil,McMurray,57.991,-111.5976,2006-01-26,2006-07-05,1033.7,Suspended,16.1,0.0,55.0,5.97,95235.0,117.0,113830.0
AB-102066,MEG Energy,Grande Prairie,Gas,Clearwater,55.2027,-119.1328,2019-12-04,2020-05-18,2371.8,Producing,28.5,10.7,61.4,3.3,4620.0,1841.0,10928.0
AB-102067,Suncor Energy,Lloydminster,Oil Sands,Clearwater,53.1239,-110.0084,2018-12-21,2019-02-17,2564.7,Producing,128.1,11.7,28.6,18.65,160390.0,370.0,205548.0
AB-102068,Whitecap Resources,Peace River,Heavy Oil,Bakken,56.6989,-116.6362,2005-09-25,2006-03-18,2410.7,Suspended,94.4,0.0,91.0,25.8,476668.0,83.0,679984.0
AB-102069,Crescent Point Energy,Grande Prairie,Oil,Colorado Group,55.3992,-118.71,2011-11-02,2012-02-20,1052.5,Producing,133.6,24.1,41.5,2.91,349933.0,29.0,230409.0
AB-102070,Baytex Energy,Grande Prairie,Gas,Clearwater,55.239,-119.1727,2001-08-24,2001-12-14,1921.4,Producing,210.2,2.5,,17.08,2108.0,4912.0,5457.0
AB-102071,Suncor Energy,Peace River,Gas,Colorado Group,56.6915,-117.4686,2007-01-08,2007-06-19,997.0,Producing,29.6,0.1,52.2,1.58,3474.0,941.0,3847.0
AB-102072,Imperial Oil,Athabasca,Heavy Oil,Clearwater,56.6945,-111.7219,2016-10-27,2017-01-16,,Producing,8.7,1.1,63.7,18.99,20873.0,1202.0,56210.0
AB-102073,Whitecap Resources,Medicine Hat,Oil,Montney,50.191,-111.0152,2002-04-26,2002-09-06,1935.8,Suspended,62.0,0.0,83.0,2.26,253171.0,227.0,570264.0
AB-102074,Athabasca Oil Corp,Lloydminster,Oil Sands,Bakken,53.2529,-109.6724,2010-08-11,2011-01-01,2125.6,Producing,159.2,1.2,62.4,39.48,453687.0,300.0,155478.0
AB-102075,Cenovus Energy,Medicine Hat,Oil,Viking,50.4474,-110.7986,2002-02-22,2002-04-21,2516.4,Suspended,45.0,0.0,59.0,13.96,248512.0,23.0,141541.0
AB-102076,MEG Energy,Medicine Hat,Heavy Oil,McMurray,50.3535,-110.9105,2013-10-23,2014-02-25,1402.7,Producing,169.1,3.7,46.0,30.65,314447.0,29.0,288148.0
AB-102077,Athabasca Oil Corp,Cold Lake,Heavy Oil,Bakken,54.085,-110.0917,2003-02-23,2003-04-18,1280.6,Orphan,548.8,0.0,43.5,33.47,2292762.0,1230.0,1733346.0
AB-102078,Athabasca Oil Corp,Peace River,Gas,Viking,56.0936,-116.9088,2014-10-19,2015-03-15,1965.4,Producing,168.8,11.1,82.4,7.91,4083.0,17649.0,8538.0
AB-102079,Imperial Oil,Lloydminster,Gas,Duvernay,53.2842,-109.7498,2009-11-24,2010-01-05,1329.7,Producing,94.0,2.1,78.2,1.61,3659.0,7504.0,7307.0
AB-102080,Athabasca Oil Corp,Lloydminster,Gas,Bakken,52.9711,-109.8724,2000-11-02,2001-03-14,1980.4,Producing,12.5,0.3,70.9,28.18,2528.0,6536.0,5945.0
AB-102081,Canadian Natural Resources,Peace River,Gas,Colorado Group,56.2877,-116.9112,2021-02-11,2021-04-02,2304.3,Producing,45.1,10.5,,35.09,904.0,12201.0,1299.0
AB-102082,Canadian Natural Resources,Athabasca,Oil Sands,Clearwater,57.2432,-111.8672,2020-03-24,2020-05-01,1240.3,Suspended,64.3,0.0,23.3,6.9,114570.0,81.0,59219.0
AB-102083,Athabasca Oil Corp,Athabasca,Oil,McMurray,57.417,-111.9973,2022-06-06,2022-06-25,2383.0,Producing,261.0,186.8,18.8,23.15,246839.0,96.0,461500.0
AB-102084,Suncor Energy,Peace River,Oil,McMurray,56.4113,-117.3817,2022-04-22,2022-09-21,2328.1,Producing,40.2,17.0,16.2,14.06,44724.0,552.0,129009.0
AB-102085,Suncor Energy,Peace River,Oil,Viking,56.637,-117.4465,2004-02-13,2004-06-07,858.1,Abandoned,166.7,0.0,56.4,35.92,845777.0,472.0,2210394.0
AB-102086,Cenovus Energy,Cold Lake,Oil,Viking,54.4632,-110.3986,2001-02-21,2001-07-20,1572.3,Producing,15.2,0.1,97.4,21.63,102959.0,122.0,185361.0
AB-102087,Baytex Energy,Grande Prairie,Gas,Montney,55.1427,-118.5121,2000-03-12,2000-06-24,2205.6,Suspended,65.1,0.0,66.9,5.91,1773.0,2654.0,4991.0
AB-102088,Obsidian Energy,Grande Prairie,Oil Sands,Viking,55.3923,-118.7952,2006-09-02,2006-09-23,2576.7,Producing,6.9,0.0,45.3,39.53,29831.0,46.0,16387.0
AB-102089,Crescent Point Energy,Athabasca,Gas,Montney,57.5193,-111.9435,2003-06-26,2003-12-07,2678.6,Producing,62.7,0.1,87.4,25.28,3708.0,12128.0,6707.0
AB-102090,Canadian Natural Resources,Peace River,Heavy Oil,Montney,56.6445,-117.3173,2019-01-06,2019-03-13,2636.5,Abandoned,102.9,0.0,49.8,23.16,259722.0,131.0,772409.0
AB-102091,Canadian Natural Resources,Lloydminster,Oil,Viking,52.8693,-109.6131,2002-10-21,2003-03-18,2518.2,Producing,40.4,0.0,97.5,25.99,171953.0,225.0,232645.0
AB-102092,Crescent Point Energy,Athabasca,Heavy Oil,Cardium,56.9533,-111.5099,1998-11-02,1998-12-29,733.8,Suspended,80.8,0.0,98.0,3.55,688384.0,16.0,1447558.0
AB-102093,Canadian Natural Resources,Peace River,Oil Sands,Montney,56.4349,-116.8356,2001-12-08,2002-01-11,2120.7,Producing,138.9,0.2,46.3,20.52,1024883.0,152.0,1894380.0
AB-102094,Suncor Energy,Medicine Hat,Heavy Oil,Colorado Group,50.1376,-110.7084,2021-08-24,2021-10-27,,Producing,220.8,107.5,27.0,34.24,194332.0,91.0,202335.0
AB-102095,Crescent Point Energy,Peace River,Heavy Oil,Clearwater,56.8876,-116.7371,2017-09-06,2017-10-13,537.9,Producing,231.2,32.7,43.5,24.84,333726.0,3683.0,966095.0
AB-102096,Suncor Energy,Athabasca,Gas,Viking,56.3971,-111.74,2006-03-10,2006-07-19,1637.6,Producing,49.0,1.0,46.3,5.56,3080.0,1807.0,2317.0
AB-102097,MEG Energy,Grande Prairie,Heavy Oil,Clearwater,55.0885,-119.2557,2012-02-14,2012-06-22,1421.1,Producing,38.8,7.9,65.2,16.17,100430.0,854.0,41245.0
AB-102098,Crescent Point Energy,Peace River,Oil,Duvernay,56.3945,-117.3628,2006-05-01,2006-07-10,326.7,Abandoned,21.1,0.0,63.3,2.44,110078.0,59.0,329739.0
AB-102099,MEG Energy,Cold Lake,Oil Sands,Viking,54.7891,-110.1318,2008-09-13,2008-12-22,2006.2,Producing,150.0,2.5,63.4,2.73,709000.0,353.0,1652203.0
AB-102100,Baytex Energy,Medicine Hat,Gas,Clearwater,49.9547,-110.5071,2021-09-24,2022-02-01,1596.9,Producing,33.9,13.4,20.0,30.35,114.0,359.0,236.0
AB-102101,Canadian Natural Resources,Peace River,Gas,Duvernay,56.0792,-116.9436,2011-10-15,2012-01-08,2375.3,Orphan,22.1,0.0,40.0,17.98,1353.0,4918.0,2536.0
AB-102102,,Grande Prairie,Heavy Oil,Montney,55.2583,-118.6286,2009-04-18,2009-06-13,300.0,Producing,41.4,5.0,56.2,4.28,180392.0,767.0,151274.0
AB-102103,Whitecap Resources,Medicine Hat,Oil,Cardium,50.2235,-110.7134,1999-09-17,2000-03-03,2289.5,Producing,97.3,2.9,53.3,15.94,532154.0,188.0,654211.0
AB-102104,Obsidian Energy,Cold Lake,Oil,Clearwater,54.1081,-110.1814,2020-10-05,2021-01-19,2061.5,Producing,32.8,6.3,50.6,37.24,52703.0,107.0,28694.0
AB-102105,MEG Energy,Cold Lake,Heavy Oil,McMurray,54.162,-110.2183,1998-12-08,1999-02-20,2153.4,Producing,210.6,8.3,92.9,11.31,1060181.0,85.0,1520378.0
AB-102106,Canadian Natural Resources,Medicine Hat,Gas,Bakken,50.1207,-111.177,2019-12-11,2020-04-15,2836.4,Producing,77.6,27.1,86.8,4.75,1412.0,12733.0,4079.0
AB-102107,Whitecap Resources,Grande Prairie,Gas,Clearwater,55.4918,-119.3644,2018-11-16,2019-02-03,1493.4,Producing,67.1,19.5,63.7,11.19,2744.0,5802.0,7795.0
AB-102108,Cenovus Energy,Grande Prairie,Gas,Duvernay,54.9041,-119.0068,2011-08-06,2011-12-08,2016.6,Producing,49.0,4.2,47.8,12.37,4350.0,1989.0,3508.0
AB-102109,Baytex Energy,Peace River,Oil,Viking,56.8264,-116.6473,2017-03-15,2017-04-04,2205.3,Producing,72.7,3.3,26.6,30.46,109300.0,115.0,76946.0
AB-102110,Cenovus Energy,Cold Lake,Oil,McMurray,54.6801,-110.3457,2006-06-17,2006-11-20,1940.8,Abandoned,22.8,0.0,69.9,32.84,137685.0,34.0,408676.0
AB-102111,Baytex Energy,Cold Lake,Oil Sands,Cardium,54.6372,-109.842,2018-10-21,2019-04-18,1910.2,Producing,147.9,82.4,24.7,11.52,341550.0,184.0,461543.0
AB-102112,Whitecap Resources,Peace River,Oil Sands,Bakken,56.289,-117.1038,2014-11-25,2015-05-09,1629.3,Producing,34.8,3.5,36.0,19.03,83387.0,23.0,197718.0
AB-102113,Canadian Natural Resources,Athabasca,Gas,Viking,57.6729,-111.0037,2015-06-26,2015-12-03,1967.3,Abandoned,43.6,0.0,24.0,31.48,112.0,147.0,283.0
AB-102114,Suncor Energy,Cold Lake,Oil Sands,Montney,54.494,-109.9275,2020-03-07,2020-06-30,1441.0,Abandoned,80.3,0.0,67.7,23.76,125034.0,130.0,219214.0
AB-102115,MEG Energy,Peace River,Gas,Clearwater,56.376,-117.0033,2018-01-21,2018-03-16,1020.6,Producing,81.1,18.8,94.3,20.67,2161.0,5111.0,2180.0
AB-102116,,Cold Lake,Oil Sands,Cardium,54.7854,-109.9291,2014-12-26,2015-02-27,2793.2,Producing,31.0,2.0,76.4,14.23,90473.0,61.0,240347.0
AB-102117,Athabasca Oil Corp,Medicine Hat,Oil,Duvernay,50.0856,-110.522,1998-05-24,1998-09-29,1986.5,Producing,49.9,3.0,59.8,39.94,278116.0,1302.0,763081.0
AB-102118,Suncor Energy,Peace River,Oil,Montney,56.5527,-116.9391,2001-03-27,2001-04-20,1728.5,Orphan,67.6,0.0,98.0,22.21,261431.0,159.0,299308.0
AB-102119,Obsidian Energy,Athabasca,Oil Sands,Viking,56.9658,-111.363,2016-02-27,2016-04-30,2677.1,Producing,41.9,15.9,54.1,34.73,107242.0,441.0,148057.0
AB-102120,Canadian Natural Resources,Medicine Hat,Oil,Cardium,50.4757,-110.8993,2021-11-03,2022-01-08,2331.9,Producing,89.9,53.3,55.7,27.19,63780.0,45.0,73527.0
AB-102121,Baytex Energy,Grande Prairie,Oil Sands,Bakken,55.2856,-118.8169,2013-07-13,2013-08-08,1728.5,Producing,80.7,6.5,50.4,4.69,347543.0,46.0,378672.0
AB-102122,Imperial Oil,Peace River,Oil Sands,Colorado Group,56.3785,-116.9024,2006-08-26,2006-10-19,2249.9,Producing,165.3,1.7,98.0,4.37,1118909.0,808.0,2184162.0
AB-102123,Suncor Energy,Athabasca,Oil,Duvernay,57.9733,-111.8439,2023-12-12,2024-01-30,2169.6,Abandoned,208.7,0.0,71.6,36.76,76740.0,10988.0,34105.0
AB-102124,Cenovus Energy,Athabasca,Oil Sands,Colorado Group,57.0206,-110.5032,2006-05-10,2006-10-30,1954.2,Abandoned,226.3,0.0,,12.42,1245761.0,33.0,2353042.0
AB-102125,MEG Energy,Peace River,Oil,Cardium,56.7148,-116.6737,2014-09-27,2015-01-13,2277.4,Producing,68.9,15.8,27.8,36.24,144383.0,308.0,235875.0
AB-102126,Whitecap Resources,Peace River,Gas,Viking,56.9322,-117.1,2019-08-17,2020-01-20,1266.9,Abandoned,80.8,0.0,48.0,9.92,2405.0,3393.0,3020.0
AB-102127,Athabasca Oil Corp,Cold Lake,Oil Sands,Viking,54.6255,-109.8079,2007-04-13,2007-10-05,1505.9,Orphan,209.3,0.0,69.5,36.59,957145.0,471.0,703388.0
AB-102128,Crescent Point Energy,Lloydminster,Oil Sands,Cardium,52.8298,-109.9331,2013-07-13,2013-09-21,2622.4,Producing,102.6,3.9,98.0,3.97,335736.0,450.0,488975.0
AB-102129,Imperial Oil,Medicine Hat,Oil,Clearwater,50.3074,-110.9114,2000-05-11,2000-10-29,703.9,Producing,173.2,0.0,50.4,9.63,1448753.0,135.0,1581008.0
AB-102130,Cenovus Energy,Medicine Hat,Oil,Colorado Group,50.1397,-110.9458,2010-07-12,2010-09-18,912.6,Producing,33.2,3.3,78.3,25.1,88473.0,2812.0,81282.0
AB-102131,Suncor Energy,Medicine Hat,Gas,Clearwater,49.9848,-110.7665,2002-10-15,2002-11-01,2133.7,Producing,97.9,0.1,98.0,22.09,4784.0,4269.0,9669.0
AB-102132,Cenovus Energy,Lloydminster,Gas,Clearwater,53.1982,-109.8912,2006-08-10,2006-12-20,1928.2,Abandoned,209.7,0.0,48.4,21.13,3982.0,6540.0,11171.0
AB-102133,Cenovus Energy,Medicine Hat,Oil Sands,Clearwater,49.931,-110.4641,2005-06-08,2005-10-27,1998.9,Producing,262.2,0.5,87.1,39.75,1340983.0,706.0,1548559.0
AB-102134,Cenovus Energy,Cold Lake,Oil Sands,McMurray,54.0366,-110.3723,2013-04-23,2013-07-07,2282.2,Producing,34.7,1.7,68.3,9.31,119083.0,631.0,276256.0
AB-102135,Baytex Energy,Athabasca,Oil Sands,Montney,56.1461,-110.8472,2009-01-07,2009-04-06,,Abandoned,21.0,0.0,44.3,3.15,104010.0,2.0,155537.0
AB-102136,Whitecap Resources,Peace River,Oil Sands,Montney,56.6171,-117.0637,2017-11-27,2018-03-12,1135.6,Producing,60.9,7.7,23.0,39.22,179158.0,144.0,179261.0
AB-102137,Obsidian Energy,Medicine Hat,Gas,Viking,50.2616,-110.8832,1998-07-20,1998-12-15,702.2,Producing,121.2,0.9,93.8,19.21,341.0,1946.0,707.0
AB-102138,Whitecap Resources,Cold Lake,Heavy Oil,Cardium,54.0939,-110.3247,2015-06-11,2015-09-19,1860.2,Producing,111.8,6.1,83.2,28.05,350209.0,3226.0,914935.0
AB-102139,MEG Energy,Athabasca,Heavy Oil,McMurray,57.3362,-111.8249,2013-09-02,2013-12-09,2725.6,Producing,29.4,10.5,49.2,22.15,85193.0,47.0,103653.0
AB-102140,MEG Energy,Cold Lake,Oil Sands,Montney,54.3839,-110.2763,2008-04-10,2008-06-03,1566.7,Orphan,51.5,0.0,,6.13,184237.0,178.0,391564.0
AB-102141,Imperial Oil,Cold Lake,Gas,Cardium,54.4611,-110.2018,2005-01-03,2005-03-29,2004.5,Producing,97.6,4.6,86.4,16.48,746.0,2893.0,593.0
AB-102142,,Lloydminster,Gas,McMurray,53.3573,-109.6272,2010-12-04,2011-05-11,2042.1,Suspended,304.6,0.0,78.3,21.8,2224.0,79825.0,3598.0
AB-102143,Baytex Energy,Grande Prairie,Heavy Oil,Clearwater,55.5346,-118.7858,2003-07-13,2003-11-07,2326.0,Orphan,18.4,0.0,80.3,7.23,109375.0,104.0,83185.0
AB-102144,Imperial Oil,Athabasca,Heavy Oil,Viking,56.5315,-110.6343,2020-03-02,2020-06-04,782.9,Producing,81.6,39.6,44.0,1.73,150679.0,12.0,102113.0
AB-102145,Athabasca Oil Corp,Medicine Hat,Gas,Bakken,50.3421,-110.9794,2013-11-19,2013-12-08,1098.2,Abandoned,90.0,0.0,41.9,3.28,1220.0,6669.0,432.0
AB-102146,Crescent Point Energy,Athabasca,Oil Sands,Montney,58.2238,-110.7836,2010-02-22,2010-05-10,1695.0,Abandoned,25.6,0.0,76.0,6.75,73958.0,67.0,197308.0
AB-102147,Suncor Energy,Lloydminster,Heavy Oil,Bakken,53.2083,-109.6603,1998-03-02,1998-05-19,1476.3,Abandoned,38.7,0.0,72.5,20.98,233570.0,586.0,679512.0
AB-102148,Suncor Energy,Grande Prairie,Oil Sands,Viking,55.5667,-119.1599,2010-09-09,2010-10-14,684.0,Abandoned,148.8,0.0,49.5,35.11,551588.0,64.0,1460637.0
AB-102149,Obsidian Energy,Athabasca,Gas,Clearwater,57.7973,-111.0705,1998-10-25,1998-11-19,1454.4,Suspended,42.1,0.0,55.0,18.1,4052.0,7023.0,7110.0
AB-102150,Baytex Energy,Lloydminster,Gas,Cardium,53.3128,-109.972,2023-08-15,2023-11-09,1515.3,Producing,201.5,84.2,18.0,6.4,1089.0,4996.0,1292.0
AB-102151,Canadian Natural Resources,Lloydminster,Oil Sands,Cardium,53.2923,-110.0163,1998-03-19,1998-08-01,2424.5,Suspended,17.8,0.0,46.2,22.73,154782.0,101.0,131625.0
AB-102152,Whitecap Resources,Athabasca,Heavy Oil,Duvernay,56.6549,-111.628,1998-12-22,1999-04-14,896.5,Producing,81.7,0.0,80.6,27.56,471842.0,281.0,598698.0
AB-102153,Imperial Oil,Lloydminster,Gas,Cardium,53.041,-109.7077,2016-02-09,2016-07-18,2103.5,Orphan,29.5,0.0,25.5,22.59,3769.0,4379.0,2407.0
AB-102154,,Medicine Hat,Oil Sands,Colorado Group,50.3447,-110.7553,2022-07-07,2022-09-05,2031.0,Producing,127.0,53.3,38.0,6.14,142404.0,257.0,400723.0
AB-102155,Imperial Oil,Athabasca,Gas,Colorado Group,57.3242,-111.9209,2022-09-01,2023-01-11,1576.9,Producing,10.4,7.8,97.6,10.87,305.0,2956.0,851.0
AB-102156,Imperial Oil,Grande Prairie,Oil,Bakken,55.2093,-118.769,2000-12-15,2001-01-28,1177.0,Abandoned,48.8,0.0,75.3,6.13,238133.0,5946.0,238445.0
AB-102157,Whitecap Resources,Medicine Hat,Oil,Montney,50.2388,-110.9083,2017-02-13,2017-07-26,915.4,Suspended,90.0,0.0,53.0,34.99,124793.0,89.0,246115.0
AB-102158,Canadian Natural Resources,Lloydminster,Oil,Duvernay,53.2758,-109.9919,2010-03-08,2010-05-02,1213.3,Producing,26.2,0.7,67.5,23.87,134948.0,1419.0,309056.0
AB-102159,Imperial Oil,Grande Prairie,Oil,Montney,55.0626,-118.9611,2016-05-10,2016-07-28,1079.8,Producing,333.5,23.7,33.7,27.0,718030.0,247.0,843381.0
AB-102160,MEG Energy,Lloydminster,Oil,Clearwater,52.948,-109.6112,2016-12-23,2017-04-10,1508.7,Suspended,55.4,0.0,53.5,1.8,147632.0,20.0,159238.0
AB-102161,Cenovus Energy,Athabasca,Gas,Colorado Group,57.204,-111.7453,2005-07-24,2005-11-03,1637.4,Producing,30.0,3.3,93.3,19.19,4364.0,122289.0,12779.0
AB-102162,Obsidian Energy,Grande Prairie,Oil Sands,Bakken,55.057,-118.9274,2005-02-13,2005-08-11,1014.7,Producing,88.3,7.8,84.8,38.8,418339.0,156.0,1237521.0
AB-102163,Crescent Point Energy,Athabasca,Oil Sands,Montney,58.1511,-111.3082,2018-03-24,2018-05-23,1026.3,Producing,31.8,13.4,65.6,20.15,42593.0,159.0,27948.0
AB-102164,Baytex Energy,Peace River,Heavy Oil,Bakken,56.6392,-116.5803,2022-08-05,2022-11-28,2665.6,Producing,309.2,94.5,,5.36,350614.0,589.0,226634.0
AB-102165,Suncor Energy,Peace River,Oil,Duvernay,56.7774,-117.2982,2006-07-13,2006-10-29,1641.2,Producing,17.1,0.0,75.6,24.86,108756.0,653.0,79093.0
AB-102166,Whitecap Resources,Lloydminster,Heavy Oil,Duvernay,53.2734,-109.7924,2005-03-02,2005-04-05,2532.1,Producing,21.7,0.4,73.5,28.87,156436.0,2030.0,122224.0
AB-102167,Suncor Energy,Grande Prairie,Oil,Cardium,55.1111,-119.3883,2014-02-13,2014-08-01,965.4,Producing,82.1,22.6,32.1,30.85,278177.0,128.0,579829.0
AB-102168,Imperial Oil,Cold Lake,Oil,Clearwater,54.2899,-110.0688,2018-07-04,2018-07-28,947.3,Producing,19.6,8.7,61.4,21.06,50125.0,605.0,47751.0
AB-102169,MEG Energy,Grande Prairie,Heavy Oil,Montney,55.3789,-119.1799,2022-12-13,2023-02-20,2743.5,Suspended,90.3,0.0,50.8,33.75,94437.0,42803.0,139511.0
AB-102170,Suncor Energy,Grande Prairie,Gas,Duvernay,54.9677,-118.5931,2000-09-22,2000-11-15,1449.3,Producing,66.4,0.1,61.4,15.27,1827.0,1735.0,739.0
AB-102171,Whitecap Resources,Athabasca,Oil,Colorado Group,56.6785,-110.8259,2007-05-14,2007-06-15,2770.1,Producing,82.0,2.1,68.4,4.42,236124.0,861.0,367435.0
AB-102172,Imperial Oil,Peace River,Oil Sands,Duvernay,56.5334,-117.0556,2014-09-21,2015-01-29,1993.9,Abandoned,110.0,0.0,53.3,32.3,294518.0,14.0,255704.0
AB-102173,Obsidian Energy,Medicine Hat,Oil Sands,McMurray,50.4127,-110.6842,2022-11-20,2023-01-06,2367.8,Suspended,79.1,0.0,27.9,39.77,75181.0,636.0,119927.0
AB-102174,Cenovus Energy,Peace River,Heavy Oil,Clearwater,56.4256,-116.9138,2007-10-18,2008-01-26,1622.4,Producing,215.2,1.5,75.6,11.97,1062075.0,54.0,1504288.0
AB-102175,Imperial Oil,Cold Lake,Oil,Montney,54.7085,-110.4046,2004-06-14,2004-08-17,1882.1,Producing,23.2,0.1,98.0,11.55,144200.0,122.0,106110.0
AB-102176,Obsidian Energy,Grande Prairie,Oil Sands,Cardium,55.2437,-119.1797,2003-02-17,2003-08-07,2214.7,Producing,29.1,0.4,,20.91,187343.0,221.0,150794.0
AB-102177,Canadian Natural Resources,Athabasca,Gas,Montney,58.3439,-111.8835,2013-03-23,2013-09-15,1767.4,Suspended,159.9,0.0,81.0,29.85,3527.0,868.0,1168.0
AB-102178,Baytex Energy,Lloydminster,Oil,Montney,53.3588,-109.5583,2014-01-07,2014-04-21,1689.7,Abandoned,64.9,0.0,39.6,15.69,273461.0,21.0,224514.0
AB-102179,Obsidian Energy,Peace River,Heavy Oil,Bakken,56.3219,-116.7947,2002-06-02,2002-07-26,1708.2,Abandoned,22.7,0.0,98.0,4.67,147647.0,54.0,407423.0
AB-102180,Suncor Energy,Lloydminster,Gas,Cardium,53.1101,-109.5478,2018-01-05,2018-06-09,2934.2,Suspended,370.8,0.0,78.2,28.83,3010.0,11191.0,1218.0
AB-102181,Suncor Energy,Grande Prairie,Heavy Oil,Clearwater,55.2314,-118.5886,2015-09-22,2016-03-10,3403.7,Producing,90.2,2.7,24.3,29.48,142735.0,157.0,188318.0
AB-102182,Canadian Natural Resources,Lloydminster,Heavy Oil,Montney,52.9484,-110.14,2015-02-09,2015-07-28,1906.0,Producing,38.4,1.3,26.5,15.72,118819.0,395.0,303948.0
AB-102183,Crescent Point Energy,Peace River,Oil,Montney,56.0329,-116.6053,2012-04-19,2012-05-06,975.7,Abandoned,261.6,0.0,60.8,26.91,52760.0,87.0,116940.0
AB-102184,Athabasca Oil Corp,Grande Prairie,Gas,Cardium,54.8846,-118.7579,2019-02-12,2019-07-26,1439.8,Producing,86.8,22.3,69.1,30.39,2998.0,356.0,1594.0
AB-102185,Baytex Energy,Peace River,Oil Sands,Bakken,56.8211,-117.2608,2001-09-26,2002-02-02,2108.7,Producing,138.6,0.1,62.7,7.45,597659.0,36.0,1469235.0
AB-102186,Suncor Energy,Medicine Hat,Oil Sands,Cardium,49.8185,-110.5733,2014-07-22,2014-08-15,743.7,Producing,118.2,31.0,47.4,39.12,429019.0,51.0,262901.0
AB-102187,Athabasca Oil Corp,Medicine Hat,Heavy Oil,Colorado Group,50.1729,-110.892,2005-06-14,2005-11-06,1744.5,Producing,126.6,0.2,45.4,16.01,811794.0,755.0,869692.0
AB-102188,Baytex Energy,Grande Prairie,Oil,Cardium,55.3073,-118.9399,2014-05-23,2014-08-10,1898.5,Producing,53.6,10.4,82.8,13.8,137816.0,1534.0,366286.0
AB-102189,Cenovus Energy,Lloydminster,Heavy Oil,Bakken,53.2444,-109.8995,2003-03-09,2003-04-07,1457.4,Producing,1007.2,7.1,71.0,38.79,4295281.0,292.0,5392525.0
AB-102190,Imperial Oil,Peace River,Oil,McMurray,56.9021,-116.7549,2013-01-21,2013-07-16,1334.6,Orphan,271.5,0.0,60.7,1.1,586632.0,4366.0,323140.0
AB-102191,Imperial Oil,Athabasca,Heavy Oil,Bakken,58.3497,-110.739,1999-05-22,1999-06-14,2089.5,Producing,99.2,0.3,72.0,6.65,835947.0,55.0,531468.0
AB-102192,Obsidian Energy,Medicine Hat,Heavy Oil,Clearwater,50.4071,-110.4408,2008-10-08,2009-02-04,1904.7,Producing,114.3,12.9,42.4,35.92,545002.0,516.0,597454.0
AB-102193,Baytex Energy,Lloydminster,Oil Sands,Viking,53.0681,-109.871,2011-07-17,2011-11-30,1898.2,Orphan,65.2,0.0,70.9,19.18,205009.0,2988.0,547340.0
AB-102194,Baytex Energy,Medicine Hat,Oil,McMurray,50.1991,-111.1826,2010-12-09,2011-06-04,1840.5,Producing,45.0,1.0,,9.4,189350.0,48.0,204562.0
AB-102195,Cenovus Energy,Medicine Hat,Heavy Oil,Duvernay,50.1902,-110.8739,2005-04-25,2005-10-09,1659.6,Producing,99.8,0.9,,19.86,623233.0,27.0,416954.0
AB-102196,Athabasca Oil Corp,Cold Lake,Oil,Viking,54.2643,-109.9866,2020-10-23,2021-03-29,1518.3,Producing,101.2,27.6,39.9,35.5,176827.0,137.0,423118.0
AB-102197,MEG Energy,Athabasca,Oil,Cardium,58.2469,-110.6488,2005-04-07,2005-05-29,1122.9,Producing,41.9,2.6,68.0,39.58,189284.0,8.0,339816.0
AB-102198,Cenovus Energy,Peace River,Gas,Bakken,56.9782,-116.8661,2008-01-20,2008-05-19,2639.7,Producing,19.7,0.0,44.8,28.76,4271.0,3577.0,8431.0
AB-102199,MEG Energy,Cold Lake,Heavy Oil,Clearwater,54.3867,-109.9337,2005-06-27,2005-11-27,372.7,Orphan,94.8,0.0,44.7,32.33,498489.0,23.0,524548.0
AB-102200,Canadian Natural Resources,Medicine Hat,Oil,Clearwater,49.8346,-110.6257,2020-12-13,2021-03-20,787.9,Abandoned,22.0,0.0,37.2,17.21,32785.0,183.0,33129.0
AB-102201,Suncor Energy,Medicine Hat,Gas,Colorado Group,50.2142,-110.4324,2009-06-21,2009-12-15,1079.1,Producing,141.6,2.2,53.7,5.41,1078.0,3540.0,1471.0
AB-102202,MEG Energy,Grande Prairie,Oil,Bakken,55.5431,-118.8132,2005-07-26,2005-10-05,2104.3,Producing,200.4,25.6,83.1,19.31,959345.0,119.0,654432.0
AB-102203,Imperial Oil,Grande Prairie,Oil Sands,Viking,55.1221,-119.1336,2017-02-24,2017-05-02,2715.3,Producing,54.3,21.5,28.0,20.31,158458.0,819.0,447095.0
AB-102204,Obsidian Energy,Medicine Hat,Heavy Oil,Viking,50.0976,-111.1789,2005-03-05,2005-07-15,1896.3,Producing,27.2,0.1,65.8,25.18,108380.0,64.0,34116.0
AB-102205,Suncor Energy,Athabasca,Gas,Viking,56.4187,-110.7739,2012-06-01,2012-11-02,2192.6,Producing,102.1,4.3,50.1,38.07,2481.0,15214.0,2675.0
AB-102206,Imperial Oil,Athabasca,Gas,Cardium,57.1935,-111.2112,2004-08-24,2004-09-08,2867.9,Producing,26.9,0.2,54.7,14.06,3253.0,25921.0,1484.0
AB-102207,MEG Energy,Athabasca,Oil Sands,McMurray,57.5303,-111.2283,2015-08-17,2015-09-11,1791.5,Suspended,15.7,0.0,93.1,17.57,41224.0,1613.0,82943.0
AB-102208,Crescent Point Energy,Grande Prairie,Oil,Duvernay,55.3461,-119.4249,2001-01-26,2001-02-25,1658.5,Producing,31.9,1.5,60.8,18.39,139347.0,7.0,387820.0
AB-102209,Imperial Oil,Cold Lake,Oil,Montney,54.4018,-109.9692,2003-08-18,2004-01-24,2562.8,Producing,49.6,0.4,47.2,38.19,341248.0,716.0,669901.0
AB-102210,Athabasca Oil Corp,Athabasca,Gas,Cardium,56.1885,-110.9037,2023-08-09,2023-12-05,1892.9,Producing,158.9,99.8,52.8,20.12,3104.0,10608.0,2808.0
AB-102211,Cenovus Energy,Athabasca,Oil,Colorado Group,56.6829,-110.6372,2012-07-24,2012-11-20,1884.1,Producing,97.2,1.5,84.8,8.99,330616.0,2815.0,736701.0
AB-102212,MEG Energy,Medicine Hat,Oil,McMurray,50.3367,-110.9227,2009-02-26,2009-04-01,2284.4,Orphan,131.4,0.0,,8.66,548587.0,50.0,821325.0
AB-102213,Suncor Energy,Cold Lake,Oil Sands,Cardium,54.2877,-110.3124,2013-08-08,2013-11-05,1794.3,Suspended,88.5,0.0,40.2,34.88,338346.0,475.0,752574.0
AB-102214,Crescent Point Energy,Cold Lake,Oil,Colorado Group,54.2867,-110.219,1999-12-05,2000-05-19,2432.5,Producing,67.7,0.1,98.0,22.26,347860.0,174.0,1027578.0
AB-102215,Athabasca Oil Corp,Athabasca,Gas,Cardium,57.1927,-110.707,1999-03-09,1999-07-17,2231.8,Suspended,314.1,0.0,64.6,20.99,2543.0,1894.0,3684.0
AB-102216,Imperial Oil,Lloydminster,Heavy Oil,Viking,53.0713,-109.5399,2011-10-20,2012-01-05,1834.4,Producing,189.8,4.1,57.1,15.98,955541.0,215.0,873816.0
AB-102217,MEG Energy,Grande Prairie,Gas,Montney,55.411,-118.6473,1999-06-08,1999-11-30,982.5,Abandoned,77.6,0.0,,36.67,1930.0,15887.0,4592.0
AB-102218,Obsidian Energy,Cold Lake,Gas,Bakken,54.6106,-110.3768,2009-01-19,2009-05-31,1075.3,Suspended,264.4,0.0,44.3,9.83,3793.0,622.0,1257.0
AB-102219,Obsidian Energy,Grande Prairie,Gas,Viking,55.3635,-118.8942,2011-04-19,2011-08-24,1626.2,Producing,90.3,21.7,55.3,1.07,2297.0,2901.0,755.0
AB-102220,Whitecap Resources,Medicine Hat,Gas,Duvernay,50.425,-110.6765,2022-06-12,2022-08-30,,Producing,16.9,7.6,,2.7,3995.0,10259.0,8496.0
AB-102221,Whitecap Resources,Medicine Hat,Gas,Cardium,50.3638,-111.0623,2021-01-14,2021-04-30,2169.1,Producing,22.2,13.3,18.1,12.37,4195.0,24372.0,10154.0
AB-102222,Suncor Energy,Athabasca,Oil Sands,Cardium,57.8736,-111.8785,2020-06-21,2020-07-10,2199.6,Producing,48.2,28.8,55.3,19.31,93566.0,41.0,125204.0
AB-102223,Athabasca Oil Corp,Grande Prairie,Oil,Cardium,54.9583,-119.2603,2010-08-07,2010-08-25,914.3,Producing,112.5,8.2,71.9,35.61,601438.0,744.0,389062.0
AB-102224,Canadian Natural Resources,Cold Lake,Gas,McMurray,54.4273,-109.8301,2006-01-09,2006-05-12,1667.6,Producing,43.0,0.1,63.0,32.63,3199.0,13951.0,4743.0
AB-102225,Athabasca Oil Corp,Medicine Hat,Oil Sands,Colorado Group,50.3199,-110.9339,2001-10-11,2002-03-02,1665.5,Orphan,58.8,0.0,97.2,31.7,436032.0,436.0,1176744.0
AB-102226,Athabasca Oil Corp,Athabasca,Oil Sands,Montney,56.742,-111.2982,2008-05-20,2008-08-10,2062.4,Producing,95.4,0.8,36.0,29.49,370614.0,204.0,584279.0
AB-102227,Cenovus Energy,Cold Lake,Oil,Viking,54.7729,-110.2267,2007-12-02,2007-12-30,2039.8,Producing,47.9,1.8,56.8,8.95,305557.0,381.0,108142.0
AB-102228,Imperial Oil,Grande Prairie,Gas,Clearwater,55.1688,-118.9634,2005-08-22,2005-09-23,1514.7,Suspended,189.6,0.0,41.0,22.14,13.0,3209.0,35.0
AB-102229,MEG Energy,Cold Lake,Oil,Montney,54.1867,-110.2421,2022-07-20,2022-11-08,723.9,Suspended,167.5,0.0,61.1,5.57,103428.0,287.0,168316.0
AB-102230,Crescent Point Energy,Grande Prairie,Oil Sands,Cardium,55.3163,-118.8752,1998-05-24,1998-07-15,2113.8,Producing,24.9,0.1,88.2,21.76,160555.0,48.0,184707.0
AB-102231,Cenovus Energy,Athabasca,Oil Sands,Bakken,58.4068,-110.9791,2009-03-08,2009-05-17,1515.3,Suspended,40.3,0.0,55.7,20.87,163324.0,117.0,442404.0
AB-102232,Athabasca Oil Corp,Grande Prairie,Gas,Colorado Group,55.0789,-119.4492,2000-11-06,2000-12-19,2506.3,Producing,90.6,2.7,98.0,34.57,3679.0,940.0,3981.0
AB-102233,Suncor Energy,Cold Lake,Oil,Clearwater,54.7606,-109.9283,2015-10-02,2016-03-09,1034.5,Suspended,27.8,0.0,83.6,4.99,72078.0,97.0,55908.0
AB-102234,Crescent Point Energy,Grande Prairie,Oil Sands,Clearwater,55.4269,-119.3853,2020-07-07,2020-10-26,1398.2,Suspended,34.4,0.0,28.7,30.5,41535.0,27.0,27679.0
AB-102235,Canadian Natural Resources,Peace River,Oil,McMurray,56.761,-117.0399,2011-05-17,2011-10-07,2190.5,Abandoned,55.6,0.0,29.2,20.17,227853.0,290.0,525129.0
AB-102236,MEG Energy,Peace River,Gas,Duvernay,56.0921,-117.4769,2020-09-01,2021-01-16,1371.1,Producing,343.1,53.2,75.2,15.87,2840.0,7982.0,1613.0
AB-102237,Obsidian Energy,Grande Prairie,Oil Sands,Bakken,55.3909,-119.2374,2001-03-13,2001-05-07,1858.2,Producing,69.9,0.0,,21.08,382919.0,329.0,119959.0
AB-102238,Athabasca Oil Corp,Grande Prairie,Gas,Duvernay,54.867,-118.572,2018-03-26,2018-04-22,775.2,Producing,12.8,5.4,73.9,16.39,4341.0,3523.0,11174.0
AB-102239,Cenovus Energy,Grande Prairie,Heavy Oil,Montney,54.9536,-119.3451,2017-03-18,2017-08-11,2178.2,Producing,23.4,2.3,66.0,11.55,39265.0,8.0,100999.0
AB-102240,Athabasca Oil Corp,Medicine Hat,Oil,Duvernay,50.1921,-110.8481,2023-07-04,2023-09-11,1427.3,Abandoned,25.3,0.0,59.9,2.04,12148.0,8707.0,33248.0
AB-102241,Canadian Natural Resources,Athabasca,Oil,Cardium,56.9295,-110.7542,2004-10-10,2004-12-07,1565.7,Producing,102.1,10.3,51.2,23.14,401501.0,68.0,329406.0
AB-102242,Suncor Energy,Cold Lake,Heavy Oil,Colorado Group,54.5858,-110.3171,2013-02-09,2013-06-29,1453.8,Abandoned,43.4,0.0,36.5,31.38,140691.0,269.0,178719.0
AB-102243,Crescent Point Energy,Cold Lake,Gas,Bakken,54.5618,-110.4515,2006-05-21,2006-07-22,1491.8,Producing,178.4,15.8,56.7,35.51,3390.0,1224.0,3368.0
AB-102244,Athabasca Oil Corp,Athabasca,Oil,Clearwater,58.2892,-110.6883,2003-04-02,2003-09-11,1136.7,Producing,110.1,0.4,46.5,24.4,848802.0,761.0,1495012.0
AB-102245,Cenovus Energy,Lloydminster,Oil Sands,Cardium,52.8841,-109.6865,1998-09-10,1998-11-30,2455.2,Producing,48.2,1.2,86.0,21.4,382452.0,816.0,531830.0
AB-102246,Suncor Energy,Cold Lake,Oil,Cardium,54.0813,-109.9668,2004-06-22,2004-12-06,2539.4,Producing,26.1,0.0,62.9,4.08,139631.0,2117.0,174241.0
AB-102247,Whitecap Resources,Medicine Hat,Oil Sands,Clearwater,50.2142,-110.8743,2000-04-19,2000-08-18,1019.1,Abandoned,98.0,0.0,85.2,30.17,576019.0,418.0,1697344.0
AB-102248,Whitecap Resources,Medicine Hat,Gas,Viking,49.9531,-111.1981,2008-03-12,2008-08-13,2214.6,Producing,56.6,2.0,98.0,37.55,4246.0,888.0,2348.0
AB-102249,Baytex Energy,Cold Lake,Oil,Bakken,54.0477,-110.0876,2017-02-02,2017-07-01,2720.0,Producing,16.1,1.3,64.7,22.26,32888.0,929.0,84096.0
AB-102250,Whitecap Resources,Cold Lake,Oil,McMurray,54.3656,-109.8774,2021-05-07,2021-10-19,,Producing,138.2,58.2,42.5,8.48,136702.0,79.0,396232.0
AB-102251,Imperial Oil,Athabasca,Oil,Colorado Group,57.2763,-110.781,2015-06-15,2015-11-14,2442.1,Producing,59.8,5.5,28.1,1.9,210815.0,5.0,117293.0
AB-102252,Cenovus Energy,Athabasca,Oil,Colorado Group,57.4034,-111.6322,2022-12-18,2023-01-04,2322.6,Orphan,106.8,0.0,25.0,7.76,90564.0,15.0,109603.0
AB-102253,Canadian Natural Resources,Grande Prairie,Gas,Viking,55.5077,-118.568,2004-09-25,2004-10-29,1646.1,Suspended,16.5,0.0,72.7,6.28,3436.0,237156.0,6652.0
AB-102254,Whitecap Resources,Peace River,Heavy Oil,Colorado Group,56.9492,-116.5376,2006-12-21,2007-05-12,3344.8,Suspended,9.0,0.0,67.7,11.47,41070.0,68.0,35381.0
AB-102255,Cenovus Energy,Cold Lake,Gas,Viking,54.5124,-110.2689,2020-06-27,2020-10-02,1614.0,Producing,23.6,4.0,16.2,30.24,193.0,8646.0,264.0
AB-102256,Cenovus Energy,Cold Lake,Gas,Viking,54.0358,-110.2341,2001-03-14,2001-07-20,2354.5,Abandoned,72.4,0.0,68.4,12.74,2583.0,369.0,6631.0
AB-102257,,Lloydminster,Gas,Colorado Group,53.0907,-110.056,2018-01-13,2018-07-05,1041.1,Producing,103.5,15.0,45.3,17.26,4061.0,5872.0,3102.0
AB-102258,Imperial Oil,Medicine Hat,Oil Sands,Bakken,50.471,-110.8862,2012-04-13,2012-08-16,1759.2,Suspended,65.3,0.0,,5.99,306355.0,109.0,435494.0
AB-102259,Suncor Energy,Lloydminster,Oil,McMurray,53.3295,-109.8569,2021-08-23,2021-09-29,746.6,Producing,102.4,48.9,86.9,5.2,172229.0,291.0,90147.0
AB-102260,Cenovus Energy,Medicine Hat,Oil,Viking,49.9607,-110.6824,1999-07-06,1999-12-22,1031.0,Producing,100.6,1.8,86.8,2.67,878547.0,439.0,768563.0
AB-102261,Crescent Point Energy,Lloydminster,Oil Sands,Colorado Group,52.83,-109.7867,2014-11-17,2015-04-11,1472.3,Orphan,153.4,0.0,,16.93,579257.0,123.0,550267.0
AB-102262,Cenovus Energy,Cold Lake,Oil Sands,Montney,54.3758,-110.0761,2009-01-09,2009-02-18,2368.1,Producing,209.0,6.7,79.8,11.64,990624.0,70.0,702274.0
AB-102263,Whitecap Resources,Cold Lake,Gas,Duvernay,54.373,-110.2856,2008-06-02,2008-08-06,2356.7,Suspended,36.9,0.0,50.9,18.18,3201.0,1716.0,9094.0
AB-102264,Crescent Point Energy,Peace River,Oil Sands,Montney,56.8647,-117.4367,2021-12-08,2022-05-21,1523.3,Suspended,53.0,0.0,72.9,7.3,67552.0,148.0,82539.0
AB-102265,MEG Energy,Lloydminster,Gas,Bakken,53.1188,-109.6878,2010-01-11,2010-03-02,2129.8,Abandoned,35.1,0.0,61.1,24.0,4519.0,5839.0,8356.0
AB-102266,Whitecap Resources,Lloydminster,Heavy Oil,Clearwater,53.3116,-109.7526,2005-03-17,2005-05-11,1362.7,Abandoned,20.2,0.0,42.9,38.43,149639.0,5243.0,46573.0
AB-102267,Whitecap Resources,Grande Prairie,Oil Sands,Colorado Group,54.9631,-118.8511,2002-05-07,2002-09-21,852.0,Producing,32.8,0.1,72.7,39.78,262649.0,628.0,374406.0
AB-102268,Suncor Energy,Medicine Hat,Heavy Oil,Cardium,50.3732,-110.8025,2004-12-26,2005-04-26,,Orphan,34.5,0.0,54.6,35.03,217559.0,1245.0,241849.0
AB-102269,Baytex Energy,Medicine Hat,Oil,Cardium,49.9042,-110.9206,1999-03-04,1999-07-23,1529.3,Suspended,65.9,0.0,98.0,3.45,258401.0,217.0,495142.0
AB-102270,MEG Energy,Medicine Hat,Oil Sands,McMurray,49.834,-110.6837,2017-08-03,2017-11-06,2056.9,Producing,124.5,49.3,63.9,18.6,347164.0,273.0,426746.0
AB-102271,Cenovus Energy,Cold Lake,Oil,Clearwater,54.4125,-109.9206,2011-05-16,2011-06-20,1766.4,Suspended,126.7,0.0,73.6,23.64,449969.0,178.0,744069.0
AB-102272,Athabasca Oil Corp,Peace River,Gas,Clearwater,56.2431,-116.5034,2010-12-06,2011-01-20,1636.4,Producing,103.8,3.2,61.4,16.72,2444.0,41780.0,1580.0
AB-102273,Suncor Energy,Peace River,Oil Sands,McMurray,56.1388,-116.9296,2011-01-12,2011-05-06,1613.9,Producing,35.5,5.5,73.9,23.1,150564.0,74.0,184660.0
AB-102274,Cenovus Energy,Athabasca,Heavy Oil,Viking,56.385,-110.5699,2007-11-14,2007-12-23,3092.2,Abandoned,33.2,0.0,42.0,39.37,149197.0,232.0,384125.0
AB-102275,Canadian Natural Resources,Medicine Hat,Oil,Clearwater,50.4914,-110.8034,2020-12-01,2021-04-25,2185.8,Producing,165.1,107.6,17.7,26.85,190455.0,30.0,315650.0
AB-102276,Obsidian Energy,Athabasca,Oil Sands,Montney,58.1415,-111.0215,2010-07-12,2010-11-06,1446.4,Suspended,40.0,0.0,,37.44,188752.0,13.0,543788.0
AB-102277,Athabasca Oil Corp,Cold Lake,Oil Sands,McMurray,54.3399,-110.0779,2018-02-22,2018-07-31,,Suspended,66.1,0.0,67.8,32.51,111683.0,2470.0,253971.0
AB-102278,Whitecap Resources,Athabasca,Gas,Montney,56.2846,-111.8582,2013-05-10,2013-10-28,2546.4,Suspended,46.7,0.0,34.0,5.66,1951.0,700.0,2095.0
AB-102279,Whitecap Resources,Athabasca,Oil Sands,Viking,57.0675,-111.0351,2022-07-25,2022-11-04,1338.7,Producing,125.6,61.4,71.5,15.53,90778.0,1118.0,168330.0
AB-102280,Obsidian Energy,Peace River,Heavy Oil,McMurray,56.9983,-116.8086,2015-03-13,2015-08-19,1847.2,Suspended,190.6,0.0,63.8,27.64,479854.0,43.0,218164.0
AB-102281,Obsidian Energy,Grande Prairie,Gas,McMurray,54.8565,-118.8877,2000-08-03,2000-10-12,787.4,Abandoned,66.7,0.0,98.0,20.44,4834.0,778.0,12732.0
AB-102282,Athabasca Oil Corp,Lloydminster,Oil,McMurray,53.0123,-110.0843,2021-06-08,2021-08-20,2627.2,Producing,18.0,11.6,40.2,19.08,30834.0,290.0,69785.0
AB-102283,Obsidian Energy,Cold Lake,Oil Sands,McMurray,54.0274,-110.4702,2013-08-06,2013-09-06,2085.2,Producing,572.3,175.7,27.9,3.84,1655545.0,60.0,3624126.0
AB-102284,Canadian Natural Resources,Cold Lake,Oil Sands,Duvernay,54.6843,-109.8723,2003-12-07,2004-03-19,,Producing,201.9,2.1,69.9,25.9,1310518.0,669.0,1013574.0
AB-102285,MEG Energy,Cold Lake,Oil,Cardium,54.0962,-110.269,2013-12-07,2014-04-11,674.3,Producing,37.5,1.2,56.2,9.34,131745.0,131.0,152229.0
AB-102286,Obsidian Energy,Athabasca,Oil Sands,Bakken,57.632,-110.7883,2005-05-13,2005-10-09,2427.2,Producing,26.8,0.1,49.2,8.92,135477.0,19.0,210788.0
AB-102287,MEG Energy,Cold Lake,Gas,Cardium,54.4789,-109.8791,2006-08-02,2006-10-19,1543.5,Abandoned,90.9,0.0,62.0,6.18,2696.0,1124.0,2440.0
AB-102288,Crescent Point Energy,Medicine Hat,Oil,Clearwater,49.919,-110.4885,2015-12-08,2016-04-22,2126.2,Producing,76.0,12.9,50.4,10.22,135331.0,1448.0,217535.0
AB-102289,Cenovus Energy,Lloydminster,Gas,Montney,52.8502,-109.6366,2010-09-20,2011-01-02,1267.6,Producing,49.4,5.3,53.1,16.36,1791.0,1203.0,2146.0
AB-102290,Athabasca Oil Corp,Grande Prairie,Oil Sands,McMurray,55.3201,-118.5433,2008-11-24,2009-04-11,2256.6,Abandoned,52.3,0.0,86.4,12.57,285688.0,180.0,131743.0
AB-102291,Canadian Natural Resources,Cold Lake,Heavy Oil,McMurray,54.024,-110.0409,2023-01-06,2023-06-05,2300.5,Producing,94.9,70.0,48.9,6.55,72189.0,40.0,180314.0
AB-102292,MEG Energy,Lloydminster,Heavy Oil,McMurray,52.8425,-109.5101,2013-05-18,2013-06-18,1589.6,Orphan,157.2,0.0,56.7,35.82,629178.0,42.0,929185.0
AB-102293,Suncor Energy,Grande Prairie,Oil,Colorado Group,54.8838,-119.4263,2019-06-09,2019-11-23,2765.5,Producing,39.7,20.9,66.4,12.47,45417.0,24.0,117117.0
AB-102294,Whitecap Resources,Peace River,Gas,Montney,56.4014,-116.9327,2006-08-21,2006-09-16,2454.6,Producing,139.5,1.6,66.1,26.23,1816.0,2616.0,4192.0
AB-102295,Imperial Oil,Grande Prairie,Gas,Clearwater,54.8498,-118.7624,2006-10-07,2006-11-17,2496.5,Suspended,20.0,0.0,71.0,1.35,2088.0,2019.0,2427.0
AB-102296,Obsidian Energy,Medicine Hat,Oil,Viking,50.395,-110.776,2016-02-21,2016-06-19,1669.3,Producing,449.5,15.1,34.4,33.14,856438.0,56.0,2483388.0
AB-102297,Canadian Natural Resources,Medicine Hat,Heavy Oil,Bakken,49.8025,-111.1296,2019-02-01,2019-07-10,1261.6,Producing,17.2,5.8,80.9,17.38,40362.0,248.0,105151.0
AB-102298,Crescent Point Energy,Peace River,Gas,Colorado Group,56.2813,-117.1436,2021-01-26,2021-04-26,2219.3,Orphan,141.9,0.0,26.1,2.8,4922.0,10811.0,6250.0
AB-102299,Cenovus Energy,Peace River,Oil Sands,Bakken,56.2916,-117.2671,2017-07-04,2017-07-23,2268.2,Producing,8.3,1.0,59.2,16.54,20994.0,24.0,16593.0
AB-102300,Athabasca Oil Corp,Grande Prairie,Oil,Montney,54.9484,-119.4309,2023-10-10,2023-12-01,3056.4,Abandoned,56.3,0.0,27.4,10.26,37628.0,38.0,64076.0
AB-102301,Whitecap Resources,Athabasca,Oil,Bakken,56.792,-110.6763,2015-12-14,2016-03-09,1575.4,Abandoned,12.0,0.0,23.7,10.13,26930.0,62.0,37423.0
AB-102302,Suncor Energy,Cold Lake,Oil,McMurray,54.3841,-110.2047,2006-12-18,2007-05-31,2633.6,Producing,41.4,0.8,90.7,29.93,271021.0,29.0,232926.0
AB-102303,Athabasca Oil Corp,Cold Lake,Oil,Bakken,54.1569,-109.9844,2006-03-06,2006-06-23,2139.4,Producing,79.9,10.0,67.0,19.21,414973.0,62.0,1231003.0
AB-102304,MEG Energy,Grande Prairie,Gas,Bakken,55.4809,-118.9135,2010-07-06,2010-12-26,2302.7,Producing,32.3,0.2,84.7,29.97,3639.0,3146.0,3942.0
AB-102305,MEG Energy,Lloydminster,Oil Sands,Colorado Group,53.3391,-110.0812,2006-10-14,2006-12-28,,Producing,43.4,0.5,45.7,36.52,274550.0,1206.0,655707.0
AB-102306,Whitecap Resources,Peace River,Oil Sands,Montney,56.3686,-116.5266,2005-09-11,2005-11-19,691.5,Producing,60.1,0.1,72.5,34.91,385663.0,172.0,1099730.0
AB-102307,Canadian Natural Resources,Grande Prairie,Oil,Duvernay,54.8655,-119.0549,2002-05-20,2002-07-17,1277.9,Orphan,148.5,0.0,50.4,25.56,805221.0,1624.0,1805771.0
AB-102308,Suncor Energy,Grande Prairie,Gas,Viking,55.0102,-119.083,1999-02-16,1999-06-27,2451.6,Orphan,32.7,0.0,98.0,14.47,2242.0,1499.0,1962.0
AB-102309,Suncor Energy,Grande Prairie,Gas,Cardium,55.1143,-119.2893,2009-06-25,2009-10-31,4104.5,Producing,329.0,2.8,83.8,28.95,729.0,5281.0,1878.0
AB-102310,Athabasca Oil Corp,Medicine Hat,Gas,Duvernay,50.423,-111.0928,2003-10-23,2003-11-15,2329.0,Producing,78.3,0.0,85.1,5.59,4318.0,785.0,5369.0
AB-102311,Athabasca Oil Corp,Lloydminster,Heavy Oil,Bakken,53.0376,-110.1668,2000-02-11,2000-07-17,2684.8,Producing,85.5,1.4,93.7,2.39,662686.0,179.0,490054.0
AB-102312,Crescent Point Energy,Cold Lake,Oil Sands,McMurray,54.2932,-110.0572,2021-03-14,2021-06-03,1081.6,Producing,45.1,8.4,34.9,5.97,58174.0,650.0,155842.0
AB-102313,Obsidian Energy,Athabasca,Oil Sands,McMurray,56.6027,-110.9476,2020-02-24,2020-08-14,1492.3,Suspended,9.5,0.0,27.2,38.8,18734.0,72.0,36846.0
AB-102314,Canadian Natural Resources,Athabasca,Oil,Bakken,57.0003,-110.6332,2003-02-27,2003-05-19,1848.7,Producing,67.6,0.1,86.1,37.49,305065.0,548.0,619302.0
AB-102315,Canadian Natural Resources,Peace River,Oil Sands,Colorado Group,56.4813,-116.9498,2020-01-21,2020-02-05,1748.0,Producing,139.3,16.7,34.6,7.32,142404.0,95.0,183386.0
AB-102316,MEG Energy,Peace River,Oil Sands,Clearwater,56.4173,-116.754,2022-02-14,2022-07-03,1184.4,Producing,24.2,6.4,28.3,21.38,16529.0,79.0,34854.0
AB-102317,MEG Energy,Grande Prairie,Oil Sands,Clearwater,54.9597,-118.5736,2001-11-23,2002-01-25,1703.4,Producing,137.2,0.0,97.4,5.46,705125.0,680.0,1596787.0
AB-102318,Suncor Energy,Grande Prairie,Heavy Oil,Montney,55.1581,-119.2976,2023-03-10,2023-07-04,1256.4,Producing,21.6,11.5,34.0,18.83,12363.0,80.0,35571.0
AB-102319,Athabasca Oil Corp,Medicine Hat,Oil,Montney,50.1997,-110.6819,2013-06-18,2013-11-13,1341.3,Abandoned,46.5,0.0,46.8,5.67,105481.0,341.0,299007.0
AB-102320,Canadian Natural Resources,Peace River,Gas,Clearwater,56.111,-117.2604,2019-03-24,2019-05-26,2847.4,Suspended,65.4,0.0,56.0,4.14,3798.0,2601.0,11249.0
AB-102321,Obsidian Energy,Grande Prairie,Gas,Duvernay,55.2361,-118.801,2015-02-12,2015-07-19,1503.9,Abandoned,60.3,0.0,25.3,11.16,382.0,5763.0,186.0
AB-102322,Suncor Energy,Medicine Hat,Gas,Clearwater,50.2867,-110.6155,2000-11-19,2001-05-12,2765.6,Suspended,135.6,0.0,87.1,39.08,3142.0,299.0,2255.0
AB-102323,Crescent Point Energy,Cold Lake,Heavy Oil,Viking,54.0802,-109.9497,2019-01-13,2019-06-14,1185.2,Producing,17.4,1.9,60.1,37.97,41489.0,2248.0,123466.0
AB-102324,Athabasca Oil Corp,Athabasca,Heavy Oil,Montney,56.53,-111.4545,2020-09-21,2020-10-30,1119.1,Producing,84.2,32.1,12.7,21.8,146250.0,135.0,412984.0
AB-102325,Athabasca Oil Corp,Peace River,Gas,Clearwater,56.7041,-116.8044,1998-09-07,1999-01-04,1814.9,Producing,79.2,0.0,71.0,38.29,2546.0,934.0,4889.0
AB-102326,Canadian Natural Resources,Cold Lake,Oil,Colorado Group,54.0723,-110.2165,2010-04-23,2010-07-26,3523.7,Producing,62.1,7.1,45.0,27.11,281445.0,47.0,543977.0
AB-102327,Obsidian Energy,Peace River,Gas,Colorado Group,56.2388,-117.2194,1998-01-07,1998-06-22,1563.0,Producing,95.5,0.9,95.0,12.48,4017.0,99.0,11256.0
AB-102328,Baytex Energy,Medicine Hat,Gas,Montney,50.3067,-110.8841,2016-09-01,2016-12-21,3029.7,Producing,90.4,18.3,85.9,27.61,3062.0,35122.0,6231.0
AB-102329,MEG Energy,Cold Lake,Oil,Cardium,54.0212,-110.3255,2004-12-21,2005-04-22,2819.0,Producing,16.9,0.0,98.0,11.23,65245.0,94.0,105717.0
AB-102330,Crescent Point Energy,Cold Lake,Oil Sands,Viking,54.7884,-110.3167,2006-01-10,2006-02-26,1941.8,Suspended,197.2,0.0,98.0,6.81,996056.0,249.0,473495.0
AB-102331,Athabasca Oil Corp,Peace River,Oil Sands,Viking,56.4986,-116.7395,2000-11-11,2001-02-11,1504.2,Abandoned,52.4,0.0,77.5,37.86,324136.0,176.0,320330.0
AB-102332,Canadian Natural Resources,Grande Prairie,Oil Sands,Montney,55.0471,-118.6705,2014-11-23,2015-02-10,1624.1,Producing,23.7,1.9,31.9,32.99,88845.0,6.0,164882.0
AB-102333,Suncor Energy,Cold Lake,Heavy Oil,Bakken,54.0026,-110.0522,2020-01-16,2020-04-19,2032.5,Producing,87.9,18.6,65.8,23.24,174293.0,85.0,150577.0
AB-102334,Crescent Point Energy,Cold Lake,Oil Sands,Colorado Group,54.4503,-109.8294,2015-07-24,2015-09-17,1505.0,Suspended,47.9,0.0,78.3,26.96,80773.0,226.0,67250.0
AB-102335,Baytex Energy,Peace River,Oil Sands,Duvernay,56.6276,-117.4266,1998-06-05,1998-07-18,2365.2,Producing,15.3,0.1,56.8,30.78,101905.0,41.0,111336.0
AB-102336,Cenovus Energy,Peace River,Oil Sands,Cardium,56.4603,-117.0743,2005-12-08,2006-05-18,1168.5,Producing,294.3,2.6,61.9,8.9,1042974.0,30.0,2364543.0
AB-102337,Baytex Energy,Medicine Hat,Oil,Duvernay,49.8531,-110.4886,2015-03-17,2015-05-18,2935.4,Producing,38.6,12.3,39.0,27.93,106961.0,423.0,163948.0
AB-102338,Cenovus Energy,Cold Lake,Gas,Cardium,54.2527,-109.9194,2001-05-04,2001-09-29,2171.4,Producing,88.3,0.0,66.0,32.31,149.0,1801.0,269.0
AB-102339,Obsidian Energy,Lloydminster,Oil,Clearwater,53.0903,-110.1191,1999-04-12,1999-08-18,1722.2,Abandoned,132.3,0.0,98.0,12.77,1086044.0,6.0,729264.0
AB-102340,Obsidian Energy,Medicine Hat,Heavy Oil,Clearwater,50.2568,-110.449,2019-12-17,2020-03-03,1947.2,Abandoned,87.1,0.0,42.1,7.7,168041.0,37.0,121023.0
AB-102341,Obsidian Energy,Medicine Hat,Gas,Montney,49.8088,-110.9948,2006-02-10,2006-05-17,664.0,Producing,34.3,1.4,75.9,12.6,4737.0,11370.0,2463.0
AB-102342,Canadian Natural Resources,Athabasca,Oil,Clearwater,56.1036,-110.6575,2017-05-05,2017-10-08,1098.9,Producing,47.1,10.2,26.7,23.9,104943.0,160.0,295370.0
AB-102343,Obsidian Energy,Peace River,Oil Sands,Cardium,56.8691,-117.4286,2007-12-05,2008-02-01,3289.6,Suspended,69.6,0.0,53.2,17.62,193466.0,441.0,281982.0
AB-102344,Athabasca Oil Corp,Athabasca,Gas,Montney,56.7158,-111.2627,2015-02-17,2015-03-23,1517.8,Suspended,16.4,0.0,38.2,28.65,1777.0,710.0,3411.0
AB-102345,Canadian Natural Resources,Medicine Hat,Gas,Viking,49.8827,-111.0954,2013-03-27,2013-04-16,2996.4,Suspended,48.9,0.0,62.0,31.23,1263.0,373.0,778.0
AB-102346,Athabasca Oil Corp,Cold Lake,Heavy Oil,Duvernay,54.2718,-110.0125,1998-01-04,1998-02-05,1487.9,Producing,27.0,0.1,91.2,6.33,175758.0,402.0,151582.0
AB-102347,Canadian Natural Resources,Athabasca,Oil,Clearwater,58.0025,-111.4164,2004-10-15,2005-04-08,3189.8,Suspended,287.3,0.0,86.0,16.97,1147514.0,96.0,722108.0
AB-102348,Obsidian Energy,Lloydminster,Oil Sands,Duvernay,53.014,-110.0902,2008-09-10,2009-02-09,1525.7,Abandoned,112.7,0.0,52.0,8.59,521792.0,132.0,698494.0
AB-102349,Imperial Oil,Peace River,Oil,Colorado Group,56.5103,-117.2228,1999-11-21,2000-04-11,1487.2,Producing,73.1,7.7,,25.41,504451.0,23.0,1340988.0
AB-102350,,Athabasca,Gas,Duvernay,57.2059,-111.0614,2015-12-23,2016-01-20,970.7,Producing,27.2,2.8,71.3,32.95,2691.0,560.0,7863.0
AB-102351,MEG Energy,Peace River,Oil,Clearwater,56.9741,-117.2015,2002-07-12,2002-10-22,1347.9,Producing,41.1,2.8,89.5,16.79,342543.0,23.0,184525.0
AB-102352,Imperial Oil,Cold Lake,Oil Sands,Viking,54.0026,-110.003,2020-04-24,2020-07-30,1712.4,Producing,746.4000000000001,17.8,55.7,18.96,95717.0,41.0,176299.0
AB-102353,Whitecap Resources,Athabasca,Heavy Oil,Bakken,56.0942,-111.0793,2008-10-13,2009-03-02,2121.1,Abandoned,70.2,0.0,68.1,34.98,374853.0,23.0,148078.0
AB-102354,Crescent Point Energy,Cold Lake,Heavy Oil,Montney,54.2485,-109.8448,2021-04-03,2021-08-18,1729.1,Suspended,178.9,0.0,36.9,26.21,232246.0,3074.0,550832.0
AB-102355,Canadian Natural Resources,Lloydminster,Oil Sands,Cardium,53.3988,-109.7175,2018-09-27,2018-11-18,527.4,Producing,155.4,69.1,,39.77,297118.0,424.0,438929.0
AB-102356,Baytex Energy,Medicine Hat,Oil,Bakken,50.1459,-110.6053,2022-02-15,2022-03-06,795.9,Producing,29.8,10.6,75.9,28.16,39641.0,428.0,109919.0
AB-102357,Whitecap Resources,Peace River,Oil,McMurray,56.9707,-116.6925,2004-03-03,2004-04-11,848.8,Orphan,99.6,0.0,46.2,24.15,633212.0,190.0,1045066.0
AB-102358,Suncor Energy,Medicine Hat,Oil Sands,Viking,50.3453,-110.9084,2009-11-20,2010-03-25,1108.6,Suspended,19.8,0.0,49.1,16.09,55061.0,8.0,90335.0
AB-102359,Suncor Energy,Medicine Hat,Oil Sands,Duvernay,49.8348,-110.713,2004-12-03,2005-04-15,1810.2,Producing,425.6,13.9,67.5,36.58,2762120.0,111.0,7222874.0
AB-102360,Baytex Energy,Medicine Hat,Oil Sands,Colorado Group,49.989,-111.1595,2018-10-11,2019-03-10,3090.8,Abandoned,22.7,0.0,26.0,29.25,46279.0,99.0,114634.0
AB-102361,Whitecap Resources,Lloydminster,Gas,Duvernay,52.9655,-109.7334,2020-07-18,2020-12-04,1980.9,Suspended,93.1,0.0,90.7,7.7,3858.0,429.0,9862.0
AB-102362,Crescent Point Energy,Peace River,Gas,Colorado Group,56.309,-117.1755,2018-12-02,2019-01-10,1695.9,Producing,33.7,2.9,58.8,36.9,529.0,1266.0,1442.0
AB-102363,Suncor Energy,Medicine Hat,Oil,Colorado Group,50.1708,-111.026,2016-07-16,2016-08-25,1400.9,Producing,30.6,2.6,67.5,10.6,61571.0,121.0,106674.0
AB-102364,Obsidian Energy,Cold Lake,Oil Sands,Colorado Group,54.0844,-110.042,1998-11-03,1999-04-16,2246.8,Suspended,24.0,0.0,90.5,24.85,180357.0,141.0,409159.0
AB-102365,Crescent Point Energy,Cold Lake,Oil,Bakken,54.3307,-110.3135,2004-04-01,2004-04-27,3029.3,Producing,15.8,0.4,74.4,27.59,105348.0,42.0,58010.0
AB-102366,MEG Energy,Peace River,Oil Sands,Montney,56.4872,-117.3265,2010-04-16,2010-06-04,1279.7,Producing,34.5,1.2,,27.95,184066.0,166.0,152168.0
AB-102367,Athabasca Oil Corp,Grande Prairie,Heavy Oil,Cardium,55.0606,-118.8349,1999-03-21,1999-05-26,1430.1,Producing,21.0,0.0,82.6,17.02,150726.0,42.0,381164.0
AB-102368,Whitecap Resources,Peace River,Oil,Bakken,56.6179,-116.5723,1998-09-03,1998-12-28,330.0,Producing,184.0,16.8,80.7,20.62,998535.0,94.0,870887.0
AB-102369,Canadian Natural Resources,Athabasca,Oil,Duvernay,58.3751,-110.7734,2011-05-21,2011-11-07,2269.2,Suspended,20.2,0.0,47.8,20.75,78218.0,28.0,163282.0
AB-102370,Whitecap Resources,Peace River,Oil Sands,Montney,56.1903,-117.0194,2021-10-13,2022-01-05,2842.3,Producing,51.8,19.7,17.8,4.13,53770.0,264.0,151863.0
AB-102371,Baytex Energy,Cold Lake,Gas,Montney,54.7492,-109.821,2007-06-17,2007-10-05,2217.3,Producing,23.0,0.2,46.7,16.49,821.0,3357.0,610.0
AB-102372,Cenovus Energy,Lloydminster,Oil,Colorado Group,52.9769,-110.1501,2022-08-26,2022-09-26,1458.6,Abandoned,163.1,0.0,62.5,26.34,187261.0,521.0,214140.0
AB-102373,Whitecap Resources,Athabasca,Oil Sands,Cardium,57.243,-111.7092,2016-12-15,2017-01-09,1557.6,Suspended,15.7,0.0,58.6,18.97,38260.0,11.0,61812.0
AB-102374,MEG Energy,Cold Lake,Gas,Clearwater,54.7485,-110.3692,2017-05-10,2017-08-03,504.8,Producing,86.8,19.9,31.7,28.49,3147.0,84909.0,3271.0
AB-102375,Obsidian Energy,Medicine Hat,Oil,Cardium,50.2122,-110.8545,2014-10-18,2015-02-23,2219.2,Producing,395.6,9.5,40.5,9.17,1608970.0,258.0,3224850.0
AB-102376,,Lloydminster,Heavy Oil,Clearwater,53.033,-109.9742,1999-08-13,1999-10-12,1241.7,Producing,111.9,0.1,69.2,30.41,650675.0,321.0,421354.0
AB-102377,MEG Energy,Lloydminster,Gas,Viking,52.8307,-109.852,2010-02-22,2010-05-25,2172.0,Abandoned,7.0,0.0,57.0,29.31,4943.0,106.0,12857.0
AB-102378,Athabasca Oil Corp,Peace River,Oil Sands,Montney,56.1442,-117.0493,2019-03-05,2019-05-25,1418.9,Producing,68.9,11.9,34.5,20.66,120223.0,58.0,71494.0
AB-102379,Obsidian Energy,Athabasca,Gas,McMurray,58.2053,-111.7045,2019-01-14,2019-03-07,1799.4,Producing,67.2,26.4,90.1,24.48,4324.0,7851.0,8155.0
AB-102380,Obsidian Energy,Lloydminster,Oil Sands,Cardium,53.2276,-110.0493,2004-04-11,2004-05-29,1453.5,Suspended,37.0,0.0,57.9,35.11,214727.0,186.0,130518.0
AB-102381,Athabasca Oil Corp,Grande Prairie,Oil Sands,Viking,55.2923,-119.1111,2009-06-13,2009-11-16,2670.5,Producing,15.9,0.1,74.1,7.17,83178.0,1872.0,96907.0
AB-102382,Cenovus Energy,Grande Prairie,Heavy Oil,Duvernay,55.2731,-118.9987,2005-11-07,2006-04-27,2623.4,Suspended,150.6,0.0,98.0,16.41,1026227.0,15869.0,1674968.0
AB-102383,Athabasca Oil Corp,Peace River,Oil Sands,Bakken,56.7767,-117.1129,2020-01-20,2020-04-21,1220.5,Producing,16.4,2.7,72.9,30.61,17133.0,29.0,46197.0
AB-102384,Imperial Oil,Lloydminster,Oil,Colorado Group,53.1689,-109.822,2004-09-19,2004-12-06,1257.7,Producing,76.8,0.1,86.4,14.71,548173.0,221.0,1444232.0
AB-102385,Canadian Natural Resources,Peace River,Gas,Cardium,56.0915,-116.6468,2008-09-09,2008-11-01,1868.0,Producing,152.2,12.4,44.9,7.01,777.0,1274.0,2083.0
AB-102386,Whitecap Resources,Peace River,Gas,Clearwater,56.1027,-117.3428,2000-02-12,2000-06-05,2171.5,Abandoned,13.5,0.0,,13.26,1789.0,225.0,4601.0
AB-102387,Cenovus Energy,Lloydminster,Oil Sands,Colorado Group,52.8809,-110.14,2003-08-23,2004-01-12,,Producing,103.3,5.0,55.3,16.07,641841.0,1618.0,815071.0
AB-102388,Imperial Oil,Lloydminster,Gas,Viking,52.9569,-109.5647,2000-08-08,2000-09-27,975.7,Producing,126.0,5.6,84.9,17.53,1197.0,2124.0,2209.0
AB-102389,Crescent Point Energy,Peace River,Gas,Cardium,56.8315,-116.5643,2018-03-09,2018-08-22,,Abandoned,78.5,0.0,79.1,10.14,4560.0,807.0,5002.0
AB-102390,Whitecap Resources,Cold Lake,Oil Sands,Cardium,54.2009,-110.1953,1998-09-11,1999-01-27,1716.2,Producing,174.8,1.0,67.9,38.26,1116946.0,90.0,2588425.0
AB-102391,MEG Energy,Grande Prairie,Oil,Clearwater,55.4969,-118.5389,2015-04-16,2015-05-19,883.3,Producing,286.79999999999995,0.6,61.3,9.84,90817.0,8299.0,172290.0
AB-102392,Crescent Point Energy,Grande Prairie,Heavy Oil,Cardium,54.8387,-119.1957,2011-06-07,2011-06-29,1859.1,Abandoned,200.9,0.0,40.8,10.91,819841.0,1422.0,2445683.0
AB-102393,Whitecap Resources,Cold Lake,Oil Sands,Montney,54.1018,-110.1043,2018-08-27,2018-10-18,987.8,Producing,220.7,102.9,88.5,10.3,517188.0,126.0,1251178.0
AB-102394,Crescent Point Energy,Peace River,Oil Sands,Clearwater,56.2137,-117.1575,2001-10-02,2001-12-07,712.5,Producing,73.4,2.3,98.0,2.85,507244.0,6.0,1114809.0
AB-102395,Suncor Energy,Grande Prairie,Heavy Oil,Viking,55.2005,-119.3305,2012-07-12,2012-11-05,1552.2,Producing,48.4,6.9,71.0,16.97,127431.0,22.0,44751.0
AB-102396,Cenovus Energy,Cold Lake,Oil,Montney,54.1245,-109.9075,2018-07-21,2018-12-26,1639.8,Producing,106.6,22.5,63.0,21.61,275551.0,60.0,191433.0
AB-102397,Canadian Natural Resources,Medicine Hat,Oil Sands,Cardium,50.2075,-111.0588,2009-06-23,2009-12-07,1783.6,Producing,163.3,27.1,30.2,12.35,783262.0,83.0,1065485.0
AB-102398,Imperial Oil,Medicine Hat,Gas,Duvernay,50.0841,-110.5697,2009-07-27,2009-10-29,1548.2,Producing,156.5,8.4,89.1,33.63,656.0,4937.0,1643.0
AB-102399,Baytex Energy,Cold Lake,Oil,McMurray,54.0619,-110.4826,2018-01-21,2018-03-06,1037.5,Producing,40.7,2.8,62.2,34.64,64934.0,204.0,98215.0
AB-102400,Athabasca Oil Corp,Athabasca,Oil Sands,McMurray,56.2462,-110.8757,2002-03-25,2002-08-30,1602.8,Producing,160.3,15.2,95.2,5.4,1128174.0,5.0,2546790.0
AB-102401,Canadian Natural Resources,Medicine Hat,Oil Sands,Bakken,50.3384,-111.1582,2010-04-13,2010-09-16,2014.4,Orphan,54.1,0.0,47.9,24.21,155993.0,503.0,206167.0
AB-102402,Suncor Energy,Athabasca,Heavy Oil,Bakken,56.4564,-110.5042,2018-10-23,2018-11-10,1301.3,Suspended,98.2,0.0,29.6,18.32,246172.0,146.0,738116.0
AB-102403,Whitecap Resources,Lloydminster,Gas,Duvernay,53.1865,-109.559,2004-10-15,2005-01-15,2879.2,Producing,37.0,0.1,74.5,14.53,2175.0,32373.0,1623.0
AB-102404,Baytex Energy,Medicine Hat,Oil Sands,Viking,50.0594,-110.546,2022-10-21,2022-11-05,2494.1,Producing,61.8,28.8,44.5,25.93,52454.0,17.0,21083.0
AB-102405,Obsidian Energy,Grande Prairie,Oil Sands,McMurray,55.0284,-118.6101,2016-03-20,2016-05-18,1682.1,Producing,119.4,17.3,38.1,28.75,407732.0,134.0,914282.0
AB-102406,Canadian Natural Resources,Grande Prairie,Oil Sands,Colorado Group,55.3177,-119.3536,2016-08-04,2016-12-30,1614.3,Producing,16.5,0.9,55.6,11.02,53143.0,273.0,130653.0
AB-102407,Canadian Natural Resources,Peace River,Oil,Duvernay,56.6114,-116.7329,2007-04-04,2007-05-31,974.4,Abandoned,40.0,0.0,63.5,8.07,129636.0,268.0,260865.0
AB-102408,Cenovus Energy,Medicine Hat,Oil,McMurray,49.9892,-110.754,2001-06-03,2001-08-10,2484.2,Orphan,42.2,0.0,51.0,29.37,306677.0,218.0,654493.0
AB-102409,Crescent Point Energy,Medicine Hat,Gas,Viking,50.3577,-111.0212,2004-04-15,2004-08-29,590.4,Producing,40.1,5.5,,24.51,4078.0,3865.0,4540.0
AB-102410,MEG Energy,Cold Lake,Gas,Bakken,54.7354,-110.4802,2012-10-04,2013-01-22,3116.9,Producing,110.9,31.1,52.8,13.39,4180.0,1181.0,9917.0
AB-102411,Imperial Oil,Grande Prairie,Oil Sands,Viking,55.376,-118.5104,2007-03-06,2007-06-06,1385.2,Producing,29.4,2.2,80.9,35.05,122226.0,274.0,229840.0
AB-102412,MEG Energy,Peace River,Oil,Cardium,56.1169,-116.9743,2019-07-22,2019-08-09,1756.2,Abandoned,86.8,0.0,14.5,31.85,177058.0,24.0,219437.0
AB-102413,Canadian Natural Resources,Grande Prairie,Heavy Oil,McMurray,55.361,-119.4292,2011-02-27,2011-06-10,950.4,Producing,47.0,1.1,57.8,21.68,208955.0,99.0,386817.0
AB-102414,MEG Energy,Lloydminster,Oil,McMurray,53.2822,-109.7844,2011-01-22,2011-06-28,1516.7,Suspended,82.0,0.0,67.5,39.56,230775.0,119.0,398468.0
AB-102415,Cenovus Energy,Cold Lake,Gas,Viking,54.7741,-109.8757,2001-07-21,2001-08-27,1484.2,Producing,37.4,0.0,96.9,12.67,3462.0,359.0,5499.0
AB-102416,Athabasca Oil Corp,Medicine Hat,Gas,Cardium,50.4695,-110.6155,2002-12-15,2003-03-18,2574.2,Producing,107.6,0.1,89.4,5.54,516.0,1909.0,610.0
AB-102417,Crescent Point Energy,Grande Prairie,Heavy Oil,McMurray,54.9229,-118.6276,2020-03-19,2020-08-22,,Abandoned,21.6,0.0,74.1,31.99,21255.0,3.0,52643.0
AB-102418,Suncor Energy,Grande Prairie,Oil,Bakken,55.1826,-118.918,2007-09-19,2007-11-20,1332.7,Producing,40.7,0.7,41.4,27.04,225990.0,323.0,453598.0
AB-102419,Athabasca Oil Corp,Lloydminster,Oil,Colorado Group,52.9114,-110.0077,2015-11-18,2016-03-04,1997.8,Abandoned,118.8,0.0,41.1,23.28,291242.0,528.0,656078.0
AB-102420,MEG Energy,Grande Prairie,Heavy Oil,Clearwater,55.268,-119.1344,2012-11-24,2013-05-03,575.7,Producing,85.3,23.5,90.1,19.26,261997.0,9.0,630694.0
AB-102421,MEG Energy,Cold Lake,Oil Sands,Viking,54.4879,-110.4898,2016-11-07,2017-03-14,2549.6,Producing,181.8,78.1,68.6,37.13,314820.0,62.0,519661.0
AB-102422,Canadian Natural Resources,Lloydminster,Heavy Oil,Colorado Group,52.8419,-110.0155,2004-10-16,2005-02-04,1570.6,Abandoned,243.4,0.0,98.0,32.93,1235573.0,34.0,1441772.0
AB-102423,MEG Energy,Athabasca,Oil,Viking,57.8747,-111.6675,2001-05-05,2001-09-19,,Producing,48.1,0.1,50.0,15.33,282304.0,34.0,309832.0
AB-102424,Athabasca Oil Corp,Athabasca,Gas,Clearwater,58.4834,-111.5691,2003-08-01,2003-10-08,2561.3,Orphan,326.7,0.0,80.4,23.42,540.0,5336.0,838.0
AB-102425,Athabasca Oil Corp,Cold Lake,Oil,Duvernay,54.6102,-109.9667,1998-06-23,1998-08-13,1457.8,Producing,192.7,3.0,65.7,26.84,1023331.0,837.0,2075032.0
AB-102426,Baytex Energy,Cold Lake,Oil Sands,Duvernay,54.7202,-109.8311,1998-01-27,1998-06-01,1600.0,Producing,264.0,0.7,76.4,28.1,1686078.0,57.0,4959093.0
AB-102427,Imperial Oil,Athabasca,Heavy Oil,Montney,57.5167,-111.9339,2000-12-17,2001-04-04,1997.8,Producing,44.5,0.0,98.0,27.45,289658.0,188.0,493105.0
AB-102428,Canadian Natural Resources,Peace River,Gas,Cardium,56.5377,-116.6565,2021-06-14,2021-10-31,2285.1,Suspended,326.7,0.0,73.2,10.98,3503.0,470.0,9166.0
AB-102429,Suncor Energy,Grande Prairie,Gas,Bakken,55.0618,-119.4072,2006-02-13,2006-07-21,1090.6,Producing,46.4,0.5,58.6,29.29,3652.0,11691.0,9713.0
AB-102430,Whitecap Resources,Grande Prairie,Oil Sands,Colorado Group,54.9192,-119.1459,2018-08-19,2018-12-03,2196.5,Suspended,89.1,0.0,40.4,25.35,169788.0,861.0,205731.0
AB-102431,,Medicine Hat,Oil Sands,Duvernay,49.971,-111.0202,1998-12-27,1999-06-15,1345.5,Producing,4.7,0.0,84.6,23.99,19341.0,409.0,32137.0
AB-102432,Crescent Point Energy,Medicine Hat,Heavy Oil,Duvernay,49.8997,-110.8993,2009-06-09,2009-07-12,2012.6,Suspended,50.1,0.0,,7.93,217595.0,675.0,323114.0
AB-102433,Whitecap Resources,Medicine Hat,Oil Sands,McMurray,50.484,-111.1027,2009-03-12,2009-05-19,471.2,Producing,40.7,1.2,60.5,33.99,119190.0,723.0,124825.0
AB-102434,MEG Energy,Lloydminster,Gas,Colorado Group,52.9491,-110.0227,1998-01-20,1998-06-09,2248.1,Producing,72.0,0.6,98.0,33.34,4925.0,843.0,8589.0
AB-102435,Athabasca Oil Corp,Medicine Hat,Gas,Bakken,49.8307,-110.9122,2010-03-26,2010-08-28,2706.9,Suspended,158.3,0.0,60.3,25.29,3639.0,7583.0,6030.0
AB-102436,Athabasca Oil Corp,Cold Lake,Oil,Cardium,54.6526,-110.0206,2008-10-17,2009-04-14,1636.7,Producing,62.1,0.3,,14.36,372789.0,484.0,1022627.0
AB-102437,Imperial Oil,Athabasca,Oil,Montney,58.369,-111.218,2018-07-25,2018-11-18,1861.7,Suspended,112.4,0.0,39.0,27.64,213214.0,77.0,102683.0
AB-102438,Whitecap Resources,Grande Prairie,Gas,McMurray,54.995,-119.0096,2001-11-22,2002-02-13,1320.5,Producing,13.1,1.1,78.8,23.99,80.0,10864.0,205.0
AB-102439,Athabasca Oil Corp,Medicine Hat,Gas,Bakken,50.2571,-110.4913,2001-10-22,2002-04-15,805.2,Producing,42.5,1.3,75.9,7.43,3758.0,4261.0,1909.0
AB-102440,Whitecap Resources,Medicine Hat,Heavy Oil,Viking,50.4156,-111.1247,2012-03-03,2012-08-12,893.3,Producing,112.6,2.0,49.3,28.38,253794.0,217.0,103378.0
AB-102441,Whitecap Resources,Lloydminster,Oil,Duvernay,53.2061,-109.6078,2020-11-17,2021-05-04,2077.7,Abandoned,17.4,0.0,76.4,11.77,27649.0,1458.0,17004.0
AB-102442,Obsidian Energy,Cold Lake,Heavy Oil,Colorado Group,54.4501,-110.1697,2006-09-05,2006-09-25,3181.2,Producing,12.2,0.3,42.0,10.24,61244.0,244.0,123355.0
AB-102443,Baytex Energy,Peace River,Oil,Duvernay,56.7871,-116.6625,1999-12-02,2000-02-25,2882.7,Producing,38.6,0.0,58.6,27.41,315983.0,1470.0,633275.0
AB-102444,Suncor Energy,Cold Lake,Oil Sands,Cardium,54.7858,-110.3093,2009-09-02,2009-10-03,2339.5,Orphan,153.4,0.0,69.4,5.21,576995.0,57.0,1389188.0
AB-102445,MEG Energy,Medicine Hat,Oil Sands,Cardium,49.9311,-110.7872,2013-01-20,2013-04-08,2766.9,Producing,133.4,23.0,,27.35,356977.0,169.0,751222.0
AB-102446,MEG Energy,Athabasca,Gas,Bakken,56.7141,-111.901,2020-01-14,2020-06-13,2339.2,Producing,31.5,7.2,13.9,36.4,232.0,1301.0,634.0
AB-102447,Suncor Energy,Medicine Hat,Heavy Oil,Bakken,50.1757,-110.5172,2012-06-16,2012-09-09,1845.1,Producing,29.6,6.8,,31.11,142138.0,1026.0,251896.0
AB-102448,Obsidian Energy,Grande Prairie,Heavy Oil,Bakken,55.5766,-119.2263,2012-02-13,2012-04-05,1672.2,Abandoned,224.7,0.0,57.7,34.57,1041705.0,86.0,2038960.0
AB-102449,Obsidian Energy,Peace River,Heavy Oil,Colorado Group,56.6771,-117.4896,2016-10-07,2016-11-10,814.4,Producing,125.1,24.8,81.2,13.12,326862.0,433.0,450649.0
AB-102450,Obsidian Energy,Lloydminster,Heavy Oil,Colorado Group,53.2252,-110.1259,2003-09-16,2004-02-06,3270.2,Orphan,44.6,0.0,98.0,5.91,206035.0,7.0,540898.0
AB-102451,Crescent Point Energy,Medicine Hat,Oil,Bakken,50.2535,-110.7685,2000-02-10,2000-06-11,1273.5,Producing,50.2,1.3,96.0,28.62,395647.0,15.0,712277.0
AB-102452,Cenovus Energy,Medicine Hat,Heavy Oil,Bakken,50.3039,-110.4362,2017-07-13,2017-12-21,2444.9,Producing,246.9,91.8,98.0,30.79,524048.0,303.0,1119295.0
AB-102453,Obsidian Energy,Peace River,Heavy Oil,Bakken,56.8793,-117.4661,2008-07-01,2008-12-04,,Suspended,309.6,0.0,48.3,5.36,1193657.0,411.0,2103780.0
AB-102454,Whitecap Resources,Grande Prairie,Gas,Viking,55.5543,-118.5743,2018-10-01,2018-12-25,1783.5,Abandoned,27.2,0.0,72.4,36.59,1989.0,2756.0,1686.0
AB-102455,Obsidian Energy,Medicine Hat,Oil Sands,Montney,49.9306,-110.5733,2019-11-06,2019-11-26,1697.6,Producing,96.1,25.1,53.9,12.59,138257.0,351.0,360487.0
AB-102456,Canadian Natural Resources,Grande Prairie,Oil,Viking,55.1494,-119.4983,2000-07-27,2000-11-02,2792.8,Abandoned,202.1,0.0,90.3,34.64,770596.0,89.0,1003565.0
AB-102457,Athabasca Oil Corp,Peace River,Gas,Cardium,56.9495,-116.5519,2010-06-14,2010-10-07,2407.3,Producing,58.2,3.4,65.8,38.43,1342.0,10461.0,3253.0
AB-102458,Imperial Oil,Cold Lake,Gas,Colorado Group,54.1203,-109.8418,1999-11-14,2000-01-30,753.5,Producing,250.0,7.7,98.0,27.76,4881.0,897.0,13315.0
AB-102459,Obsidian Energy,Lloydminster,Heavy Oil,McMurray,53.3057,-110.0098,2016-06-01,2016-08-23,1397.3,Abandoned,164.3,0.0,48.4,26.75,270197.0,906.0,294601.0
AB-102460,Suncor Energy,Lloydminster,Heavy Oil,Cardium,52.9196,-110.1671,2017-03-01,2017-06-04,300.0,Abandoned,44.0,0.0,,7.1,97844.0,8.0,51849.0
AB-102461,Imperial Oil,Athabasca,Oil Sands,Cardium,56.4042,-110.7188,2023-02-07,2023-06-12,2655.3,Producing,129.2,44.6,32.0,24.54,72207.0,112.0,42637.0
AB-102462,Obsidian Energy,Athabasca,Heavy Oil,Colorado Group,57.6204,-110.6412,2002-05-18,2002-08-09,1386.5,Producing,5.1,0.5,46.4,5.12,22339.0,252.0,59153.0
AB-102463,Canadian Natural Resources,Athabasca,Gas,Viking,56.0661,-111.1677,1999-12-17,2000-03-01,1895.5,Orphan,67.7,0.0,64.5,35.17,4125.0,8391.0,4996.0
AB-102464,Athabasca Oil Corp,Cold Lake,Gas,McMurray,54.3712,-109.9025,2019-10-16,2020-04-10,1540.7,Producing,126.7,66.8,35.9,21.08,2908.0,15215.0,4728.0
AB-102465,MEG Energy,Grande Prairie,Oil Sands,Clearwater,55.3705,-118.7301,2019-02-13,2019-05-07,2438.6,Suspended,30.7,0.0,51.4,11.99,51452.0,45.0,55056.0
AB-102466,Obsidian Energy,Cold Lake,Oil Sands,McMurray,54.5596,-110.4234,2014-10-12,2015-01-29,2212.0,Producing,27.7,7.0,60.4,6.0,67652.0,1510.0,188561.0
AB-102467,MEG Energy,Athabasca,Gas,Clearwater,56.838,-111.8159,2004-09-15,2004-10-30,2019.7,Abandoned,48.6,0.0,,34.86,1339.0,806.0,2668.0
AB-102468,Athabasca Oil Corp,Grande Prairie,Heavy Oil,Bakken,55.5789,-118.7617,2009-07-10,2009-09-06,2388.3,Producing,153.8,1.3,32.0,14.6,399746.0,72.0,1116854.0
AB-102469,Suncor Energy,Athabasca,Oil,Cardium,56.282,-111.107,2016-02-18,2016-07-08,2029.2,Suspended,374.0,0.0,67.6,21.79,801642.0,143.0,1233978.0
AB-102470,Baytex Energy,Grande Prairie,Gas,Bakken,55.1036,-118.7279,2009-12-20,2010-04-10,570.7,Producing,34.3,0.6,71.0,25.91,436.0,23421.0,1224.0
AB-102471,Whitecap Resources,Cold Lake,Oil Sands,McMurray,54.6371,-110.3626,2022-01-03,2022-05-28,1783.7,Producing,69.8,30.8,,3.14,89470.0,230.0,199964.0
AB-102472,,Grande Prairie,Gas,Cardium,55.2984,-118.731,2004-01-14,2004-05-23,1686.7,Producing,218.3,0.2,98.0,14.33,2320.0,3468.0,6661.0
AB-102473,MEG Energy,Grande Prairie,Gas,Colorado Group,55.3022,-118.9669,2012-02-21,2012-03-10,1890.4,Abandoned,22.0,0.0,33.9,15.66,1007.0,115.0,614.0
AB-102474,Whitecap Resources,Grande Prairie,Oil,Bakken,55.5204,-119.4685,2009-11-16,2010-02-17,3138.8,Producing,102.4,11.0,44.1,24.98,442093.0,330.0,263479.0
AB-102475,Athabasca Oil Corp,Athabasca,Oil,Cardium,57.2865,-111.9192,2019-03-03,2019-08-13,932.5,Producing,500.0,55.2,24.6,4.03,772317.0,10.0,762823.0
AB-102476,Obsidian Energy,Athabasca,Oil,Duvernay,56.1146,-110.5904,2022-12-11,2023-03-29,,Abandoned,86.1,0.0,31.2,16.43,87892.0,82.0,193713.0
AB-102477,Baytex Energy,Cold Lake,Gas,Duvernay,54.4511,-110.0162,2023-11-18,2023-12-18,1013.4,Orphan,17.8,0.0,74.3,8.94,3551.0,1742.0,9779.0
AB-102478,Crescent Point Energy,Cold Lake,Gas,Clearwater,54.5859,-109.865,2020-11-11,2021-02-03,2260.9,Producing,243.1,62.6,21.0,24.5,634.0,906.0,1374.0
AB-102479,,Medicine Hat,Gas,Cardium,50.3129,-110.8682,2019-09-20,2020-03-14,2678.6,Abandoned,20.1,0.0,98.0,30.59,3025.0,10543.0,8829.0
AB-102480,Athabasca Oil Corp,Peace River,Oil,Clearwater,56.4009,-116.6148,2002-04-20,2002-07-28,1171.9,Suspended,74.1,0.0,47.8,15.11,584350.0,114.0,280214.0
AB-102481,Athabasca Oil Corp,Lloydminster,Oil Sands,Duvernay,53.3189,-109.5605,2021-03-21,2021-07-01,1908.1,Producing,107.2,55.7,78.4,9.0,161202.0,39.0,411916.0
AB-102482,Suncor Energy,Medicine Hat,Oil,Cardium,50.0361,-111.0036,2012-02-26,2012-05-18,1271.9,Abandoned,78.1,0.0,78.2,15.55,394773.0,44.0,131220.0
AB-102483,Imperial Oil,Lloydminster,Oil Sands,Cardium,53.3776,-109.7802,2013-08-04,2013-08-19,821.5,Producing,3585.6000000000004,6.0,98.0,24.35,1283192.0,109.0,1014329.0
AB-102484,Suncor Energy,Athabasca,Heavy Oil,Viking,56.8168,-111.6716,2007-09-02,2008-02-11,1730.5,Producing,21.5,4.0,66.7,15.14,123441.0,63.0,318393.0
AB-102485,Imperial Oil,Cold Lake,Oil,Colorado Group,54.5501,-110.1742,2023-07-15,2024-01-07,1988.1,Producing,29.4,19.2,11.1,15.08,17578.0,67.0,38669.0
AB-102486,Athabasca Oil Corp,Cold Lake,Oil Sands,McMurray,54.4783,-110.3353,2018-10-27,2019-03-18,701.3,Producing,68.4,14.5,45.7,7.61,155029.0,831.0,415995.0
AB-102487,Whitecap Resources,Medicine Hat,Oil Sands,McMurray,50.3049,-111.0758,2017-04-25,2017-09-26,1546.1,Producing,99.0,10.7,55.7,12.91,257608.0,15.0,465255.0
AB-102488,Imperial Oil,Cold Lake,Oil Sands,Colorado Group,54.1055,-110.4928,2017-06-21,2017-08-18,2684.7,Producing,129.7,18.3,63.1,35.2,352726.0,38.0,693664.0
AB-102489,Canadian Natural Resources,Grande Prairie,Gas,Duvernay,55.2394,-119.0413,2013-05-25,2013-11-08,,Producing,155.6,15.0,32.0,6.46,4128.0,6953.0,11524.0
AB-102490,MEG Energy,Lloydminster,Gas,McMurray,53.3629,-109.5114,2011-06-26,2011-11-05,1817.8,Producing,30.0,3.8,46.9,11.41,4685.0,5917.0,8688.0
AB-102491,,Athabasca,Oil Sands,Cardium,58.4946,-111.2453,2010-07-04,2010-08-04,1941.7,Abandoned,61.1,0.0,63.9,34.24,206332.0,43.0,377666.0
AB-102492,Canadian Natural Resources,Athabasca,Oil Sands,Cardium,57.1581,-111.2777,2009-01-24,2009-04-28,1208.6,Producing,37.1,3.7,86.6,19.81,171373.0,49.0,432264.0
AB-102493,MEG Energy,Cold Lake,Heavy Oil,Colorado Group,54.7183,-110.3433,2013-02-08,2013-08-03,2338.8,Producing,16.3,2.9,98.0,36.88,62909.0,51.0,46319.0
AB-102494,MEG Energy,Medicine Hat,Oil,Viking,49.9537,-110.8488,2002-01-02,2002-06-02,1752.5,Orphan,134.5,0.0,65.7,12.26,499551.0,11.0,1474900.0
AB-102495,Baytex Energy,Athabasca,Oil Sands,Bakken,57.1043,-111.8113,2014-12-20,2015-04-11,2136.2,Producing,28.4,0.6,90.4,18.75,111514.0,1420.0,262322.0
AB-102496,MEG Energy,Athabasca,Oil Sands,Clearwater,56.9941,-110.9561,2002-09-25,2003-03-21,2624.9,Producing,11.8,0.0,73.4,16.35,85602.0,93.0,138680.0
AB-102497,Cenovus Energy,Lloydminster,Oil,Bakken,52.986,-109.9635,2019-04-27,2019-09-04,2204.3,Producing,77.6,20.0,55.6,28.66,110606.0,302.0,124020.0
AB-102498,Athabasca Oil Corp,Lloydminster,Gas,Clearwater,53.315,-110.044,2012-05-24,2012-08-19,1518.7,Orphan,57.3,0.0,,34.23,1277.0,2585.0,652.0
AB-102499,Baytex Energy,Lloydminster,Gas,Duvernay,53.3167,-109.7742,2008-12-26,2009-05-05,2416.2,Producing,58.6,10.4,80.1,34.12,1916.0,3246.0,1326.0
AB-102500,Suncor Energy,Cold Lake,Oil Sands,Colorado Group,54.3489,-110.0444,2014-01-16,2014-07-03,2098.0,Orphan,11.4,0.0,23.2,26.01,35718.0,165.0,33090.0
AB-102501,Cenovus Energy,Athabasca,Gas,Cardium,56.7777,-111.059,2017-02-27,2017-05-13,1503.2,Producing,44.9,3.4,25.5,24.63,894.0,9641.0,339.0
AB-102502,Crescent Point Energy,Athabasca,Oil Sands,Bakken,56.5246,-110.5708,2022-05-23,2022-11-07,2942.6,Producing,66.0,19.1,78.8,39.69,55332.0,125.0,159664.0
AB-102503,Obsidian Energy,Cold Lake,Oil,Clearwater,54.5646,-110.4522,2018-12-26,2019-04-25,1670.3,Producing,89.8,39.7,47.4,5.53,113809.0,463.0,48015.0
AB-102504,Imperial Oil,Peace River,Heavy Oil,Montney,56.541,-117.037,2008-09-13,2008-10-24,3026.0,Orphan,20.5,0.0,61.5,37.68,118645.0,25.0,85942.0
AB-102505,Imperial Oil,Lloydminster,Oil Sands,Viking,52.8916,-109.646,2010-07-03,2010-08-21,1612.3,Suspended,86.3,0.0,40.4,10.68,466027.0,17.0,1016971.0
AB-102506,Whitecap Resources,Cold Lake,Heavy Oil,Cardium,54.1372,-110.2768,2019-07-01,2019-10-11,936.4,Suspended,163.4,0.0,17.8,13.18,182769.0,69.0,403539.0
AB-102507,Crescent Point Energy,Cold Lake,Gas,Cardium,54.0277,-110.4258,2022-07-04,2022-09-28,2630.3,Producing,195.6,137.9,47.1,15.27,1699.0,2194.0,2608.0
AB-102508,Obsidian Energy,Cold Lake,Oil,McMurray,54.4189,-110.3625,2015-12-20,2016-05-24,2562.8,Abandoned,65.7,0.0,77.2,1.64,204805.0,238.0,476859.0
AB-102509,Cenovus Energy,Lloydminster,Heavy Oil,Bakken,53.2882,-109.6454,2010-07-25,2011-01-01,2542.8,Producing,56.8,15.2,98.0,31.6,179692.0,107.0,414417.0
AB-102510,Obsidian Energy,Grande Prairie,Gas,Bakken,55.0604,-118.6272,2014-10-07,2014-11-08,1893.0,Suspended,144.5,0.0,35.2,18.72,3089.0,1977.0,7836.0
AB-102511,Whitecap Resources,Medicine Hat,Oil Sands,Bakken,50.0404,-110.9255,2017-11-09,2017-12-09,2365.5,Producing,177.1,30.9,18.9,11.33,366475.0,2412.0,991861.0
AB-102512,Baytex Energy,Peace River,Oil Sands,Colorado Group,56.5425,-116.6662,2016-09-14,2016-11-07,2448.9,Producing,193.2,11.6,66.5,33.22,432561.0,1353.0,813193.0
AB-102513,Athabasca Oil Corp,Cold Lake,Heavy Oil,McMurray,54.0532,-110.1639,2003-12-25,2004-02-18,3306.2,Suspended,61.3,0.0,52.4,18.09,376858.0,141.0,1015120.0
AB-102514,Whitecap Resources,Cold Lake,Gas,McMurray,54.0273,-110.2964,2003-12-03,2004-04-23,1805.7,Suspended,45.7,0.0,79.4,7.17,997.0,2599.0,2202.0
AB-102515,Baytex Energy,Lloydminster,Oil Sands,Montney,53.2773,-110.0347,2021-04-26,2021-05-13,1465.6,Producing,80.0,16.8,70.3,32.64,132013.0,2287.0,249434.0
AB-102516,Crescent Point Energy,Medicine Hat,Heavy Oil,Cardium,50.0873,-110.481,2020-07-22,2020-11-14,2458.0,Orphan,102.3,0.0,49.2,27.52,135011.0,67.0,110722.0
AB-102517,MEG Energy,Lloydminster,Oil Sands,Montney,53.3993,-110.0019,2000-12-07,2001-04-18,1485.6,Producing,20.1,1.4,63.7,38.03,98298.0,291.0,92022.0
AB-102518,Imperial Oil,Peace River,Oil,Montney,56.6462,-116.771,2012-04-25,2012-09-08,2617.0,Producing,147.5,13.1,80.6,20.3,475695.0,56.0,447972.0
AB-102519,Canadian Natural Resources,Medicine Hat,Gas,Colorado Group,50.0418,-111.1851,2012-02-03,2012-05-23,1270.1,Suspended,9.9,0.0,56.1,31.8,4922.0,810.0,13551.0
AB-102520,Baytex Energy,Peace River,Gas,Colorado Group,56.1531,-117.457,2014-11-27,2015-01-01,1850.4,Producing,25.5,4.9,44.7,3.14,4020.0,15235.0,2381.0
AB-102521,MEG Energy,Peace River,Oil Sands,Colorado Group,56.15,-116.8753,2020-10-27,2020-12-21,1115.3,Abandoned,73.9,0.0,73.1,19.62,83267.0,65.0,131913.0
AB-102522,Athabasca Oil Corp,Peace River,Gas,Duvernay,56.4285,-117.0659,2013-06-23,2013-10-26,1627.9,Producing,25.9,8.6,72.1,6.75,2456.0,25315.0,4018.0
AB-102523,Whitecap Resources,Athabasca,Oil Sands,Clearwater,57.1971,-110.9579,2005-10-15,2006-02-20,1149.7,Abandoned,464.9,0.0,44.7,1.51,2804532.0,175.0,2212038.0
AB-102524,Athabasca Oil Corp,Athabasca,Oil Sands,Clearwater,57.864,-110.7866,2000-04-11,2000-07-08,1644.7,Producing,65.2,4.8,98.0,25.9,514351.0,47.0,1386410.0
AB-102525,Baytex Energy,Cold Lake,Heavy Oil,Cardium,54.0875,-110.2181,2008-06-19,2008-09-07,2484.5,Producing,31.5,0.1,73.7,17.25,132388.0,427.0,124965.0
AB-102526,MEG Energy,Athabasca,Oil,Cardium,57.1564,-110.921,2023-09-17,2024-03-02,565.4,Producing,31.2,24.2,26.8,37.29,12243.0,97.0,27989.0
AB-102527,Imperial Oil,Athabasca,Gas,McMurray,56.7709,-110.5555,2016-09-21,2016-11-19,1143.0,Producing,9.9,0.5,46.6,6.28,2378.0,50477.0,3381.0
AB-102528,Obsidian Energy,Cold Lake,Heavy Oil,Colorado Group,54.7643,-109.9206,2007-09-20,2007-10-27,2140.7,Producing,149.1,4.0,49.5,3.0,718079.0,68.0,1948291.0
AB-102529,Obsidian Energy,Medicine Hat,Heavy Oil,McMurray,49.95,-111.0483,2004-12-13,2005-04-17,2084.6,Producing,14.7,0.2,98.0,16.74,59666.0,6.0,82041.0
AB-102530,Cenovus Energy,Medicine Hat,Oil Sands,Colorado Group,50.2405,-110.6714,2019-05-02,2019-06-02,2281.9,Producing,108.8,17.5,20.5,14.29,201910.0,175.0,560070.0
AB-102531,Obsidian Energy,Athabasca,Oil Sands,Clearwater,56.6394,-111.4293,2007-06-08,2007-11-20,646.7,Orphan,45.6,0.0,46.7,30.88,143986.0,121.0,119975.0
AB-102532,Athabasca Oil Corp,Grande Prairie,Heavy Oil,Cardium,55.4046,-118.9672,2012-05-02,2012-10-12,1877.1,Producing,76.1,1.6,76.2,17.47,269443.0,136.0,86271.0
AB-102533,Imperial Oil,Medicine Hat,Oil Sands,Cardium,49.8765,-111.0161,2018-02-10,2018-07-30,2514.7,Producing,174.8,15.2,53.7,33.85,349870.0,41.0,581243.0
AB-102534,Suncor Energy,Athabasca,Oil,McMurray,57.3337,-111.1083,2004-12-21,2005-05-05,2074.6,Producing,21.1,0.0,58.5,12.15,89172.0,379.0,75721.0
AB-102535,Cenovus Energy,Athabasca,Heavy Oil,Viking,56.2731,-111.4733,2010-12-22,2011-02-21,2321.4,Suspended,86.7,0.0,52.2,14.42,339164.0,13.0,511026.0
AB-102536,Obsidian Energy,Grande Prairie,Gas,Cardium,54.8233,-119.2406,2022-08-21,2023-02-12,1850.6,Abandoned,49.0,0.0,61.5,34.0,4993.0,9108.0,6141.0
AB-102537,,Athabasca,Heavy Oil,Duvernay,57.3022,-111.0603,2010-05-24,2010-07-31,1799.3,Suspended,37.1,0.0,73.9,17.89,185468.0,205.0,66485.0
AB-102538,Obsidian Energy,Peace River,Oil,Duvernay,56.4988,-116.7446,2005-11-16,2005-12-13,1008.2,Producing,21.8,0.4,49.6,27.25,90919.0,222.0,158165.0
AB-102539,Suncor Energy,Lloydminster,Oil,McMurray,53.0019,-109.6991,2010-08-05,2010-09-12,2852.9,Producing,116.4,0.8,64.8,30.48,390029.0,78.0,880291.0
AB-102540,Baytex Energy,Cold Lake,Gas,Cardium,54.479,-110.1846,2011-01-08,2011-06-18,2268.5,Suspended,74.4,0.0,,31.66,2031.0,5663.0,4902.0
AB-102541,,Athabasca,Gas,Viking,56.512,-111.263,2010-03-03,2010-05-08,1595.8,Producing,64.8,0.6,56.8,31.44,4692.0,1272.0,5003.0
AB-102542,Athabasca Oil Corp,Grande Prairie,Oil Sands,Clearwater,54.8999,-118.9141,2003-06-04,2003-08-05,,Producing,16.7,0.5,46.6,39.99,78431.0,48.0,81053.0
AB-102543,,Medicine Hat,Oil Sands,Cardium,50.2084,-110.5914,2019-12-21,2020-01-07,1427.7,Suspended,196.9,0.0,31.0,38.78,240125.0,923.0,250732.0
AB-102544,Crescent Point Energy,Medicine Hat,Oil,Colorado Group,49.9692,-111.1538,2014-10-08,2015-01-20,2520.7,Abandoned,42.5,0.0,,1.42,148040.0,65.0,281790.0
AB-102545,Canadian Natural Resources,Grande Prairie,Oil Sands,Bakken,55.4582,-118.5515,2014-12-06,2015-03-18,2200.5,Producing,14.1,1.2,52.4,35.61,35707.0,173.0,34447.0
AB-102546,Athabasca Oil Corp,Athabasca,Gas,Colorado Group,57.24,-110.9911,1998-09-10,1999-01-28,2476.9,Producing,304.2,3.2,92.9,19.19,3760.0,12947.0,10320.0
AB-102547,Cenovus Energy,Cold Lake,Oil Sands,Viking,54.561,-109.9921,2004-09-17,2005-02-23,1926.6,Producing,125.0,0.2,68.4,18.49,740633.0,106.0,607448.0
AB-102548,Athabasca Oil Corp,Grande Prairie,Oil Sands,Viking,54.977,-119.1011,2000-04-01,2000-05-02,341.2,Producing,218.5,0.0,83.8,8.58,1833994.0,431.0,5435444.0
AB-102549,Crescent Point Energy,Cold Lake,Oil Sands,Clearwater,54.1199,-109.8469,2004-11-20,2005-04-06,1650.2,Producing,128.6,20.4,62.2,24.38,598294.0,1234.0,845683.0
AB-102550,Whitecap Resources,Athabasca,Oil Sands,Duvernay,57.2427,-110.7034,2001-03-06,2001-06-30,1419.4,Suspended,270.6,0.0,81.8,7.24,2344797.0,61.0,3420102.0
AB-102551,Imperial Oil,Medicine Hat,Gas,Clearwater,49.85,-111.0388,2003-01-17,2003-07-02,962.6,Producing,20.7,1.0,64.4,33.91,1896.0,8539.0,4329.0
AB-102552,Athabasca Oil Corp,Grande Prairie,Oil Sands,Viking,55.2067,-118.6459,2000-08-07,2000-12-05,1654.1,Producing,192.6,15.1,98.0,17.3,1709777.0,102.0,1782697.0
AB-102553,Canadian Natural Resources,Medicine Hat,Oil,Cardium,50.2806,-110.9938,2015-01-22,2015-05-04,1132.6,Producing,95.2,11.2,45.5,5.45,337448.0,38.0,608879.0
AB-102554,Whitecap Resources,Lloydminster,Oil,Montney,52.8193,-110.0412,2009-03-24,2009-07-18,1536.3,Producing,20.1,1.2,89.0,22.83,94126.0,1117.0,229179.0
AB-102555,Imperial Oil,Lloydminster,Oil,Colorado Group,53.0096,-110.1182,2010-03-12,2010-05-20,982.5,Abandoned,52.1,0.0,70.6,33.2,179295.0,1038.0,240793.0
AB-102556,Crescent Point Energy,Grande Prairie,Oil,Montney,55.4854,-119.301,2005-02-22,2005-04-16,1542.6,Orphan,128.1,0.0,82.9,11.25,596380.0,763.0,983347.0
AB-102557,Cenovus Energy,Peace River,Gas,Montney,56.3254,-117.1777,2015-08-02,2015-12-28,2065.0,Producing,31.5,2.3,35.5,32.37,3176.0,8529.0,2607.0
AB-102558,Athabasca Oil Corp,Athabasca,Gas,Viking,57.6699,-111.4228,2003-05-12,2003-09-18,2589.3,Suspended,56.8,0.0,,31.2,3443.0,241.0,8567.0
AB-102559,MEG Energy,Lloydminster,Oil,Clearwater,53.3846,-110.1818,2002-08-11,2002-11-02,1618.9,Abandoned,19.0,0.0,90.1,4.19,131557.0,98.0,362060.0
AB-102560,Imperial Oil,Grande Prairie,Gas,Colorado Group,55.0356,-118.741,2017-08-20,2018-02-05,,Suspended,47.0,0.0,38.5,21.88,989.0,2550.0,2108.0
AB-102561,Cenovus Energy,Athabasca,Heavy Oil,Clearwater,56.7797,-110.8383,2007-08-23,2007-12-11,523.6,Abandoned,35.7,0.0,86.6,12.72,116222.0,105.0,144105.0
AB-102562,Suncor Energy,Athabasca,Heavy Oil,Bakken,57.0389,-111.7202,2002-10-10,2003-03-12,2737.7,Orphan,739.8,0.0,98.0,18.44,5305254.0,35.0,4008361.0
AB-102563,Suncor Energy,Grande Prairie,Oil,Bakken,55.2544,-119.2868,2003-12-18,2004-01-10,2593.7,Abandoned,62.3,0.0,98.0,8.83,335217.0,328.0,399249.0
AB-102564,Whitecap Resources,Lloydminster,Gas,Montney,52.9509,-110.1254,2012-06-17,2012-09-26,1486.2,Abandoned,237.2,0.0,42.6,19.96,3664.0,39.0,9119.0
AB-102565,Obsidian Energy,Medicine Hat,Oil,Clearwater,49.8828,-110.5199,2015-10-02,2015-11-18,1014.4,Suspended,79.1,0.0,55.1,10.62,227835.0,393.0,605911.0
AB-102566,Canadian Natural Resources,Cold Lake,Heavy Oil,Colorado Group,54.2066,-110.3441,2015-10-20,2016-03-04,1094.2,Suspended,22.6,0.0,85.7,18.8,80792.0,1433.0,149279.0
AB-102567,Baytex Energy,Lloydminster,Oil Sands,Duvernay,53.1495,-110.0213,2017-10-18,2017-12-17,1763.9,Abandoned,49.8,0.0,68.4,7.32,83602.0,83.0,83269.0
AB-102568,Obsidian Energy,Lloydminster,Oil Sands,Duvernay,53.0282,-109.8876,2023-08-09,2024-01-20,1537.7,Producing,53.2,26.0,61.2,30.09,30146.0,852.0,45998.0
AB-102569,MEG Energy,Cold Lake,Oil Sands,Clearwater,54.7319,-110.4706,2011-06-19,2011-09-27,2065.1,Producing,79.4,0.8,67.6,19.77,414129.0,113.0,1207310.0
AB-102570,Cenovus Energy,Grande Prairie,Oil Sands,Viking,55.2449,-119.033,2012-05-02,2012-05-24,1569.5,Producing,80.0,7.0,85.9,4.49,214336.0,142.0,118859.0
AB-102571,Canadian Natural Resources,Medicine Hat,Oil,Colorado Group,50.2876,-110.4426,2016-11-10,2017-01-24,3000.6,Suspended,48.1,0.0,,9.31,71489.0,13.0,40484.0
AB-102572,Athabasca Oil Corp,Athabasca,Oil,Colorado Group,56.3614,-111.7476,1998-08-16,1998-11-28,946.1,Suspended,150.2,0.0,98.0,35.4,1050258.0,35.0,3085691.0
AB-102573,Crescent Point Energy,Cold Lake,Oil,Viking,54.3416,-109.8266,2015-03-25,2015-09-05,3627.0,Producing,379.0,142.0,57.7,14.35,1182685.0,103.0,1357668.0
AB-102574,Imperial Oil,Lloydminster,Oil Sands,Viking,53.2532,-110.1567,2010-09-05,2010-12-22,2279.7,Producing,87.3,1.2,72.0,21.68,315560.0,54.0,210533.0
AB-102575,Imperial Oil,Lloydminster,Gas,Viking,53.2879,-110.0528,2007-05-03,2007-05-21,,Producing,216.8,1.2,68.5,39.07,4315.0,892.0,6370.0
AB-102576,Obsidian Energy,Athabasca,Heavy Oil,Montney,57.1398,-111.4407,2004-10-27,2005-02-27,1266.5,Producing,131.1,0.3,,32.98,587842.0,60.0,244940.0
AB-102577,Crescent Point Energy,Medicine Hat,Heavy Oil,Cardium,50.2398,-110.6652,2018-10-11,2018-11-10,2586.9,Suspended,51.0,0.0,,39.89,95174.0,59.0,100353.0
AB-102578,Imperial Oil,Athabasca,Heavy Oil,Duvernay,57.4191,-110.8813,2017-06-20,2017-07-25,718.1,Abandoned,201.9,0.0,33.1,1.96,583998.0,1125.0,689907.0
AB-102579,Obsidian Energy,Peace River,Heavy Oil,Duvernay,56.4912,-116.8756,2011-11-16,2012-03-20,2027.3,Producing,50.2,0.5,63.3,29.35,255089.0,183.0,512023.0
AB-102580,Imperial Oil,Lloydminster,Oil Sands,Colorado Group,52.9587,-109.6709,2015-02-15,2015-08-01,1901.9,Abandoned,68.8,0.0,78.8,24.11,214340.0,601.0,363662.0
AB-102581,Cenovus Energy,Cold Lake,Oil,McMurray,54.2421,-109.9845,2014-08-08,2014-12-28,3647.4,Suspended,110.7,0.0,28.8,7.18,353687.0,49.0,463367.0
AB-102582,Suncor Energy,Grande Prairie,Gas,Duvernay,54.9972,-119.4954,2011-02-13,2011-07-22,1370.6,Producing,3.7,1.1,68.6,32.38,196.0,12610.0,210.0
AB-102583,Obsidian Energy,Medicine Hat,Gas,Montney,50.3895,-110.66,2008-10-20,2009-01-26,300.0,Suspended,610.9,0.0,63.4,36.0,3452.0,459.0,3930.0
AB-102584,Baytex Energy,Peace River,Oil Sands,Bakken,56.2965,-116.6475,2019-11-23,2020-01-31,1534.2,Producing,58.6,31.3,80.0,35.21,88043.0,190.0,116141.0
AB-102585,Crescent Point Energy,Athabasca,Oil Sands,Cardium,56.6243,-111.0866,1999-11-20,2000-04-21,2267.2,Producing,92.2,0.0,98.0,16.43,746711.0,12.0,1560509.0
AB-102586,Cenovus Energy,Medicine Hat,Oil Sands,Montney,50.0615,-110.5823,2013-11-27,2014-04-10,3108.9,Suspended,138.8,0.0,40.0,8.78,416417.0,249.0,151916.0
AB-102587,Suncor Energy,Medicine Hat,Oil,McMurray,49.833,-110.9915,2003-11-26,2004-03-11,2044.4,Abandoned,247.3,0.0,98.0,33.48,1548262.0,68.0,854248.0
AB-102588,Obsidian Energy,Medicine Hat,Heavy Oil,Bakken,50.1854,-110.5431,2022-10-22,2022-12-29,603.8,Producing,15.7,5.4,47.1,12.84,14392.0,21.0,11417.0
AB-102589,MEG Energy,Grande Prairie,Gas,Clearwater,55.1433,-119.1411,2004-07-23,2004-08-22,1093.5,Producing,27.4,0.3,52.5,30.97,4143.0,795.0,7092.0
AB-102590,MEG Energy,Lloydminster,Heavy Oil,Bakken,52.9358,-109.6589,1999-07-01,1999-11-04,1120.4,Producing,210.0,0.1,57.7,33.35,1709727.0,2711.0,2165619.0
AB-102591,Obsidian Energy,Athabasca,Oil Sands,Bakken,57.3532,-111.3165,2004-07-01,2004-08-24,2543.4,Producing,126.0,0.5,70.1,18.06,556494.0,21.0,583753.0
AB-102592,Whitecap Resources,Cold Lake,Heavy Oil,Clearwater,54.5015,-110.2583,2000-07-07,2000-12-13,1404.9,Producing,95.6,0.0,87.5,26.58,523227.0,88.0,800970.0
AB-102593,Crescent Point Energy,Medicine Hat,Oil Sands,Clearwater,50.2118,-111.0483,2021-11-24,2021-12-12,1854.5,Producing,123.0,31.5,55.5,8.62,85173.0,9.0,250116.0
AB-102594,Baytex Energy,Athabasca,Heavy Oil,Colorado Group,57.2087,-111.2666,2014-03-22,2014-09-01,1894.1,Producing,142.0,11.2,47.0,15.56,410444.0,50.0,639063.0
AB-102595,Imperial Oil,Medicine Hat,Oil Sands,Montney,49.8991,-110.6661,2004-04-07,2004-09-18,2030.2,Abandoned,106.3,0.0,79.1,13.22,599923.0,308.0,805364.0
AB-102596,MEG Energy,Lloydminster,Gas,Cardium,52.9545,-109.8851,2014-01-07,2014-06-12,1504.5,Producing,86.4,10.7,84.6,21.8,1352.0,15144.0,3570.0
AB-102597,Baytex Energy,Cold Lake,Heavy Oil,Duvernay,54.1459,-110.3426,2015-11-26,2015-12-11,1319.7,Suspended,111.1,0.0,25.0,25.33,301526.0,424.0,301174.0
AB-102598,Baytex Energy,Athabasca,Oil Sands,Bakken,57.6143,-111.0357,2005-07-20,2005-09-06,1808.2,Producing,50.8,0.8,,18.74,346080.0,349.0,864787.0
AB-102599,Cenovus Energy,Peace River,Heavy Oil,Viking,56.1583,-117.3114,2019-12-20,2020-02-18,1781.1,Producing,737.5,170.5,29.2,37.58,742028.0,19.0,2142244.0
AB-102600,Cenovus Energy,Medicine Hat,Oil,Clearwater,50.0327,-111.052,2016-06-22,2016-12-09,1255.2,Producing,16.7,0.7,45.8,31.79,24244.0,806.0,47758.0
AB-102601,Canadian Natural Resources,Lloydminster,Gas,Colorado Group,53.0359,-110.0459,2009-04-19,2009-06-16,1718.5,Producing,34.7,6.8,82.8,38.86,3000.0,62535.0,5871.0
AB-102602,Obsidian Energy,Athabasca,Gas,Duvernay,56.3912,-111.4241,2020-05-13,2020-08-06,3035.9,Abandoned,90.6,0.0,38.7,37.3,2158.0,13895.0,2976.0
AB-102603,Imperial Oil,Athabasca,Oil,Montney,57.0113,-110.5528,2010-01-04,2010-03-20,2744.4,Producing,240.8,6.9,67.5,4.45,848224.0,43.0,2387385.0
AB-102604,Imperial Oil,Grande Prairie,Oil,McMurray,54.8583,-118.8929,2007-02-17,2007-07-05,1677.7,Suspended,66.6,0.0,83.6,24.95,277931.0,740.0,533222.0
AB-102605,MEG Energy,Peace River,Gas,Bakken,56.8814,-117.2953,2022-02-07,2022-07-25,2754.8,Producing,60.7,33.0,59.6,16.21,4949.0,3511.0,12334.0
AB-102606,Obsidian Energy,Grande Prairie,Oil Sands,Bakken,55.0632,-118.9844,2002-04-24,2002-06-20,1997.8,Producing,74.4,0.0,84.7,9.67,398060.0,746.0,561331.0
AB-102607,MEG Energy,Athabasca,Oil Sands,Clearwater,57.9892,-110.7801,2008-06-16,2008-07-30,1032.6,Producing,27.2,3.5,64.2,21.5,84455.0,395.0,246597.0
AB-102608,Obsidian Energy,Peace River,Oil Sands,Duvernay,56.3911,-116.7412,2010-12-14,2011-04-04,936.2,Orphan,79.1,0.0,45.7,17.95,264537.0,43.0,264960.0
AB-102609,Canadian Natural Resources,Grande Prairie,Oil,Clearwater,54.8438,-119.3555,2013-10-15,2014-03-21,916.3,Suspended,209.2,0.0,85.5,26.38,889518.0,268.0,920439.0
AB-102610,Suncor Energy,Athabasca,Heavy Oil,Clearwater,58.41,-110.8239,2016-09-12,2017-01-27,783.7,Orphan,242.3,0.0,69.4,10.57,343376.0,11.0,263596.0
AB-102611,Obsidian Energy,Peace River,Gas,Cardium,56.9125,-117.3326,2023-02-04,2023-07-02,2160.5,Suspended,37.4,0.0,51.3,25.84,4143.0,25896.0,2731.0
AB-102612,Baytex Energy,Peace River,Oil Sands,Duvernay,56.6058,-117.2876,2015-06-13,2015-10-27,1434.5,Producing,368.4,86.8,38.4,11.01,1370597.0,25.0,1029184.0
AB-102613,Canadian Natural Resources,Cold Lake,Oil,Duvernay,54.1893,-110.3821,2016-02-03,2016-05-25,2240.0,Producing,70.7,20.4,54.0,6.55,199249.0,161.0,518253.0
AB-102614,Baytex Energy,Lloydminster,Oil,McMurray,52.865,-109.7476,2002-01-03,2002-02-11,1009.3,Abandoned,55.4,0.0,60.9,15.1,203192.0,999.0,351122.0
AB-102615,Athabasca Oil Corp,Cold Lake,Oil Sands,Cardium,54.5214,-109.8104,1999-12-19,2000-05-15,302.9,Producing,6.7,0.0,72.2,22.9,25814.0,608.0,53055.0
AB-102616,Obsidian Energy,Cold Lake,Heavy Oil,Duvernay,54.6017,-109.9466,2017-04-14,2017-08-15,1559.0,Producing,93.7,9.6,84.6,39.05,199152.0,55.0,280651.0
AB-102617,Cenovus Energy,Peace River,Heavy Oil,Clearwater,56.8422,-117.0693,2011-08-24,2011-11-26,2343.9,Producing,57.6,0.4,69.1,19.1,154084.0,25.0,361139.0
AB-102618,Whitecap Resources,Lloydminster,Gas,Viking,53.0204,-109.7745,1999-06-07,1999-09-20,2416.2,Producing,28.5,0.0,85.4,5.75,2119.0,170.0,1079.0
AB-102619,Athabasca Oil Corp,Peace River,Oil Sands,Duvernay,56.3027,-117.411,2012-12-10,2013-02-16,2998.4,Producing,37.7,0.4,43.4,18.99,175776.0,111.0,284731.0
AB-102620,Whitecap Resources,Cold Lake,Oil Sands,Bakken,54.6374,-110.4244,2003-09-17,2004-02-22,,Producing,16.3,0.3,74.0,8.25,55899.0,186.0,78284.0
AB-102621,Crescent Point Energy,Cold Lake,Oil,Montney,54.4444,-110.3218,2008-04-10,2008-04-25,1252.5,Producing,115.7,11.6,47.8,39.48,631563.0,156.0,931216.0
AB-102622,Whitecap Resources,Medicine Hat,Gas,Montney,50.293,-110.6481,2014-07-20,2014-12-27,3215.0,Producing,84.3,2.7,85.7,32.99,2867.0,6125.0,1808.0
AB-102623,Cenovus Energy,Athabasca,Oil Sands,Cardium,58.1887,-111.2392,2008-04-19,2008-06-27,2685.2,Producing,65.1,8.9,44.8,16.75,389248.0,214.0,255851.0
AB-102624,Suncor Energy,Grande Prairie,Gas,McMurray,55.3995,-119.2559,2022-06-23,2022-11-22,300.0,Producing,32.9,15.2,36.5,13.05,2230.0,1500.0,4068.0
AB-102625,Crescent Point Energy,Cold Lake,Gas,McMurray,54.1436,-110.0154,2021-12-11,2022-01-26,,Producing,58.1,21.7,46.0,1.22,2674.0,13187.0,2324.0
AB-102626,Imperial Oil,Athabasca,Gas,Bakken,57.6651,-111.4084,1998-11-19,1999-05-12,1967.4,Producing,109.2,6.4,52.0,25.51,3329.0,336.0,8009.0
AB-102627,Cenovus Energy,Peace River,Oil Sands,Duvernay,56.6503,-117.2957,2007-06-13,2007-08-01,1883.2,Abandoned,68.7,0.0,39.2,3.57,232471.0,96.0,428005.0
AB-102628,Cenovus Energy,Grande Prairie,Gas,Colorado Group,54.9396,-118.5848,2013-11-14,2014-03-10,2873.3,Producing,30.2,0.7,80.9,22.92,564.0,1349.0,476.0
AB-102629,Suncor Energy,Medicine Hat,Oil,McMurray,50.4519,-110.7916,2000-11-06,2001-01-01,1152.9,Producing,52.8,0.3,78.7,25.48,443839.0,63.0,1239210.0
AB-102630,Imperial Oil,Athabasca,Gas,Bakken,56.5004,-111.1593,2011-01-07,2011-05-08,300.0,Producing,197.4,6.2,41.1,38.25,4803.0,398.0,2499.0
AB-102631,Crescent Point Energy,Athabasca,Oil,Montney,58.1143,-111.1036,2013-12-12,2013-12-28,1848.1,Producing,50.2,0.9,76.1,14.17,109761.0,243.0,322019.0
AB-102632,Imperial Oil,Lloydminster,Oil Sands,Montney,53.0913,-109.7547,2019-05-20,2019-07-21,761.9,Orphan,44.5,0.0,33.8,27.69,98349.0,34.0,164427.0
AB-102633,Athabasca Oil Corp,Cold Lake,Gas,Colorado Group,54.5776,-110.1785,2005-04-11,2005-06-04,1735.0,Producing,8.9,0.0,98.0,30.69,3436.0,127201.0,1485.0
AB-102634,Athabasca Oil Corp,Cold Lake,Gas,McMurray,54.5326,-110.193,1999-03-06,1999-06-18,1905.3,Abandoned,460.8,0.0,95.8,13.43,1758.0,1342.0,2629.0
AB-102635,Baytex Energy,Athabasca,Oil Sands,Cardium,56.2144,-111.1266,2020-07-18,2020-10-12,,Producing,42.8,14.0,70.2,35.83,70507.0,134.0,193717.0
AB-102636,Athabasca Oil Corp,Grande Prairie,Oil,Duvernay,55.3193,-118.6228,2016-03-02,2016-06-27,1848.5,Producing,73.8,25.0,57.2,4.88,233700.0,10.0,308033.0
AB-102637,Crescent Point Energy,Lloydminster,Oil,Cardium,53.1671,-109.6574,2007-02-27,2007-05-21,2402.4,Suspended,311.0,0.0,73.9,9.31,1180465.0,182.0,506791.0
AB-102638,Obsidian Energy,Grande Prairie,Heavy Oil,Bakken,55.4197,-118.899,2012-10-25,2013-04-11,3019.1,Suspended,221.4,0.0,60.2,19.41,530072.0,18.0,424597.0
AB-102639,Suncor Energy,Athabasca,Gas,Clearwater,57.9277,-111.5151,2014-02-26,2014-03-27,735.6,Producing,75.2,2.3,42.5,24.25,1393.0,10985.0,2969.0
AB-102640,MEG Energy,Medicine Hat,Oil,McMurray,50.3132,-110.5595,2016-12-24,2017-02-09,1390.3,Producing,19.7,1.4,43.5,37.38,33312.0,163.0,59116.0
AB-102641,Whitecap Resources,Peace River,Oil Sands,Montney,56.9557,-116.5274,2007-04-22,2007-09-23,1910.3,Suspended,200.4,0.0,37.5,4.82,1256106.0,42.0,3619016.0
AB-102642,Whitecap Resources,Lloydminster,Gas,Duvernay,52.97,-110.1562,2019-11-27,2020-01-21,1698.8,Suspended,102.6,0.0,82.7,15.63,1582.0,2639.0,604.0
AB-102643,Cenovus Energy,Athabasca,Oil,Montney,57.6978,-111.0032,2013-05-10,2013-09-06,852.4,Abandoned,165.5,0.0,61.9,25.93,498249.0,87.0,424695.0
AB-102644,Crescent Point Energy,Peace River,Heavy Oil,Clearwater,56.1467,-117.1938,2023-08-16,2023-09-18,1250.1,Producing,101.5,70.9,11.4,34.57,89656.0,53.0,240596.0
AB-102645,Obsidian Energy,Lloydminster,Oil,Viking,53.0337,-110.1229,2004-11-14,2004-12-30,1965.5,Producing,133.4,0.5,98.0,20.68,719076.0,7.0,835891.0
AB-102646,Obsidian Energy,Grande Prairie,Heavy Oil,Cardium,55.4424,-119.2523,1998-08-05,1998-08-20,1919.9,Producing,80.8,5.5,61.5,28.89,499093.0,135.0,396564.0
AB-102647,Whitecap Resources,Athabasca,Oil,Viking,56.6675,-111.1433,2022-08-09,2023-01-02,2048.3,Producing,24.8,13.1,39.1,6.15,14832.0,180.0,41459.0
AB-102648,Whitecap Resources,Medicine Hat,Oil,McMurray,49.9755,-110.5337,1998-05-25,1998-09-10,2780.5,Abandoned,200.4,0.0,85.3,33.86,1027375.0,67.0,2052939.0
AB-102649,Whitecap Resources,Cold Lake,Gas,Bakken,54.7163,-110.1183,2007-02-15,2007-03-15,2498.4,Producing,183.5,0.4,70.6,8.37,2839.0,11377.0,1568.0
AB-102650,Crescent Point Energy,Grande Prairie,Heavy Oil,Clearwater,55.5686,-118.6416,2012-02-13,2012-06-18,2455.5,Abandoned,80.2,0.0,55.6,27.57,313439.0,165.0,757576.0
AB-102651,Cenovus Energy,Peace River,Oil,Cardium,56.3898,-116.8366,2004-07-22,2004-10-30,1765.5,Abandoned,28.2,0.0,56.7,1.8,141709.0,3305.0,161180.0
AB-102652,Imperial Oil,Peace River,Oil,Montney,56.4296,-116.8695,2016-10-03,2017-02-20,2206.4,Producing,303.3,56.1,57.1,19.5,801240.0,5.0,542206.0
AB-102653,Suncor Energy,Peace River,Oil,Duvernay,56.9231,-117.497,2005-09-20,2006-02-14,1633.4,Producing,49.0,1.4,42.2,4.69,354441.0,156.0,229763.0
AB-102654,Suncor Energy,Lloydminster,Oil Sands,Duvernay,52.9514,-109.611,2001-08-10,2002-01-20,2804.9,Producing,261.4,6.0,,3.29,1107189.0,574.0,882911.0
AB-102655,Cenovus Energy,Grande Prairie,Heavy Oil,Viking,55.0709,-119.3874,2020-09-22,2020-12-29,982.4,Abandoned,61.6,0.0,47.5,7.94,111757.0,16.0,191185.0
AB-102656,Suncor Energy,Cold Lake,Gas,Montney,54.4473,-109.9452,2023-10-06,2023-12-09,971.2,Producing,108.4,79.4,24.0,9.76,2130.0,1998.0,1291.0
AB-102657,Suncor Energy,Peace River,Gas,Cardium,56.7343,-117.0233,2015-02-05,2015-05-22,1795.0,Suspended,34.7,0.0,37.5,14.68,1653.0,25010.0,4101.0
AB-102658,Imperial Oil,Cold Lake,Gas,Duvernay,54.268,-110.3641,2016-07-02,2016-12-10,1383.2,Abandoned,134.6,0.0,63.5,24.76,956.0,29679.0,549.0
AB-102659,Whitecap Resources,Grande Prairie,Oil,Viking,55.541,-118.609,2018-04-26,2018-10-19,2378.6,Producing,27.0,12.3,53.1,12.82,67290.0,382.0,79879.0
AB-102660,Athabasca Oil Corp,Athabasca,Oil,Montney,57.5623,-110.6987,2004-12-17,2005-03-02,2610.6,Suspended,31.7,0.0,57.3,16.06,216953.0,1234.0,330085.0
AB-102661,MEG Energy,Grande Prairie,Oil Sands,Cardium,55.0667,-119.3516,1999-01-22,1999-04-10,2895.5,Producing,17.1,0.7,73.8,7.22,87306.0,623.0,108081.0
AB-102662,Athabasca Oil Corp,Medicine Hat,Gas,Clearwater,50.4783,-111.0932,1999-11-25,2000-03-06,2182.3,Producing,30.0,0.0,50.2,9.49,864.0,1092.0,2142.0
AB-102663,Obsidian Energy,Lloydminster,Gas,McMurray,52.822,-110.1719,2010-05-11,2010-07-19,2817.8,Orphan,65.6,0.0,73.8,35.63,3290.0,962.0,6598.0
AB-102664,Obsidian Energy,Medicine Hat,Oil Sands,Viking,49.9908,-110.5091,2022-12-16,2023-03-24,1255.8,Producing,156.3,50.0,,3.0,113915.0,419.0,131496.0
AB-102665,Imperial Oil,Peace River,Gas,Colorado Group,56.6105,-116.653,2010-10-16,2011-04-07,1095.9,Producing,94.7,0.5,36.8,38.93,4130.0,1345.0,5647.0
AB-102666,Whitecap Resources,Lloydminster,Oil Sands,Colorado Group,53.2038,-109.5332,2013-09-06,2013-12-31,704.4,Producing,54.4,17.9,51.2,10.06,234914.0,36.0,468282.0
AB-102667,,Athabasca,Gas,McMurray,58.4978,-110.6573,2009-02-27,2009-05-22,1549.8,Producing,57.9,2.3,82.1,27.86,2658.0,8755.0,3319.0
AB-102668,Whitecap Resources,Cold Lake,Oil Sands,Cardium,54.4252,-110.2271,2022-02-12,2022-04-17,2278.9,Producing,65.6,31.8,34.5,6.63,72833.0,738.0,143398.0
AB-102669,Whitecap Resources,Peace River,Gas,Clearwater,56.7764,-116.9974,2010-09-21,2010-11-28,2103.7,Suspended,48.4,0.0,53.3,35.49,1738.0,37310.0,1404.0
AB-102670,Imperial Oil,Lloydminster,Gas,Viking,53.1453,-109.9158,2011-05-19,2011-09-06,,Suspended,42.2,0.0,98.0,33.38,4564.0,7261.0,3899.0
AB-102671,Baytex Energy,Athabasca,Oil Sands,McMurray,57.2969,-110.7549,2004-12-13,2005-04-11,2677.1,Producing,126.7,5.8,47.3,1.04,798298.0,7.0,283547.0
AB-102672,Cenovus Energy,Peace River,Oil,Montney,56.5765,-117.4805,2014-05-21,2014-10-17,1902.9,Suspended,236.3,0.0,38.2,32.09,504044.0,292.0,1257670.0
AB-102673,MEG Energy,Peace River,Oil,Viking,56.5002,-117.3251,2013-02-18,2013-06-04,2319.9,Orphan,122.7,0.0,43.9,39.47,571552.0,273.0,370190.0
AB-102674,MEG Energy,Medicine Hat,Gas,Montney,50.3937,-110.7649,2011-10-23,2012-03-12,2523.7,Orphan,26.9,0.0,79.8,26.81,3368.0,8327.0,8325.0
AB-102675,Baytex Energy,Medicine Hat,Oil Sands,Bakken,49.9863,-111.1718,2020-04-10,2020-05-28,2277.8,Producing,107.9,15.4,59.4,10.99,149201.0,7.0,374659.0
AB-102676,Crescent Point Energy,Lloydminster,Oil,Clearwater,53.391,-109.9606,2021-09-03,2021-11-15,2069.0,Producing,98.2,59.1,91.3,10.04,131975.0,265.0,129783.0
AB-102677,Cenovus Energy,Peace River,Oil,Duvernay,56.3131,-117.1464,2002-08-09,2002-10-16,2128.7,Producing,47.7,0.0,,38.69,186245.0,10.0,266828.0
AB-102678,Athabasca Oil Corp,Lloydminster,Gas,Montney,52.8267,-109.5006,2018-03-17,2018-07-06,1566.3,Producing,110.0,15.1,30.5,28.47,4596.0,1224.0,3705.0
AB-102679,Suncor Energy,Lloydminster,Oil,Duvernay,52.8321,-109.8419,2005-07-11,2005-11-15,1852.4,Producing,51.1,0.1,74.6,33.25,185897.0,128.0,349103.0
AB-102680,Crescent Point Energy,Medicine Hat,Oil Sands,Colorado Group,50.0102,-111.1328,2022-04-05,2022-09-27,1514.2,Abandoned,17.0,0.0,30.4,11.11,20510.0,129.0,34780.0
AB-102681,Athabasca Oil Corp,Peace River,Heavy Oil,Bakken,56.5836,-116.8236,2007-01-13,2007-03-20,1663.2,Producing,40.9,1.2,80.0,2.0,184449.0,571.0,182069.0
AB-102682,Imperial Oil,Cold Lake,Oil,Montney,54.7657,-109.9433,2020-09-04,2020-12-14,3125.7,Orphan,32.6,0.0,37.4,29.07,28510.0,45.0,41827.0
AB-102683,Obsidian Energy,Grande Prairie,Gas,Cardium,54.9352,-119.297,2016-07-15,2016-09-17,1010.5,Abandoned,124.3,0.0,88.8,11.96,2395.0,3899.0,5998.0
AB-102684,Canadian Natural Resources,Cold Lake,Gas,Viking,54.3758,-110.2906,2013-01-25,2013-06-22,2071.4,Producing,13.6,3.5,52.2,10.73,2134.0,2381.0,2355.0
AB-102685,MEG Energy,Lloydminster,Oil Sands,Clearwater,52.9648,-109.9831,2000-03-25,2000-06-08,1589.3,Suspended,538.4,0.0,55.5,12.28,2813961.0,166.0,8307934.0
AB-102686,Whitecap Resources,Lloydminster,Oil Sands,Bakken,53.3215,-109.8718,2015-09-05,2015-09-27,300.0,Abandoned,73.6,0.0,,9.07,233352.0,186.0,639175.0
AB-102687,Obsidian Energy,Grande Prairie,Oil,Duvernay,54.8032,-119.3452,2013-06-08,2013-09-28,2374.9,Producing,1642.8000000000002,12.0,84.4,12.58,496238.0,2.0,1258311.0
AB-102688,Obsidian Energy,Athabasca,Oil,Colorado Group,58.0825,-110.8949,2002-10-14,2002-11-02,2070.0,Producing,87.5,11.3,79.5,32.35,682763.0,229.0,426713.0
AB-102689,Crescent Point Energy,Athabasca,Heavy Oil,Cardium,57.6123,-111.0303,2016-11-25,2017-05-01,1880.1,Producing,198.9,88.7,41.6,16.34,318181.0,69.0,202922.0
AB-102690,Whitecap Resources,Grande Prairie,Oil Sands,Bakken,55.5577,-118.724,2016-10-22,2016-11-14,1741.0,Suspended,40.2,0.0,33.2,25.98,105375.0,45.0,300972.0
AB-102691,MEG Energy,Lloydminster,Heavy Oil,Cardium,53.0023,-109.6037,2015-04-06,2015-08-05,1729.9,Producing,44.9,18.3,27.2,23.72,92524.0,557.0,86728.0
AB-102692,Crescent Point Energy,Lloydminster,Gas,Clearwater,53.1248,-110.0226,2015-09-10,2015-10-19,1789.1,Producing,336.0,32.6,,3.59,739.0,344.0,845.0
AB-102693,Cenovus Energy,Athabasca,Oil,Cardium,56.0843,-111.4723,2012-04-26,2012-05-13,1766.3,Producing,342.4,16.2,62.4,26.62,1196286.0,339.0,1794946.0
AB-102694,Athabasca Oil Corp,Lloydminster,Heavy Oil,Colorado Group,53.0522,-109.9649,2007-11-08,2008-03-06,2221.9,Suspended,50.1,0.0,61.9,30.86,246453.0,714.0,113126.0
AB-102695,Whitecap Resources,Athabasca,Gas,Colorado Group,58.2231,-111.477,2009-11-20,2010-04-30,2998.0,Producing,71.4,3.6,59.1,26.1,3952.0,22195.0,5884.0
AB-102696,Obsidian Energy,Cold Lake,Oil Sands,Cardium,54.2504,-109.8012,2002-06-23,2002-10-05,1900.8,Producing,4.4,0.3,64.6,30.34,30653.0,117.0,74265.0
AB-102697,Suncor Energy,Lloydminster,Oil Sands,Montney,53.2775,-109.6394,2015-07-02,2015-07-24,2209.8,Producing,26.9,1.7,56.6,11.1,101567.0,653.0,270606.0
AB-102698,Canadian Natural Resources,Lloydminster,Heavy Oil,Viking,52.9792,-109.8562,2003-09-19,2003-12-12,1957.7,Producing,23.0,2.4,98.0,19.8,120599.0,24.0,183644.0
AB-102699,Baytex Energy,Lloydminster,Gas,Duvernay,53.2803,-109.928,2014-10-25,2014-12-10,3009.0,Suspended,66.5,0.0,78.7,36.9,626.0,697.0,1825.0
AB-102700,MEG Energy,Cold Lake,Oil,Montney,54.5423,-110.2222,2001-04-21,2001-06-23,1604.9,Producing,130.1,0.1,68.1,35.71,889252.0,537.0,2194679.0
AB-102701,Imperial Oil,Cold Lake,Oil Sands,Cardium,54.5539,-110.3632,2009-03-20,2009-07-18,2468.4,Producing,83.6,8.2,82.5,22.83,323967.0,67.0,642201.0
AB-102702,Canadian Natural Resources,Peace River,Oil Sands,Viking,56.9003,-117.4737,2003-10-15,2003-12-28,3036.7,Producing,218.9,1.2,89.0,22.68,1454692.0,2121.0,894594.0
AB-102703,Whitecap Resources,Peace River,Oil,Cardium,56.6556,-117.0169,2017-01-02,2017-02-08,2364.0,Producing,27.1,10.0,35.9,24.67,38506.0,285.0,69365.0
AB-102704,MEG Energy,Medicine Hat,Gas,McMurray,50.4494,-110.4025,2003-01-14,2003-06-17,966.2,Producing,82.2,3.7,68.0,19.59,1123.0,2705.0,3103.0
AB-102705,MEG Energy,Medicine Hat,Oil Sands,Duvernay,50.4413,-111.138,2022-10-16,2023-01-28,1738.1,Suspended,154.0,0.0,33.0,30.1,123500.0,9.0,179668.0
AB-102706,Athabasca Oil Corp,Grande Prairie,Gas,Bakken,55.591,-119.2845,2018-11-24,2019-04-21,,Producing,267.3,32.5,64.1,18.81,1425.0,553.0,1828.0
AB-102707,Obsidian Energy,Athabasca,Oil Sands,Cardium,57.9574,-111.7442,2015-09-08,2016-02-20,976.5,Abandoned,25.3,0.0,35.3,9.05,67563.0,37.0,27880.0
AB-102708,Canadian Natural Resources,Cold Lake,Oil,Montney,54.547,-110.3805,2001-11-17,2002-04-11,1644.8,Producing,162.3,0.0,,39.61,1114471.0,55.0,2561401.0
AB-102709,Crescent Point Energy,Lloydminster,Heavy Oil,Bakken,53.3445,-109.5723,2016-12-02,2017-02-13,1547.2,Producing,125.9,25.9,44.7,25.09,338901.0,79.0,612491.0
AB-102710,Obsidian Energy,Grande Prairie,Oil,Duvernay,54.8581,-119.2698,2002-03-16,2002-05-16,2436.0,Producing,57.8,1.6,51.4,37.12,402142.0,110.0,1021574.0
AB-102711,Cenovus Energy,Medicine Hat,Oil,Bakken,50.1053,-110.5667,2003-01-07,2003-06-01,2304.5,Suspended,8.9,0.0,80.0,29.56,37231.0,101.0,17257.0
AB-102712,Athabasca Oil Corp,Medicine Hat,Oil,Clearwater,49.984,-110.6623,2023-05-02,2023-09-01,1292.5,Suspended,350.3,0.0,35.5,2.81,254270.0,212.0,574890.0
AB-102713,,Medicine Hat,Gas,McMurray,50.4045,-110.4256,2020-12-26,2021-04-22,1448.5,Producing,40.5,10.0,26.1,35.83,4382.0,3314.0,2085.0
AB-102714,MEG Energy,Medicine Hat,Gas,Viking,50.2463,-110.5207,2012-05-15,2012-09-28,2741.1,Producing,215.5,37.2,40.6,2.62,2453.0,4408.0,1946.0
AB-102715,Obsidian Energy,Cold Lake,Oil Sands,McMurray,54.7815,-110.0421,2014-05-07,2014-08-31,1305.9,Producing,7.7,0.7,77.9,10.61,22546.0,54.0,45002.0
AB-102716,Whitecap Resources,Grande Prairie,Gas,Clearwater,54.9657,-118.9349,2019-05-01,2019-10-16,2035.4,Producing,189.9,30.8,61.0,13.0,3638.0,54646.0,1676.0
AB-102717,Obsidian Energy,Grande Prairie,Oil,Viking,55.4006,-119.0573,2007-08-14,2008-02-02,1723.7,Producing,29.5,0.1,63.5,13.27,106127.0,594.0,272672.0
AB-102718,Cenovus Energy,Peace River,Oil,Montney,56.622,-117.1823,2002-04-17,2002-05-23,1252.0,Abandoned,85.9,0.0,54.6,11.07,550533.0,1385.0,473896.0
AB-102719,Cenovus Energy,Cold Lake,Gas,Cardium,54.4517,-110.327,2016-03-19,2016-07-10,1527.3,Suspended,33.9,0.0,82.3,1.79,3560.0,1337.0,4517.0
AB-102720,Imperial Oil,Cold Lake,Gas,McMurray,54.4233,-110.1724,2017-03-16,2017-09-10,2004.6,Producing,140.8,20.9,62.7,28.03,879.0,5946.0,2399.0
AB-102721,Imperial Oil,Peace River,Oil Sands,Duvernay,56.5702,-117.4456,2012-06-02,2012-11-06,859.3,Suspended,41.2,0.0,45.2,33.38,108637.0,32.0,64195.0
AB-102722,Baytex Energy,Grande Prairie,Gas,Duvernay,55.5914,-119.4547,2009-06-12,2009-11-01,1779.6,Producing,121.5,7.8,54.6,1.71,4001.0,104729.0,8457.0
AB-102723,Whitecap Resources,Peace River,Heavy Oil,Cardium,56.0232,-116.756,2002-06-01,2002-09-26,686.4,Abandoned,28.6,0.0,68.0,9.47,193181.0,78.0,472820.0
AB-102724,Whitecap Resources,Athabasca,Oil Sands,Colorado Group,56.7798,-111.3707,2013-03-15,2013-05-14,985.7,Abandoned,257.7,0.0,42.7,26.89,572378.0,477.0,831815.0
AB-102725,Obsidian Energy,Grande Prairie,Heavy Oil,Colorado Group,54.9132,-118.8102,2000-08-07,2000-08-31,2447.7,Producing,24.9,0.2,98.0,8.19,179794.0,135.0,308582.0
AB-102726,Suncor Energy,Grande Prairie,Oil,Colorado Group,55.0769,-118.8596,1999-03-17,1999-06-18,1043.1,Producing,278.8,0.3,75.7,23.48,1502839.0,210.0,1565395.0
AB-102727,MEG Energy,Peace River,Heavy Oil,Viking,56.5246,-117.4967,2008-07-08,2008-12-13,3514.5,Producing,28.6,0.1,98.0,11.37,144480.0,167.0,269653.0
AB-102728,Crescent Point Energy,Medicine Hat,Oil,Colorado Group,50.0826,-111.0801,2019-03-08,2019-07-06,1882.1,Suspended,65.9,0.0,44.4,6.69,75664.0,251.0,118578.0
AB-102729,Whitecap Resources,Grande Prairie,Gas,Cardium,55.2693,-119.1332,2005-10-15,2006-01-31,2290.3,Suspended,73.4,0.0,57.6,14.86,74.0,1506.0,151.0
AB-102730,Baytex Energy,Cold Lake,Oil,Bakken,54.1257,-109.854,2001-07-04,2001-11-28,2165.6,Producing,235.7,6.7,83.2,30.16,1572940.0,16.0,2648613.0
AB-102731,Whitecap Resources,Medicine Hat,Gas,Montney,50.3048,-110.9316,2020-11-18,2021-03-12,3631.9,Producing,121.3,34.0,33.2,11.84,1799.0,1063.0,4530.0
AB-102732,MEG Energy,Peace River,Gas,Clearwater,56.5695,-116.9921,2017-04-22,2017-09-18,,Suspended,94.7,0.0,32.7,19.24,138.0,7169.0,201.0
AB-102733,Obsidian Energy,Cold Lake,Oil,McMurray,54.4654,-110.1937,2023-10-26,2024-01-14,300.0,Abandoned,48.0,0.0,87.0,34.89,38046.0,807.0,91623.0
AB-102734,Baytex Energy,Cold Lake,Heavy Oil,Duvernay,54.0609,-109.8937,2007-09-26,2008-02-22,2153.8,Abandoned,26.4,0.0,41.6,13.06,82433.0,24.0,109956.0
AB-102735,Imperial Oil,Grande Prairie,Oil Sands,Clearwater,55.3441,-119.2118,2000-12-17,2001-01-05,1967.1,Producing,38.7,0.3,98.0,4.71,223792.0,51.0,458004.0
AB-102736,Crescent Point Energy,Cold Lake,Oil Sands,Clearwater,54.3734,-109.9133,2014-09-06,2015-01-26,716.9,Abandoned,75.6,0.0,71.4,13.15,230637.0,78.0,268555.0
AB-102737,Cenovus Energy,Medicine Hat,Gas,Cardium,49.8279,-110.8511,2004-06-25,2004-07-11,1860.0,Abandoned,88.7,0.0,64.4,31.74,2090.0,6277.0,4571.0
AB-102738,Cenovus Energy,Grande Prairie,Gas,McMurray,55.3641,-119.4132,2008-01-17,2008-06-14,1693.2,Producing,44.7,7.3,70.1,32.57,2457.0,5590.0,6988.0
AB-102739,Crescent Point Energy,Cold Lake,Oil,McMurray,54.2295,-110.1561,2007-04-15,2007-07-11,1882.2,Producing,130.1,0.4,82.6,33.56,479288.0,30.0,1091758.0
AB-102740,Whitecap Resources,Lloydminster,Oil,McMurray,53.11,-109.5254,1998-08-06,1998-10-12,986.0,Suspended,13.0,0.0,83.3,11.09,115041.0,471.0,59769.0
AB-102741,Suncor Energy,Cold Lake,Oil Sands,Colorado Group,54.7502,-110.1788,2016-08-20,2016-10-29,3383.3,Orphan,76.1,0.0,60.4,20.71,159530.0,14.0,166685.0
AB-102742,Whitecap Resources,Cold Lake,Gas,Viking,54.1506,-110.0759,2012-11-06,2013-02-20,2184.6,Abandoned,108.9,0.0,,20.66,3714.0,663.0,3602.0
AB-102743,Crescent Point Energy,Cold Lake,Heavy Oil,Colorado Group,54.4306,-110.1654,2001-08-24,2002-01-27,546.5,Suspended,141.0,0.0,63.3,20.24,584399.0,232.0,812990.0
AB-102744,Whitecap Resources,Medicine Hat,Gas,Bakken,50.304,-111.1586,1998-04-07,1998-06-05,1321.2,Producing,34.1,1.0,64.2,32.86,1929.0,6868.0,1317.0
AB-102745,Obsidian Energy,Medicine Hat,Oil,Bakken,50.3261,-110.6251,2012-02-11,2012-02-29,1822.2,Suspended,47.5,0.0,42.3,15.82,149135.0,345.0,247241.0
AB-102746,Whitecap Resources,Grande Prairie,Oil Sands,Montney,54.8894,-118.5565,1998-10-03,1998-11-27,1750.7,Producing,124.0,1.3,98.0,36.64,1053766.0,119.0,2066643.0
AB-102747,Baytex Energy,Grande Prairie,Oil Sands,McMurray,55.5918,-118.6737,2004-01-21,2004-06-25,1082.1,Suspended,103.9,0.0,57.4,23.37,748724.0,15.0,1241801.0
AB-102748,Canadian Natural Resources,Medicine Hat,Heavy Oil,Bakken,50.425,-110.7276,2015-02-06,2015-05-24,1105.0,Producing,53.1,1.5,56.4,9.52,139308.0,109.0,124969.0
AB-102749,Baytex Energy,Athabasca,Gas,McMurray,56.4352,-110.61,2003-08-02,2003-10-30,542.4,Producing,23.2,0.1,61.4,2.18,4190.0,3852.0,11233.0
AB-102750,Crescent Point Energy,Grande Prairie,Heavy Oil,Clearwater,54.9633,-118.6192,2015-01-17,2015-05-27,2319.5,Producing,113.7,29.2,46.0,12.36,229434.0,763.0,248477.0
AB-102751,Whitecap Resources,Cold Lake,Oil Sands,Montney,54.0799,-109.9988,2021-03-15,2021-06-07,1369.7,Producing,138.4,90.6,62.6,33.97,178029.0,88.0,447492.0
AB-102752,MEG Energy,Cold Lake,Oil Sands,Montney,54.6459,-109.818,2011-05-12,2011-06-22,2261.2,Producing,78.9,4.2,37.6,32.6,269164.0,124.0,138628.0
AB-102753,Imperial Oil,Grande Prairie,Gas,Montney,55.1477,-119.4785,2002-06-13,2002-11-27,2324.9,Suspended,130.3,0.0,98.0,9.85,1625.0,3821.0,2640.0
AB-102754,MEG Energy,Peace River,Oil,Bakken,56.1524,-117.1302,2007-04-26,2007-10-16,931.8,Producing,110.5,23.9,61.5,13.07,554401.0,33.0,1213570.0
AB-102755,Baytex Energy,Medicine Hat,Heavy Oil,Cardium,49.9315,-110.7907,2010-10-24,2011-04-13,2838.6,Abandoned,121.6,0.0,41.2,3.19,384332.0,475.0,922198.0
AB-102756,Baytex Energy,Peace River,Oil Sands,Cardium,56.7729,-117.0165,2014-01-10,2014-05-03,2371.1,Producing,44.8,0.9,33.5,2.04,137758.0,43.0,76227.0
AB-102757,Obsidian Energy,Cold Lake,Heavy Oil,Duvernay,54.6241,-110.0172,2021-05-24,2021-11-02,1874.3,Producing,68.4,28.0,54.7,27.29,102759.0,48.0,85673.0
AB-102758,Imperial Oil,Athabasca,Oil,McMurray,57.6943,-111.0123,2019-05-10,2019-07-29,778.7,Producing,42.7,4.5,53.5,34.6,70075.0,19.0,167115.0
AB-102759,MEG Energy,Grande Prairie,Gas,Colorado Group,55.5597,-119.3222,2022-07-01,2022-12-20,1506.4,Suspended,24.0,0.0,23.9,20.82,2848.0,1931.0,5065.0
AB-102760,Crescent Point Energy,Cold Lake,Heavy Oil,McMurray,54.3411,-110.2379,2000-10-25,2001-04-17,2807.2,Abandoned,289.3,0.0,64.1,37.63,2078601.0,52.0,4853223.0
AB-102761,Baytex Energy,Grande Prairie,Oil,Duvernay,55.4121,-119.1385,2020-02-02,2020-03-14,1481.6,Producing,87.9,36.0,23.7,24.85,166513.0,133.0,213681.0
AB-102762,Athabasca Oil Corp,Peace River,Gas,Clearwater,56.127,-117.0951,2022-08-12,2022-08-28,1791.4,Orphan,109.4,0.0,76.7,33.92,423.0,6428.0,1196.0
AB-102763,Suncor Energy,Peace River,Gas,McMurray,56.3433,-117.18,2007-07-14,2007-11-11,1856.5,Suspended,77.6,0.0,42.5,21.56,2978.0,3147.0,3451.0
AB-102764,Obsidian Energy,Grande Prairie,Oil Sands,Colorado Group,55.463,-118.5015,2005-10-16,2006-03-26,2050.1,Producing,243.0,0.5,67.5,31.87,882620.0,101.0,1222428.0
AB-102765,Obsidian Energy,Peace River,Oil,Montney,56.5958,-117.2652,2017-03-26,2017-05-05,2232.0,Abandoned,271.0,0.0,85.1,27.5,671770.0,23.0,1281080.0
AB-102766,Cenovus Energy,Athabasca,Oil,Montney,57.524,-111.8801,2023-05-24,2023-11-15,,Producing,226.6,94.0,37.4,28.5,209876.0,157.0,319121.0
AB-102767,Obsidian Energy,Cold Lake,Oil,McMurray,54.3091,-109.8271,2004-11-01,2005-01-12,1412.3,Abandoned,16.7,0.0,98.0,16.26,59127.0,23.0,86188.0
AB-102768,Whitecap Resources,Grande Prairie,Oil,Viking,55.0216,-118.7734,2013-02-08,2013-04-23,,Producing,62.5,11.4,43.0,12.68,197081.0,49.0,432395.0
AB-102769,Crescent Point Energy,Medicine Hat,Oil Sands,Clearwater,50.2123,-110.7462,2015-01-17,2015-02-28,1408.7,Producing,94.7,2.0,48.5,8.47,172165.0,220.0,393243.0
AB-102770,Athabasca Oil Corp,Cold Lake,Oil,Cardium,54.5321,-110.1866,2008-06-04,2008-11-22,1629.3,Producing,37.4,8.8,55.2,11.39,114118.0,18.0,233302.0
AB-102771,Baytex Energy,Medicine Hat,Gas,Clearwater,49.8943,-110.4453,2008-03-23,2008-05-24,2310.1,Producing,50.1,0.2,92.6,3.66,3982.0,2202.0,8141.0
AB-102772,MEG Energy,Grande Prairie,Gas,Clearwater,55.573,-118.6813,2015-08-15,2016-01-17,1471.8,Producing,30.0,1.8,44.2,23.03,65.0,7976.0,187.0
AB-102773,MEG Energy,Lloydminster,Heavy Oil,Bakken,52.8791,-109.5595,2007-12-26,2008-05-11,2849.6,Suspended,59.6,0.0,70.4,32.9,210798.0,130.0,317651.0
AB-102774,Obsidian Energy,Lloydminster,Oil,Bakken,53.1128,-109.5888,1999-08-01,2000-01-11,2181.7,Producing,11.4,0.0,85.6,1.44,68013.0,8.0,117171.0
AB-102775,Imperial Oil,Lloydminster,Gas,Bakken,52.9672,-109.777,1999-10-25,2000-02-08,1279.5,Producing,42.5,0.0,81.2,9.16,856.0,10971.0,1991.0
AB-102776,MEG Energy,Cold Lake,Oil Sands,Viking,54.1256,-110.4577,2023-01-02,2023-06-06,1694.7,Producing,136.8,75.1,37.6,28.38,110641.0,8756.0,238943.0
AB-102777,Baytex Energy,Cold Lake,Gas,Clearwater,54.6931,-110.025,2023-09-13,2024-02-12,1293.1,Producing,168.9,90.0,57.6,19.35,4481.0,726.0,11984.0
AB-102778,Canadian Natural Resources,Medicine Hat,Gas,Montney,50.1692,-111.0473,2015-05-01,2015-08-16,2162.2,Producing,21.7,0.6,30.4,33.29,27.0,1093.0,34.0
AB-102779,Baytex Energy,Peace River,Heavy Oil,Clearwater,56.4456,-116.6037,2014-03-17,2014-08-31,515.5,Producing,156.6,46.9,43.3,19.92,575216.0,104.0,257163.0
AB-102780,MEG Energy,Lloydminster,Heavy Oil,McMurray,52.8895,-109.6057,2003-09-13,2003-10-21,2365.5,Producing,298.4,0.1,67.6,35.11,2153892.0,324.0,5069484.0
AB-102781,Imperial Oil,Athabasca,Oil,Viking,56.042,-111.7355,2018-10-09,2019-01-22,2398.0,Suspended,251.4,0.0,72.2,37.37,541649.0,195.0,1180824.0
AB-102782,Crescent Point Energy,Cold Lake,Oil,Viking,54.5878,-109.812,2017-08-23,2017-10-13,1312.8,Abandoned,105.2,0.0,28.3,2.04,328439.0,239.0,695581.0
AB-102783,Imperial Oil,Peace River,Gas,Montney,56.0821,-116.7594,1998-06-27,1998-11-03,1483.7,Producing,81.7,0.4,96.7,11.47,3719.0,24482.0,6029.0
AB-102784,Obsidian Energy,Cold Lake,Oil,Clearwater,54.1914,-110.4582,2000-05-21,2000-07-26,796.4,Suspended,37.8,0.0,76.9,10.26,256502.0,71.0,258249.0
AB-102785,Obsidian Energy,Medicine Hat,Oil,Cardium,50.033,-110.5488,2021-11-06,2022-04-12,300.0,Producing,62.6,26.3,75.4,14.15,41014.0,2.0,19086.0
AB-102786,Suncor Energy,Medicine Hat,Gas,Bakken,50.2485,-110.6423,2010-09-27,2010-10-27,946.3,Producing,53.2,5.7,45.6,30.28,2779.0,1660.0,6646.0
AB-102787,Athabasca Oil Corp,Medicine Hat,Oil,Clearwater,49.8059,-111.1612,2014-03-14,2014-05-16,2227.5,Orphan,127.2,0.0,27.4,36.45,482556.0,13.0,755168.0
AB-102788,Cenovus Energy,Cold Lake,Oil Sands,Bakken,54.2549,-110.085,2022-07-01,2022-12-22,3475.5,Producing,82.2,29.4,65.2,35.17,102830.0,7.0,267128.0
AB-102789,Canadian Natural Resources,Cold Lake,Oil Sands,Bakken,54.7589,-110.3323,2008-11-21,2009-03-07,1661.3,Producing,117.1,0.8,96.6,34.59,400239.0,122.0,364082.0
AB-102790,Whitecap Resources,Cold Lake,Gas,Colorado Group,54.0727,-110.2863,2002-09-04,2003-02-25,1937.1,Producing,9.8,0.3,53.1,24.16,4899.0,3784.0,9734.0
AB-102791,Athabasca Oil Corp,Peace River,Gas,Clearwater,56.4878,-116.7677,2000-10-02,2001-03-12,1372.9,Producing,53.9,7.1,63.8,21.25,2976.0,7206.0,6189.0
AB-102792,Cenovus Energy,Grande Prairie,Oil,McMurray,55.0977,-118.8083,2017-04-03,2017-06-20,2387.9,Suspended,86.2,0.0,51.6,32.8,256260.0,44.0,320128.0
AB-102793,Whitecap Resources,Peace River,Heavy Oil,Bakken,56.5036,-117.0759,2023-08-11,2023-11-26,2143.8,Producing,226.6,134.7,28.9,28.08,202633.0,83.0,521970.0
AB-102794,Imperial Oil,Athabasca,Oil,Duvernay,57.0983,-111.4919,2009-01-01,2009-03-01,1051.4,Abandoned,11.9,0.0,44.4,13.24,74148.0,49.0,146202.0
AB-102795,MEG Energy,Cold Lake,Oil,Bakken,54.2648,-110.3059,2021-10-03,2022-02-27,1940.9,Abandoned,25.0,0.0,13.6,15.65,21831.0,5.0,34248.0
AB-102796,Suncor Energy,Peace River,Heavy Oil,Duvernay,56.8265,-117.0997,2007-07-26,2007-11-24,1549.6,Producing,99.8,0.7,50.0,23.8,335035.0,255.0,609959.0
AB-102797,Crescent Point Energy,Cold Lake,Oil Sands,Clearwater,54.4174,-110.47,2010-03-22,2010-08-13,1940.6,Abandoned,332.1,0.0,66.6,39.76,1088213.0,284.0,3178458.0
AB-102798,Canadian Natural Resources,Peace River,Heavy Oil,Colorado Group,56.5428,-117.1452,2010-11-25,2011-03-26,807.8,Producing,27.4,0.4,70.0,1.58,91454.0,92.0,124240.0
AB-102799,Whitecap Resources,Medicine Hat,Gas,Viking,50.2168,-110.9166,2002-10-19,2003-01-06,1833.7,Producing,62.8,0.4,72.6,12.92,1820.0,10367.0,4895.0
AB-102800,Cenovus Energy,Athabasca,Oil Sands,Cardium,58.0442,-111.5708,2015-10-23,2016-04-15,1820.0,Orphan,20.8,0.0,72.7,26.24,57118.0,53.0,155618.0
AB-102801,Cenovus Energy,Cold Lake,Heavy Oil,Viking,54.6179,-110.003,2017-06-12,2017-10-19,1840.3,Producing,23.3,3.9,,12.24,72740.0,764.0,70056.0
AB-102802,Canadian Natural Resources,Athabasca,Heavy Oil,Viking,57.5914,-110.5821,2001-03-10,2001-07-02,1464.5,Producing,68.5,0.1,85.9,28.68,376335.0,83.0,218876.0
AB-102803,Crescent Point Energy,Medicine Hat,Oil Sands,Cardium,49.8391,-110.9006,2009-01-18,2009-03-19,1003.5,Abandoned,46.9,0.0,82.0,17.75,189796.0,78.0,91491.0
AB-102804,Obsidian Energy,Medicine Hat,Oil Sands,Montney,50.0872,-110.8997,2004-02-06,2004-05-03,1636.9,Producing,85.3,0.6,47.8,31.45,317028.0,72.0,153448.0
AB-102805,Baytex Energy,Cold Lake,Heavy Oil,Viking,54.4235,-110.165,2007-12-12,2008-06-05,1496.2,Producing,43.9,1.3,81.8,4.61,264857.0,18.0,599573.0
AB-102806,Baytex Energy,Lloydminster,Oil Sands,Colorado Group,53.2167,-109.8869,2023-05-13,2023-09-22,2770.2,Producing,23.6,10.3,61.3,8.15,17457.0,456.0,14675.0
AB-102807,Cenovus Energy,Lloydminster,Oil,Colorado Group,53.3652,-110.0788,2007-02-05,2007-03-02,1425.6,Abandoned,43.3,0.0,87.2,19.21,181131.0,16.0,338934.0
AB-102808,Baytex Energy,Athabasca,Heavy Oil,Montney,58.4985,-111.3015,2009-02-23,2009-07-24,1406.5,Suspended,51.0,0.0,74.9,31.4,145744.0,23.0,340137.0
AB-102809,Suncor Energy,Medicine Hat,Oil,Duvernay,50.0838,-110.5381,2022-04-07,2022-07-21,1768.2,Producing,72.9,24.1,34.0,28.75,52486.0,252.0,27355.0
AB-102810,Athabasca Oil Corp,Athabasca,Heavy Oil,Bakken,58.1882,-111.7058,2022-12-05,2023-04-20,1189.3,Producing,32.3,17.4,44.0,11.44,36024.0,58.0,85258.0
AB-102811,Cenovus Energy,Cold Lake,Oil,Duvernay,54.2572,-110.3534,2017-08-01,2018-01-17,2674.4,Producing,18.0,8.1,31.7,12.14,45766.0,4.0,38813.0
AB-102812,Imperial Oil,Medicine Hat,Oil,Colorado Group,50.312,-110.503,2019-06-03,2019-10-31,2377.4,Producing,37.5,7.5,28.7,27.38,53745.0,981.0,153306.0
AB-102813,Baytex Energy,Athabasca,Heavy Oil,Clearwater,57.4828,-111.6267,2011-07-27,2011-08-11,1147.6,Producing,60.5,11.3,76.9,3.3,315578.0,1364.0,590642.0
AB-102814,MEG Energy,Cold Lake,Gas,Colorado Group,54.7338,-109.9278,2007-01-19,2007-04-08,471.5,Producing,175.8,0.3,58.9,28.4,4348.0,23569.0,5716.0
AB-102815,Obsidian Energy,Cold Lake,Gas,Montney,54.5469,-110.1653,2012-12-20,2013-03-23,3070.8,Producing,71.8,3.5,75.5,9.28,2321.0,2893.0,5358.0
AB-102816,Obsidian Energy,Medicine Hat,Oil,Cardium,50.4009,-110.7384,2019-12-01,2020-02-06,2043.9,Suspended,17.2,0.0,53.1,2.25,33780.0,1168.0,68423.0
AB-102817,Whitecap Resources,Peace River,Heavy Oil,Viking,56.9584,-116.5468,1999-12-14,2000-02-04,2183.0,Producing,448.6,8.9,67.3,38.52,2454961.0,6.0,5244849.0
AB-102818,Cenovus Energy,Athabasca,Oil,Montney,56.9788,-111.1557,2014-09-12,2015-01-04,1650.9,Suspended,82.1,0.0,34.8,25.84,188261.0,302.0,308521.0
AB-102819,Imperial Oil,Grande Prairie,Oil,McMurray,55.1628,-118.7093,1999-12-21,2000-05-28,1309.8,Producing,110.2,0.7,46.4,36.92,934393.0,2059.0,1797140.0
AB-102820,Crescent Point Energy,Peace River,Oil Sands,Viking,56.7341,-116.517,2017-05-10,2017-08-21,2277.2,Producing,554.4,76.0,46.9,3.22,1368876.0,3.0,2351833.0
AB-102821,Obsidian Energy,Peace River,Gas,Viking,56.3153,-116.5657,2013-12-17,2014-01-18,1333.2,Abandoned,235.2,0.0,94.3,17.08,1960.0,872.0,5016.0
AB-102822,Canadian Natural Resources,Medicine Hat,Oil Sands,Cardium,50.1939,-110.7125,2019-02-22,2019-03-31,2152.1,Producing,2260.8,67.9,27.7,16.59,267104.0,2997.0,298490.0
AB-102823,Cenovus Energy,Cold Lake,Gas,Duvernay,54.6422,-110.4671,2002-08-12,2002-10-25,1657.5,Producing,30.9,0.0,66.1,23.18,2607.0,2518.0,3106.0
AB-102824,MEG Energy,Lloydminster,Oil,Clearwater,53.223,-109.9801,2016-02-20,2016-08-01,1793.8,Suspended,65.2,0.0,34.1,32.41,144684.0,55.0,118674.0
AB-102825,Suncor Energy,Cold Lake,Gas,Montney,54.0474,-109.9633,2017-09-17,2018-02-10,1006.6,Abandoned,145.6,0.0,79.8,18.42,1474.0,1797.0,717.0
AB-102826,MEG Energy,Lloydminster,Gas,Viking,53.2926,-109.9518,1998-07-13,1998-11-18,1496.4,Abandoned,139.4,0.0,86.4,38.29,951.0,80.0,1179.0
AB-102827,Imperial Oil,Grande Prairie,Gas,Clearwater,55.0322,-118.6953,1999-06-11,1999-10-13,1722.2,Suspended,272.4,0.0,84.7,31.95,1742.0,5009.0,3112.0
AB-102828,Canadian Natural Resources,Grande Prairie,Oil,Montney,55.0863,-118.6479,2003-01-16,2003-05-17,1052.3,Abandoned,165.0,0.0,,6.59,809231.0,138.0,1117657.0
AB-102829,Obsidian Energy,Peace River,Oil,Viking,56.4513,-117.394,2014-07-08,2014-11-01,2251.3,Orphan,66.7,0.0,,2.79,189410.0,41.0,191093.0
AB-102830,Baytex Energy,Cold Lake,Oil,Montney,54.7786,-110.3528,2001-12-02,2002-04-08,3535.0,Suspended,224.8,0.0,98.0,1.8,1503733.0,501.0,1658204.0
AB-102831,Canadian Natural Resources,Peace River,Heavy Oil,Montney,56.5448,-116.8097,2022-08-15,2022-12-18,1124.1,Producing,296.7,156.1,42.1,22.29,261033.0,411.0,585948.0
AB-102832,Athabasca Oil Corp,Grande Prairie,Oil,Bakken,55.3537,-118.572,2010-01-24,2010-02-16,1005.1,Producing,62.4,11.1,61.7,30.85,259684.0,6.0,87416.0
AB-102833,MEG Energy,Medicine Hat,Oil,Cardium,50.3893,-110.6073,2011-06-11,2011-10-29,1132.8,Suspended,41.5,0.0,73.2,23.79,97663.0,77.0,271972.0
AB-102834,Whitecap Resources,Lloydminster,Heavy Oil,Montney,52.8941,-109.8517,2009-05-08,2009-06-28,1995.5,Producing,63.6,1.6,73.3,19.01,180330.0,53.0,77672.0
AB-102835,Canadian Natural Resources,Athabasca,Oil,Duvernay,57.775,-111.994,2008-05-12,2008-07-30,1936.9,Suspended,157.0,0.0,51.8,36.01,541698.0,160.0,466562.0
AB-102836,Imperial Oil,Medicine Hat,Oil Sands,McMurray,50.3671,-110.9835,2017-12-22,2018-04-01,1887.3,Abandoned,184.2,0.0,61.8,12.53,321426.0,39.0,286643.0
AB-102837,Suncor Energy,Grande Prairie,Heavy Oil,Viking,54.941,-119.3115,2001-07-18,2002-01-05,2018.4,Producing,474.5,35.9,49.9,4.5,4018112.0,43.0,3969341.0
AB-102838,Obsidian Energy,Lloydminster,Gas,Duvernay,52.87,-109.6292,2012-05-05,2012-05-21,706.1,Orphan,97.1,0.0,,11.32,4992.0,1154.0,10476.0
AB-102839,Athabasca Oil Corp,Peace River,Heavy Oil,McMurray,56.1099,-116.5167,2020-01-06,2020-01-22,1281.4,Producing,24.0,3.0,34.8,34.42,50382.0,98.0,127314.0
AB-102840,Athabasca Oil Corp,Medicine Hat,Gas,Duvernay,49.8511,-110.5502,2013-03-01,2013-07-02,782.2,Producing,123.4,8.0,64.8,19.3,2827.0,182.0,3089.0
AB-102841,Suncor Energy,Lloydminster,Oil Sands,Colorado Group,52.9127,-109.9131,2020-01-24,2020-03-13,2212.4,Producing,30.8,9.6,58.7,35.45,52087.0,3348.0,94069.0
AB-102842,Obsidian Energy,Cold Lake,Oil,Colorado Group,54.7167,-109.9806,2022-12-18,2023-01-10,2211.3,Orphan,35.3,0.0,43.2,27.45,31440.0,10.0,22551.0
AB-102843,Obsidian Energy,Cold Lake,Heavy Oil,Montney,54.7611,-109.934,2009-12-05,2010-05-08,2028.0,Producing,25.9,0.3,95.7,13.22,102421.0,107.0,175973.0
AB-102844,Suncor Energy,Grande Prairie,Heavy Oil,Viking,55.2243,-118.9226,2009-07-26,2009-10-15,2209.1,Abandoned,85.4,0.0,62.3,6.2,278521.0,576.0,794521.0
AB-102845,Canadian Natural Resources,Medicine Hat,Oil,Clearwater,50.0081,-111.0748,2003-01-13,2003-05-01,2852.6,Producing,32.6,0.1,91.5,34.09,149302.0,207.0,253953.0
AB-102846,Suncor Energy,Grande Prairie,Gas,McMurray,55.0146,-119.4485,2021-06-04,2021-09-05,2857.4,Suspended,98.5,0.0,,5.54,407.0,1046.0,602.0
AB-102847,Obsidian Energy,Cold Lake,Heavy Oil,Duvernay,54.6912,-110.2491,2022-09-08,2022-11-23,2065.1,Producing,202.7,146.2,43.3,30.69,205740.0,282.0,306191.0
AB-102848,Obsidian Energy,Athabasca,Gas,Bakken,56.8113,-110.743,2001-03-15,2001-06-22,1044.1,Producing,113.8,1.9,97.9,36.61,2572.0,6372.0,3999.0
AB-102849,Whitecap Resources,Athabasca,Oil,Colorado Group,57.0104,-111.7113,2008-01-14,2008-05-29,2408.7,Suspended,18.6,0.0,,23.06,65316.0,203.0,142753.0
AB-102850,Baytex Energy,Peace River,Oil,Montney,56.0693,-117.1753,2004-03-22,2004-09-07,1792.0,Producing,86.9,0.3,48.3,3.08,293365.0,144.0,796607.0
AB-102851,Suncor Energy,Peace River,Oil Sands,Duvernay,56.8164,-116.5788,2013-02-12,2013-05-17,3357.6,Producing,68.9,2.1,73.5,36.4,238671.0,232.0,279800.0
AB-102852,Whitecap Resources,Cold Lake,Oil Sands,Clearwater,54.3546,-110.1547,2001-03-14,2001-04-19,1905.4,Producing,202.8,0.9,87.0,37.86,1209435.0,350.0,1395294.0
AB-102853,Imperial Oil,Athabasca,Heavy Oil,McMurray,56.6228,-110.8506,2013-01-27,2013-06-28,2644.0,Abandoned,66.9,0.0,53.4,3.12,264674.0,954.0,364796.0
AB-102854,Obsidian Energy,Grande Prairie,Oil,Cardium,55.3388,-118.9297,2015-09-16,2016-03-01,2919.7,Producing,128.0,8.9,56.2,32.08,308744.0,12.0,351243.0
AB-102855,MEG Energy,Lloydminster,Gas,McMurray,53.1684,-109.5648,2019-05-07,2019-08-24,2016.0,Producing,38.2,6.5,53.3,7.88,4439.0,4480.0,4298.0
AB-102856,MEG Energy,Peace River,Gas,Duvernay,56.6994,-117.0768,2019-04-11,2019-08-29,2179.4,Producing,33.1,10.1,24.2,30.76,1293.0,1316.0,1963.0
AB-102857,Imperial Oil,Medicine Hat,Heavy Oil,Cardium,50.2361,-110.6708,2003-07-24,2003-09-24,1608.3,Suspended,44.1,0.0,70.8,38.68,229266.0,46.0,392422.0
AB-102858,Canadian Natural Resources,Lloydminster,Gas,McMurray,53.2872,-109.8299,2019-02-25,2019-04-02,641.7,Abandoned,307.4,0.0,50.4,20.77,3366.0,16758.0,8347.0
AB-102859,Whitecap Resources,Lloydminster,Gas,Viking,52.9028,-110.0192,2018-07-18,2018-10-27,3149.4,Orphan,11.0,0.0,81.6,7.67,723.0,3481.0,457.0
AB-102860,Athabasca Oil Corp,Cold Lake,Gas,Cardium,54.6385,-110.3907,2002-09-16,2002-10-29,1146.5,Producing,138.9,0.8,52.8,22.81,2570.0,6733.0,2441.0
AB-102861,Canadian Natural Resources,Lloydminster,Gas,Montney,53.3145,-109.7869,2002-09-05,2003-01-24,2959.8,Producing,228.5,0.1,84.1,8.66,4514.0,2716.0,13196.0
AB-102862,Imperial Oil,Lloydminster,Oil,Clearwater,52.8785,-109.7035,2023-02-26,2023-04-23,1788.6,Producing,78.7,28.2,57.5,25.95,58637.0,25.0,74587.0
AB-102863,MEG Energy,Grande Prairie,Oil Sands,Montney,55.3292,-118.5322,2023-03-25,2023-07-25,1610.9,Producing,132.9,54.2,35.1,18.34,61021.0,122.0,169110.0
AB-102864,Baytex Energy,Cold Lake,Gas,Bakken,54.0677,-110.3283,2012-07-26,2012-10-20,1837.3,Producing,52.9,0.8,73.7,39.87,2168.0,11257.0,844.0
AB-102865,Suncor Energy,Peace River,Oil,Bakken,56.3682,-117.3002,2011-02-22,2011-04-22,1565.9,Producing,86.6,0.8,42.5,25.8,307121.0,1083.0,606418.0
AB-102866,Suncor Energy,Medicine Hat,Gas,Viking,50.1174,-111.1361,2001-01-18,2001-02-09,2133.7,Abandoned,174.9,0.0,94.5,17.17,4476.0,3138.0,2728.0
AB-102867,,Athabasca,Gas,Duvernay,56.0941,-111.778,2010-05-10,2010-11-03,1063.8,Suspended,81.5,0.0,74.7,13.58,1603.0,15137.0,725.0
AB-102868,Crescent Point Energy,Grande Prairie,Gas,Colorado Group,55.5533,-119.3406,2000-05-13,2000-06-07,1594.7,Orphan,103.1,0.0,70.4,10.88,1297.0,3208.0,953.0
AB-102869,Imperial Oil,Athabasca,Gas,Duvernay,58.4377,-111.6283,2023-10-12,2024-04-08,3082.0,Producing,76.9,42.9,78.6,6.56,667.0,7470.0,1483.0
AB-102870,Athabasca Oil Corp,Medicine Hat,Gas,Duvernay,50.3125,-110.9782,2022-03-05,2022-04-04,1470.3,Suspended,164.3,0.0,20.0,30.92,1467.0,6727.0,1665.0
AB-102871,Baytex Energy,Medicine Hat,Gas,Colorado Group,49.8839,-111.0539,2003-10-20,2004-03-05,1218.3,Producing,108.3,1.6,69.6,12.69,2840.0,409.0,7477.0
AB-102872,Obsidian Energy,Lloydminster,Oil,Clearwater,53.0253,-110.0004,2007-06-02,2007-10-07,1640.1,Producing,23.3,0.4,83.6,3.17,144029.0,792.0,404401.0
AB-102873,Baytex Energy,Grande Prairie,Oil,Viking,55.0705,-119.2914,1999-02-14,1999-03-12,2324.7,Producing,210.8,0.1,68.1,23.97,1564931.0,295.0,1575916.0
AB-102874,Suncor Energy,Medicine Hat,Oil,Duvernay,50.1347,-110.734,2016-12-02,2017-05-22,1009.2,Producing,312.9,71.6,98.0,20.3,658212.0,289.0,794579.0
AB-102875,Imperial Oil,Medicine Hat,Oil,Cardium,50.3792,-111.0275,2001-11-07,2002-02-05,2108.6,Abandoned,42.1,0.0,85.9,8.11,350445.0,51.0,627824.0
AB-102876,Suncor Energy,Medicine Hat,Oil,Cardium,49.829,-111.155,2003-11-18,2004-02-12,2433.2,Producing,233.5,0.5,86.8,25.75,950112.0,482.0,535303.0
AB-102877,Suncor Energy,Medicine Hat,Heavy Oil,Clearwater,49.9605,-110.6564,2018-03-18,2018-04-09,2585.7,Abandoned,39.8,0.0,25.9,7.45,80758.0,310.0,214207.0
AB-102878,Athabasca Oil Corp,Athabasca,Heavy Oil,Viking,57.9366,-111.4978,2011-04-08,2011-07-22,1054.1,Producing,142.7,1.1,78.8,2.7,650077.0,164.0,282425.0
AB-102879,,Lloydminster,Gas,Bakken,53.1782,-110.0695,2021-02-27,2021-04-24,1179.8,Producing,790.9,222.4,43.4,35.8,4977.0,1917.0,12054.0
AB-102880,Canadian Natural Resources,Athabasca,Oil Sands,Colorado Group,57.1871,-111.7577,2013-04-22,2013-10-05,2201.6,Suspended,36.8,0.0,80.3,13.39,79007.0,31.0,80159.0
AB-102881,Whitecap Resources,Athabasca,Oil Sands,McMurray,57.5664,-110.519,2001-12-26,2002-02-21,2263.0,Producing,95.9,0.2,77.6,22.65,726611.0,629.0,238826.0
AB-102882,Baytex Energy,Grande Prairie,Gas,Clearwater,55.3116,-119.0385,1998-09-13,1999-02-16,2041.2,Producing,8.1,0.0,81.2,39.37,2998.0,9937.0,7915.0
AB-102883,Baytex Energy,Athabasca,Heavy Oil,Duvernay,57.6678,-111.0524,2023-12-21,2024-06-11,2092.6,Producing,90.7,62.1,,28.05,50023.0,575.0,119361.0
AB-102884,Whitecap Resources,Medicine Hat,Oil,Clearwater,49.968,-110.5723,2001-08-10,2001-11-03,1161.3,Producing,10.9,1.0,77.6,2.21,48052.0,18.0,42481.0
AB-102885,Imperial Oil,Grande Prairie,Gas,Montney,55.142,-118.8979,2007-05-20,2007-08-21,1535.2,Suspended,42.8,0.0,92.8,35.86,3724.0,6168.0,4244.0
AB-102886,Whitecap Resources,Athabasca,Oil Sands,Cardium,58.1533,-111.6397,2003-04-05,2003-10-01,1487.6,Abandoned,173.3,0.0,90.2,37.29,978887.0,280.0,1661715.0
AB-102887,Athabasca Oil Corp,Cold Lake,Oil,Colorado Group,54.1578,-109.8204,2000-10-27,2001-04-01,1416.7,Producing,60.6,0.4,48.1,22.57,378025.0,64.0,455312.0
AB-102888,Athabasca Oil Corp,Lloydminster,Oil,McMurray,53.3627,-109.5209,1999-11-15,2000-03-13,2792.2,Orphan,21.5,0.0,74.7,10.9,118714.0,9.0,267033.0
AB-102889,Imperial Oil,Lloydminster,Heavy Oil,Colorado Group,53.124,-109.8704,2003-04-05,2003-06-03,3107.8,Abandoned,455.1,0.0,87.2,19.71,2446005.0,92.0,4174611.0
AB-102890,Suncor Energy,Lloydminster,Gas,Colorado Group,53.011,-109.8684,2008-07-23,2008-11-24,1918.0,Abandoned,144.1,0.0,36.3,23.95,4138.0,59871.0,9278.0
AB-102891,Canadian Natural Resources,Athabasca,Oil Sands,Montney,56.5037,-111.861,2000-10-05,2000-12-30,1755.3,Producing,179.4,0.1,,30.47,1131217.0,662.0,437119.0
AB-102892,Canadian Natural Resources,Athabasca,Oil,Colorado Group,58.4287,-110.6138,2019-04-19,2019-07-30,1921.8,Suspended,32.1,0.0,38.2,16.94,76068.0,127.0,140426.0
AB-102893,Athabasca Oil Corp,Cold Lake,Oil Sands,Clearwater,54.7291,-110.293,2006-02-13,2006-07-06,823.1,Producing,62.0,3.6,70.6,32.55,214855.0,428.0,217373.0
AB-102894,Imperial Oil,Lloydminster,Oil Sands,Bakken,53.388,-110.1231,2004-11-01,2005-01-30,2444.3,Orphan,44.6,0.0,43.1,30.74,230874.0,227.0,561116.0
AB-102895,MEG Energy,Cold Lake,Gas,Clearwater,54.5838,-110.0604,2011-08-11,2011-10-04,996.7,Producing,111.0,1.5,81.1,21.35,2852.0,13450.0,4589.0
AB-102896,Crescent Point Energy,Grande Prairie,Oil,Bakken,54.9097,-118.8831,2012-11-13,2013-01-23,2354.5,Abandoned,20.7,0.0,87.1,12.23,73501.0,16.0,166782.0
AB-102897,Cenovus Energy,Medicine Hat,Oil Sands,Clearwater,50.2361,-111.0571,2018-05-02,2018-07-23,1258.6,Abandoned,158.8,0.0,32.5,35.67,366840.0,192.0,328474.0
AB-102898,Whitecap Resources,Peace River,Oil Sands,Bakken,56.4432,-116.7162,1998-08-05,1998-09-28,1456.7,Suspended,62.6,0.0,71.8,16.14,464640.0,115.0,842579.0
AB-102899,Canadian Natural Resources,Peace River,Oil,Duvernay,56.2891,-117.2418,2015-07-13,2016-01-06,2334.2,Producing,54.4,10.8,35.5,10.77,104851.0,176.0,84517.0
AB-102900,,Lloydminster,Oil Sands,Duvernay,53.1112,-109.5079,2009-09-25,2010-02-18,1989.1,Suspended,115.9,0.0,76.8,31.21,439346.0,81.0,1175191.0
AB-102901,Cenovus Energy,Medicine Hat,Oil Sands,Duvernay,50.0484,-110.9643,2008-07-15,2008-07-30,1573.5,Suspended,12.4,0.0,,6.18,58405.0,28.0,44253.0
AB-102902,Baytex Energy,Athabasca,Heavy Oil,Montney,57.276,-111.6715,2001-07-10,2001-12-06,2080.4,Producing,52.4,6.7,73.9,19.89,296493.0,92.0,332581.0
AB-102903,Whitecap Resources,Grande Prairie,Heavy Oil,Cardium,55.3315,-119.1781,2019-01-10,2019-03-27,1052.7,Producing,32.6,2.9,32.2,15.58,52775.0,131.0,114612.0
AB-102904,Canadian Natural Resources,Medicine Hat,Gas,Duvernay,50.2156,-110.5181,2004-03-10,2004-06-04,1638.4,Producing,31.0,5.2,79.2,13.47,4060.0,45038.0,10343.0
AB-102905,Obsidian Energy,Athabasca,Gas,Viking,57.2366,-111.008,1998-04-17,1998-07-07,1063.4,Suspended,29.8,0.0,64.6,27.93,2487.0,4280.0,6694.0
AB-102906,Obsidian Energy,Grande Prairie,Oil,Bakken,54.8349,-118.7407,1999-10-17,2000-03-23,2150.9,Producing,56.8,4.0,82.6,11.82,280302.0,20.0,370999.0
AB-102907,Athabasca Oil Corp,Cold Lake,Oil Sands,Colorado Group,54.2212,-110.4479,1998-02-23,1998-08-19,2004.1,Suspended,78.7,0.0,96.3,15.25,402673.0,332.0,200854.0
AB-102908,Crescent Point Energy,Athabasca,Heavy Oil,Colorado Group,56.6431,-111.9619,1998-05-18,1998-07-14,2859.7,Suspended,98.6,0.0,83.0,24.33,412851.0,716.0,404205.0
AB-102909,Obsidian Energy,Medicine Hat,Heavy Oil,Montney,50.09,-110.4977,2018-05-01,2018-08-24,329.9,Producing,177.3,19.7,50.8,12.43,411350.0,1100.0,903194.0
AB-102910,Cenovus Energy,Cold Lake,Heavy Oil,McMurray,54.5394,-109.8639,1999-06-16,1999-07-07,2249.3,Producing,82.5,0.9,98.0,2.7,694913.0,1207.0,2079856.0
AB-102911,Crescent Point Energy,Cold Lake,Oil Sands,Bakken,54.4684,-109.8306,2001-01-11,2001-02-01,300.0,Suspended,8.9,0.0,98.0,7.73,75382.0,24534.0,148808.0
AB-102912,Whitecap Resources,Peace River,Oil,Colorado Group,56.903,-117.1736,2022-03-02,2022-08-02,1990.9,Producing,77.4,51.9,13.8,16.46,45745.0,31.0,127602.0
AB-102913,Obsidian Energy,Lloydminster,Oil Sands,Duvernay,52.8885,-109.8057,2009-04-22,2009-08-10,1738.1,Orphan,130.7,0.0,,38.24,508579.0,478.0,263454.0
AB-102914,MEG Energy,Lloydminster,Gas,Cardium,53.2976,-110.0817,2015-04-23,2015-09-30,1008.5,Producing,110.7,2.8,98.0,29.52,2574.0,332.0,5920.0
AB-102915,Athabasca Oil Corp,Grande Prairie,Gas,Viking,55.1192,-118.7466,2005-07-22,2005-12-29,1294.4,Suspended,57.0,0.0,68.4,25.91,647.0,802.0,993.0
AB-102916,Imperial Oil,Lloydminster,Gas,Montney,53.0257,-109.7575,2020-02-05,2020-06-11,2710.6,Producing,41.7,9.3,20.7,34.84,4855.0,3549.0,13366.0
AB-102917,Obsidian Energy,Athabasca,Gas,Viking,56.6447,-110.7174,2014-07-09,2014-12-02,2173.2,Producing,16.4,1.2,69.6,14.46,3764.0,14075.0,11229.0
AB-102918,MEG Energy,Lloydminster,Gas,Cardium,53.187,-109.8723,2010-04-07,2010-06-10,2815.8,Abandoned,138.6,0.0,58.1,30.15,4759.0,8796.0,12346.0
AB-102919,Athabasca Oil Corp,Athabasca,Gas,Viking,57.7775,-111.8141,2007-11-12,2007-11-29,1875.8,Producing,44.9,0.1,79.6,5.76,2146.0,6476.0,2680.0
AB-102920,Suncor Energy,Athabasca,Oil,Cardium,57.7039,-110.8717,1998-09-23,1998-12-02,1419.5,Suspended,30.9,0.0,98.0,31.11,144993.0,115.0,233575.0
AB-102921,Suncor Energy,Cold Lake,Heavy Oil,Montney,54.655,-110.0286,2012-07-13,2012-08-30,1106.5,Producing,258.1,43.7,25.7,30.57,1133187.0,86.0,664994.0
AB-102922,Imperial Oil,Grande Prairie,Heavy Oil,Clearwater,55.4183,-118.5295,2000-05-05,2000-05-28,1250.6,Producing,171.0,2.2,54.8,26.83,773635.0,11.0,816330.0
AB-102923,Obsidian Energy,Medicine Hat,Oil,Montney,50.0273,-110.9749,2005-11-08,2005-12-28,1862.5,Producing,56.2,10.2,67.7,15.07,217037.0,160.0,629922.0
AB-102924,Whitecap Resources,Peace River,Oil,Viking,56.239,-116.6731,2000-11-05,2001-03-08,2327.6,Producing,141.2,0.7,76.3,16.42,1080519.0,32.0,943561.0
AB-102925,MEG Energy,Medicine Hat,Oil,McMurray,50.0413,-110.905,2003-04-01,2003-08-24,2211.7,Producing,16.5,1.6,98.0,9.23,95509.0,44.0,237451.0
AB-102926,Baytex Energy,Peace River,Heavy Oil,Viking,56.689,-116.9224,2022-10-07,2023-01-27,1582.1,Orphan,31.1,0.0,52.6,1.64,35905.0,291.0,34477.0
AB-102927,Suncor Energy,Athabasca,Oil Sands,Cardium,57.9064,-111.0891,2009-05-06,2009-06-05,1331.5,Suspended,43.6,0.0,47.0,25.73,126781.0,7.0,70191.0
AB-102928,,Peace River,Oil,McMurray,56.6123,-117.2785,2022-07-24,2023-01-15,2267.5,Producing,23.6,8.0,43.0,3.26,16287.0,406.0,32209.0
AB-102929,Baytex Energy,Grande Prairie,Gas,Clearwater,55.3035,-119.1993,1998-03-15,1998-05-27,1348.3,Producing,29.0,0.2,58.4,8.77,3604.0,5132.0,9930.0
AB-102930,Crescent Point Energy,Medicine Hat,Oil,McMurray,49.9294,-110.4303,2001-02-26,2001-06-07,3568.9,Producing,25.0,0.0,67.7,29.24,192039.0,70.0,159083.0
AB-102931,Athabasca Oil Corp,Lloydminster,Heavy Oil,Duvernay,53.2768,-110.1659,2012-09-11,2012-11-21,2162.4,Abandoned,58.3,0.0,,15.91,255248.0,57.0,621680.0
AB-102932,Suncor Energy,Grande Prairie,Oil,Bakken,55.2547,-119.4305,2002-08-15,2003-02-04,1348.6,Producing,85.9,0.4,47.3,8.71,575992.0,72.0,1249521.0
AB-102933,Imperial Oil,Grande Prairie,Oil Sands,Bakken,54.9361,-118.8121,2022-12-02,2022-12-21,2095.5,Orphan,18.0,0.0,43.3,4.28,16010.0,437.0,19262.0
AB-102934,Cenovus Energy,Peace River,Heavy Oil,Viking,56.7231,-117.4387,2007-03-26,2007-07-12,3050.2,Producing,23.0,0.8,98.0,24.23,85118.0,24.0,154244.0
AB-102935,Crescent Point Energy,Grande Prairie,Oil Sands,Montney,54.9697,-118.5732,2008-02-03,2008-03-31,1212.7,Producing,180.7,1.9,47.7,30.87,1153360.0,55.0,3082874.0
AB-102936,Suncor Energy,Medicine Hat,Oil,Viking,50.344,-111.002,2013-09-22,2014-03-08,1763.5,Producing,22.0,2.0,53.3,18.63,94185.0,701.0,244262.0
AB-102937,Athabasca Oil Corp,Lloydminster,Gas,Duvernay,53.0209,-109.8554,2021-05-19,2021-07-06,537.8,Producing,44.0,12.0,41.2,15.13,2176.0,33671.0,3561.0
AB-102938,MEG Energy,Medicine Hat,Heavy Oil,Colorado Group,49.8361,-110.6982,2019-02-05,2019-04-18,2150.0,Producing,90.7,33.2,39.9,18.84,232892.0,197.0,531802.0
AB-102939,Crescent Point Energy,Grande Prairie,Oil,Montney,55.3904,-118.6402,2012-09-21,2013-01-06,2261.6,Producing,57.8,0.9,42.3,27.97,204971.0,784.0,193671.0
AB-102940,Crescent Point Energy,Grande Prairie,Oil,Montney,55.4602,-119.1584,2001-10-12,2001-12-22,1471.4,Producing,298.4,14.8,79.9,34.08,1757599.0,81.0,5174497.0
AB-102941,Imperial Oil,Peace River,Gas,McMurray,56.1771,-116.7474,2007-09-12,2007-11-11,1029.1,Abandoned,155.2,0.0,62.7,28.65,3660.0,22009.0,6873.0
AB-102942,MEG Energy,Grande Prairie,Oil,Duvernay,55.0431,-118.5358,2007-12-08,2008-05-15,1940.6,Abandoned,131.2,0.0,58.7,7.4,830627.0,26.0,645775.0
AB-102943,MEG Energy,Cold Lake,Heavy Oil,Viking,54.3372,-110.4818,2010-04-09,2010-07-29,1591.4,Abandoned,107.1,0.0,60.2,26.93,458453.0,95.0,984082.0
AB-102944,Baytex Energy,Grande Prairie,Oil,Clearwater,55.5411,-119.0683,1999-11-19,2000-03-04,2696.0,Producing,140.8,0.1,86.3,21.11,968225.0,1069.0,2801795.0
AB-102945,Canadian Natural Resources,Grande Prairie,Gas,Colorado Group,55.233,-119.3967,2016-06-01,2016-11-03,2433.3,Abandoned,92.1,0.0,59.1,22.8,152.0,11986.0,223.0
AB-102946,Whitecap Resources,Medicine Hat,Oil Sands,McMurray,49.9539,-110.9377,2000-02-02,2000-07-28,369.2,Suspended,67.1,0.0,98.0,4.95,478492.0,43.0,1090915.0
AB-102947,Baytex Energy,Grande Prairie,Oil,Cardium,55.4742,-118.5532,2014-11-01,2015-01-13,1865.4,Abandoned,358.2,0.0,46.1,20.18,1124604.0,15.0,383232.0
AB-102948,Cenovus Energy,Grande Prairie,Oil Sands,Montney,55.0088,-119.1082,2023-02-09,2023-06-01,1759.8,Producing,277.0,144.8,6.5,21.67,174976.0,90.0,257909.0
AB-102949,Baytex Energy,Lloydminster,Gas,Montney,53.2837,-109.6842,2000-07-14,2000-08-11,1732.4,Producing,92.9,4.7,74.7,26.35,2181.0,17907.0,5093.0
AB-102950,Cenovus Energy,Cold Lake,Oil,Duvernay,54.5929,-110.2658,2008-09-11,2008-11-05,1753.3,Producing,54.0,0.3,95.5,8.61,151391.0,143.0,338330.0
AB-102951,Imperial Oil,Medicine Hat,Gas,Clearwater,49.8627,-110.9341,2010-02-23,2010-08-02,2282.1,Suspended,138.2,0.0,81.0,6.3,1351.0,791.0,2431.0
AB-102952,Cenovus Energy,Cold Lake,Gas,McMurray,54.7877,-110.3255,2012-12-03,2013-01-21,1648.6,Producing,302.9,91.8,55.1,32.2,2320.0,165.0,1729.0
AB-102953,Suncor Energy,Grande Prairie,Oil Sands,Colorado Group,55.3306,-119.1508,2018-03-04,2018-07-14,2242.2,Producing,19.9,7.9,,3.18,24598.0,19.0,71943.0
AB-102954,Suncor Energy,Peace River,Oil Sands,Cardium,56.5975,-116.6331,2010-10-10,2011-01-16,727.6,Producing,73.0,4.2,52.8,4.73,269434.0,233.0,498369.0
AB-102955,Imperial Oil,Medicine Hat,Heavy Oil,Duvernay,49.8559,-111.1458,2010-01-27,2010-03-22,1730.2,Suspended,131.3,0.0,34.6,3.76,737442.0,195.0,993898.0
AB-102956,Imperial Oil,Peace River,Gas,Bakken,56.659,-117.1997,2021-05-10,2021-08-28,2190.0,Suspended,6.4,0.0,75.9,1.53,541.0,3391.0,1228.0
AB-102957,Suncor Energy,Medicine Hat,Gas,Cardium,50.1929,-111.17,2009-03-16,2009-07-11,832.2,Producing,34.2,0.2,87.5,37.87,1500.0,1426.0,1445.0
AB-102958,Crescent Point Energy,Medicine Hat,Gas,Colorado Group,49.9346,-110.4911,2016-04-13,2016-10-07,1589.8,Suspended,111.2,0.0,83.2,18.6,2565.0,4485.0,3108.0
AB-102959,Suncor Energy,Grande Prairie,Oil,Clearwater,55.0759,-119.4551,2000-09-26,2001-03-21,2665.9,Abandoned,52.0,0.0,86.0,33.48,341284.0,539.0,732175.0
AB-102960,Canadian Natural Resources,Medicine Hat,Oil,McMurray,50.4114,-110.7219,2019-03-13,2019-04-05,1866.0,Producing,109.5,34.5,36.6,22.47,135121.0,1541.0,401225.0
AB-102961,Imperial Oil,Cold Lake,Gas,Cardium,54.7419,-110.2954,2021-04-13,2021-05-01,2844.8,Producing,62.8,16.6,23.7,30.58,660.0,1626.0,1376.0
AB-102962,Whitecap Resources,Grande Prairie,Oil,Viking,55.3815,-119.0184,2009-08-09,2009-12-12,1474.8,Suspended,80.5,0.0,54.9,7.74,441099.0,606.0,643457.0
AB-102963,Baytex Energy,Medicine Hat,Oil,Viking,50.0009,-111.1084,2017-11-13,2018-04-16,1322.8,Producing,49.5,5.7,56.3,1.56,97156.0,213.0,182159.0
AB-102964,Obsidian Energy,Medicine Hat,Gas,Duvernay,49.9178,-110.9841,2009-07-05,2009-12-17,2243.7,Producing,176.5,0.8,36.9,8.56,1833.0,3894.0,3084.0
AB-102965,Baytex Energy,Athabasca,Oil Sands,Bakken,57.3573,-111.1897,2019-08-27,2020-01-27,1504.4,Suspended,73.8,0.0,19.9,24.45,121082.0,77.0,115384.0
AB-102966,Baytex Energy,Grande Prairie,Oil,McMurray,55.3921,-119.1391,2013-03-24,2013-06-24,941.7,Suspended,46.0,0.0,96.1,19.52,180387.0,17008.0,205819.0
AB-102967,Cenovus Energy,Medicine Hat,Oil Sands,Colorado Group,49.9946,-110.4929,1998-03-07,1998-05-05,2192.4,Producing,15.8,0.1,86.3,21.3,131126.0,95.0,382793.0
AB-102968,Athabasca Oil Corp,Lloydminster,Oil,Clearwater,53.2091,-109.8221,2014-11-27,2015-01-08,2068.0,Producing,101.2,5.7,41.7,10.74,402784.0,508.0,1044386.0
AB-102969,Cenovus Energy,Athabasca,Gas,Cardium,57.5924,-111.8524,2006-08-18,2007-01-10,1751.5,Producing,61.6,2.9,56.5,6.63,3178.0,1514.0,7361.0
AB-102970,Athabasca Oil Corp,Peace River,Heavy Oil,Bakken,56.7583,-117.3515,2023-10-15,2024-03-24,2501.1,Producing,92.5,57.0,38.2,2.43,53364.0,1081.0,113912.0
AB-102971,Athabasca Oil Corp,Athabasca,Oil Sands,Bakken,58.4458,-111.2593,2023-01-06,2023-01-22,638.5,Producing,213.7,118.0,54.1,23.43,200052.0,102.0,323671.0
AB-102972,Cenovus Energy,Peace River,Oil Sands,Montney,56.4168,-117.2162,2005-07-03,2005-10-10,3632.5,Abandoned,27.6,0.0,62.5,2.37,107628.0,201.0,204552.0
AB-102973,Suncor Energy,Cold Lake,Oil Sands,Colorado Group,54.3539,-110.2662,2015-05-06,2015-08-23,1835.2,Producing,33.4,0.9,98.0,24.05,93835.0,50.0,42226.0
AB-102974,Canadian Natural Resources,Medicine Hat,Heavy Oil,Viking,49.9268,-110.4844,2017-09-18,2017-12-07,1913.4,Orphan,154.7,0.0,31.5,7.72,471388.0,97.0,671110.0
AB-102975,Cenovus Energy,Medicine Hat,Oil,McMurray,50.3087,-111.0194,2015-05-22,2015-09-14,1219.1,Producing,529.3,67.8,57.2,32.25,1044632.0,166.0,610886.0
AB-102976,Cenovus Energy,Cold Lake,Oil,Bakken,54.604,-109.8101,2016-03-04,2016-03-24,1637.4,Abandoned,892.0,0.0,53.7,36.98,1745822.0,753.0,1432198.0
AB-102977,Obsidian Energy,Athabasca,Heavy Oil,Duvernay,57.2084,-110.7241,2010-05-18,2010-09-23,1332.2,Abandoned,124.6,0.0,,11.93,432737.0,1545.0,450073.0
AB-102978,MEG Energy,Cold Lake,Gas,Montney,54.487,-110.0177,2008-04-14,2008-06-27,1495.2,Producing,15.5,0.1,92.0,11.69,3372.0,6550.0,9346.0
AB-102979,Whitecap Resources,Peace River,Heavy Oil,Colorado Group,56.7267,-117.0037,2011-09-27,2011-11-21,2056.7,Abandoned,38.0,0.0,82.4,15.71,108217.0,76.0,141336.0
AB-102980,Imperial Oil,Cold Lake,Gas,Colorado Group,54.1332,-109.9293,2008-06-22,2008-07-20,1602.0,Suspended,146.7,0.0,89.7,14.09,797.0,5688.0,834.0
AB-102981,Obsidian Energy,Athabasca,Oil,Bakken,56.2205,-111.6675,2010-06-08,2010-11-02,2606.9,Producing,60.4,0.4,94.0,38.22,158615.0,12.0,222292.0
AB-102982,Whitecap Resources,Cold Lake,Gas,Colorado Group,54.7614,-110.1538,2001-06-16,2001-10-17,1931.9,Producing,134.4,0.2,51.9,14.96,4439.0,3598.0,2158.0
AB-102983,,Peace River,Oil Sands,Colorado Group,56.073,-117.0064,2021-07-06,2021-12-22,467.9,Producing,45.8,20.3,34.5,2.6,56813.0,846.0,30510.0
AB-102984,MEG Energy,Medicine Hat,Oil Sands,Colorado Group,49.8432,-110.6493,2023-01-06,2023-05-25,2326.0,Producing,46.9,21.5,12.2,8.03,33436.0,29.0,18890.0
AB-102985,Crescent Point Energy,Grande Prairie,Oil Sands,Colorado Group,55.0694,-118.5856,2016-10-17,2017-04-07,1045.4,Producing,87.5,36.0,21.6,29.78,251405.0,302.0,600326.0
AB-102986,Canadian Natural Resources,Lloydminster,Oil Sands,McMurray,52.9683,-109.5291,2018-04-18,2018-09-28,2520.6,Producing,524.8,69.3,46.9,2.58,1098229.0,83.0,3083088.0
AB-102987,Canadian Natural Resources,Athabasca,Oil,Colorado Group,57.8369,-110.9886,2021-08-16,2021-12-25,2367.0,Suspended,519.7,0.0,81.8,37.6,513066.0,119.0,699343.0
AB-102988,Canadian Natural Resources,Medicine Hat,Oil,Colorado Group,50.3032,-110.4895,2014-01-13,2014-06-23,1699.4,Orphan,105.1,0.0,24.0,6.14,322291.0,2330.0,619625.0
AB-102989,Athabasca Oil Corp,Medicine Hat,Oil Sands,Bakken,50.2958,-110.4073,1999-11-24,1999-12-22,1175.7,Producing,124.5,0.1,49.5,14.95,856406.0,32.0,465595.0
AB-102990,Suncor Energy,Lloydminster,Heavy Oil,Montney,53.038,-109.9987,2009-10-02,2009-12-24,1955.2,Suspended,241.9,0.0,82.8,11.2,1368636.0,18.0,3510566.0
AB-102991,Baytex Energy,Lloydminster,Oil Sands,Clearwater,53.3203,-109.5267,2000-06-25,2000-10-27,1048.3,Abandoned,54.2,0.0,80.6,11.61,427840.0,109.0,420926.0
AB-102992,Suncor Energy,Peace River,Oil Sands,Bakken,56.011,-117.0134,2017-04-20,2017-07-27,2344.0,Producing,23.6,6.5,81.7,24.01,35445.0,150.0,24021.0
AB-102993,Suncor Energy,Lloydminster,Gas,Montney,53.3552,-109.5699,2007-10-05,2008-01-13,1330.5,Producing,145.6,2.5,81.2,35.74,4981.0,9485.0,13100.0
AB-102994,Cenovus Energy,Peace River,Gas,Viking,56.615,-117.0536,2001-10-17,2001-11-11,440.2,Producing,65.8,5.5,73.4,34.9,1626.0,518.0,2050.0
AB-102995,Obsidian Energy,Grande Prairie,Gas,Cardium,54.9819,-119.215,2018-09-15,2019-02-13,977.6,Producing,240.5,32.9,83.3,29.12,3067.0,585.0,5770.0
AB-102996,Baytex Energy,Grande Prairie,Oil Sands,Clearwater,55.0395,-119.2357,2016-05-12,2016-07-16,1828.3,Producing,172.9,11.0,45.4,11.75,599156.0,26.0,714635.0
AB-102997,Canadian Natural Resources,Peace River,Gas,Colorado Group,56.6073,-116.5488,2016-04-25,2016-08-18,1357.6,Orphan,28.2,0.0,88.6,5.45,3741.0,3626.0,7472.0
AB-102998,Obsidian Energy,Cold Lake,Oil,Duvernay,54.5132,-109.9877,2002-09-25,2002-12-14,1786.3,Producing,1026.0,1.8,68.7,17.99,422147.0,218.0,170039.0
AB-102999,Cenovus Energy,Medicine Hat,Oil,Bakken,50.2224,-111.1705,2018-10-16,2019-04-04,1760.8,Producing,49.9,7.1,34.5,4.61,82420.0,842.0,116583.0
AB-101957,Athabasca Oil Corp,Cold Lake,Oil,Colorado Group,54.4635,-110.2381,2014-02-17,2014-07-04,2554.9,Producing,36.4,10.9,44.2,18.96,105510.0,2030.0,187392.0
AB-102087,Baytex Energy,Grande Prairie,Gas,Montney,55.1427,-118.5121,2000-03-12,2000-06-24,2205.6,Suspended,65.1,0.0,66.9,5.91,1773.0,2654.0,4991.0
AB-101394,Whitecap Resources,Grande Prairie,Gas,Colorado Group,54.8365,-118.8678,2007-02-06,2007-07-24,1145.9,Suspended,128.0,0.0,67.9,2.16,4003.0,2708.0,9717.0
AB-101520,Whitecap Resources,Cold Lake,Gas,Duvernay,54.7133,-109.9081,2017-06-04,2017-07-07,2871.6,Producing,6.1,0.7,38.7,24.25,3270.0,6266.0,8291.0
AB-101098,Baytex Energy,Lloydminster,Gas,McMurray,52.9512,-109.6506,2013-11-15,2014-04-12,1379.7,Producing,93.3,16.9,87.9,1.25,711.0,992.0,494.0
AB-100393,Suncor Energy,Lloydminster,Gas,Bakken,53.2007,-110.1716,2020-12-18,2021-05-03,2407.6,Suspended,45.9,0.0,40.3,8.15,3792.0,6230.0,1363.0
AB-100028,Cenovus Energy,Grande Prairie,Heavy Oil,Viking,54.9455,-119.1543,2000-11-18,2001-02-01,,Producing,32.7,2.3,92.1,20.63,240917.0,52.0,640517.0
AB-100099,MEG Energy,Cold Lake,Heavy Oil,Viking,54.0522,-110.1752,1998-10-20,1998-11-09,1237.6,Producing,9.8,0.5,58.3,14.91,75771.0,36.0,154210.0
AB-100351,Crescent Point Energy,Athabasca,Gas,Cardium,56.6576,-111.7546,2010-03-07,2010-08-05,2809.4,Suspended,109.8,0.0,95.6,1.94,1743.0,9981.0,3920.0
AB-102020,Crescent Point Energy,Athabasca,Oil Sands,Montney,56.7057,-111.4088,2018-09-08,2018-12-07,629.2,Suspended,38.7,0.0,68.1,13.86,82547.0,3530.0,194471.0
